Brand_Reg,Model_No,screensize,screensize_inch,Screen_Tech,Labelled energy consumption (kWh/year),Availability Status,Star2,SoldIn
philips,58BFL2114/12,146.068,58,led,322,available,5.5,"australia,fiji,new zealand"
philips,55HFL6114U/12,138.783,55,led,319,available,5.0,"australia,fiji,new zealand"
hisense,75U80G,189.34,75,led,1060,available,2.5,"australia,new zealand"
jvc,AV-H323115A,80.054,32,led,130,available,5.0,"australia,fiji"
bauhn,ATV58UHDW-0421,146.068,58,led,301,available,6.0,australia
jvc,AV-H437115A,107.901,43,led,235,available,4.5,"australia,fiji"
jvc,AV-H587115A,145.865,58,led,468,available,4.0,"australia,fiji"
jvc,AV-H657115A,163.791,65,led,580,available,4.0,"australia,fiji"
samsung,QA85QN90AAW,214.783,85,led,945,available,4.0,"australia,fiji,new zealand"
samsung,QA85QN90AAS,214.783,85,led,945,available,4.0,"australia,fiji,new zealand"
samsung,QA85QN90AA,214.783,85,led,945,available,4.0,"australia,fiji,new zealand"
bauhn,ATV70UHDW-0321,176.57,70,lcd,405,available,6.0,australia
kogan,KALED55RT9220SVA,138.783,55,led,320,available,5.0,"australia,fiji,new zealand"
kogan,LE-55N3,138.783,55,led,320,available,5.0,"australia,fiji,new zealand"
kogan,LE-55N1,138.783,55,led,320,available,5.0,"australia,fiji,new zealand"
kogan,LE-55S1,138.783,55,led,320,available,5.0,"australia,fiji,new zealand"
kogan,LE-55E1,138.783,55,led,320,available,5.0,"australia,fiji,new zealand"
kogan,LE-55F3,138.783,55,led,320,available,5.0,"australia,fiji,new zealand"
samsung,QA50Q80AAS,125.725,50,led,470,available,2.5,"australia,fiji,new zealand"
kogan,KALED65RT9210SVA,163.896,65,led,385,available,5.5,"australia,fiji,new zealand"
kogan,LE-65N3,163.896,65,led,385,available,5.5,"australia,fiji,new zealand"
kogan,LE-65E1,163.896,65,led,385,available,5.5,"australia,fiji,new zealand"
kogan,LE-65S1,163.896,65,led,385,available,5.5,"australia,fiji,new zealand"
kogan,LE-65N1,163.896,65,led,385,available,5.5,"australia,fiji,new zealand"
kogan,LE-65F3,163.896,65,led,385,available,5.5,"australia,fiji,new zealand"
kogan,*****65*****,163.896,65,led,385,available,5.5,"australia,fiji,new zealand"
samsung,BE43A-H,107.95,43,led,255,available,4.0,"australia,fiji,new zealand"
samsung,BE50A-H,125.725,50,led,335,available,4.0,"australia,fiji,new zealand"
teac,LE75L521,189.274,75,led,750,available,4.0,"australia,fiji,new zealand"
samsung,BE55A-H,138.711,55,led,310,available,5.0,"australia,fiji,new zealand"
samsung,BE65A-H,163.829,65,led,426,available,5.0,"australia,fiji,new zealand"
samsung,BE75A-H,189.306,75,led,525,available,5.5,"australia,fiji,new zealand"
hyundai,H75WK31,189.274,75,led,750,available,4.0,"australia,fiji,new zealand"
blaupunkt,BP580USG9300,146.068,58,led,370,available,5.0,"australia,fiji,new zealand"
kogan,KALED55XG9410SKA,138.783,55,led,330,available,5.0,"australia,fiji,new zealand"
hisense,65A7G,163.896,65,led,458,available,5.0,"australia,new zealand"
hisense,50A7G,125.731,50,led,254,available,5.5,"australia,new zealand"
hisense,55A7G,138.783,55,led,304,available,5.5,"australia,new zealand"
devanti,STV-316W-UHD-65,163.896,65,led,554,available,4.0,"australia,fiji,new zealand"
philips,55OLED935/79,138.798,55,oled,829,available,1.0,"australia,fiji,new zealand"
linsar,LS82UHDNF,207.183,82,led,651,available,5.5,"australia,fiji,new zealand"
kogan,KALED70TU9220SKA,176.555,70,led,550,available,4.5,"australia,fiji,new zealand"
linsar,LS65UHDNF,163.896,65,led,371,available,6.0,"australia,fiji,new zealand"
hisense,32A4G,80.04,32,led,104,available,6.0,"australia,new zealand"
hisense,55U7G,138.548,55,led,380,available,4.5,"australia,new zealand"
devanti,STV-311W-UHD-75,189.34,75,led,760,available,4.0,"australia,fiji,new zealand"
lg,75QNED99TPB,189.275,75,led,904,available,3.0,"australia,new zealand"
lg,86QNED99TPB,217.425,86,led,1280,available,2.5,"australia,new zealand"
lg,75QNED91TPA,189.275,75,led,594,available,5.0,"australia,new zealand"
skyworth,55SUC9300,138.783,55,led,303,available,5.5,"australia,fiji,new zealand"
skyworth,55SUC9500,138.783,55,led,303,available,5.5,"australia,fiji,new zealand"
skyworth,55SUC****,138.783,55,led,303,available,5.5,"australia,fiji,new zealand"
skyworth,86SUC9500,217.427,86,led,893,available,4.5,"australia,fiji,new zealand"
skyworth,86SUC9000,217.427,86,led,893,available,4.5,"australia,fiji,new zealand"
hisense,75A7G,189.274,75,led,528,available,5.5,"australia,new zealand"
skyworth,86G51,217.427,86,led,893,available,4.5,"australia,fiji,new zealand"
skyworth,STL-86G51,217.427,86,led,893,available,4.5,"australia,fiji,new zealand"
skyworth,86SUC****,217.427,86,led,893,available,4.5,"australia,fiji,new zealand"
sony,XR-65X95J,163.878,65,lcd,642,available,3.5,"australia,new zealand"
sony,XR-75X95J,189.306,75,lcd,763,available,4.0,"australia,new zealand"
sony,XR-85X95J,214.783,85,lcd,818,available,4.5,"australia,new zealand"
veon,VN58U22021,146.13,58,led,450,available,4.0,"australia,fiji,new zealand"
lg,86QNED91TPA,217.425,86,led,776,available,5.0,"australia,new zealand"
philips,65OLED935/79,163.897,65,oled,1011,available,1.5,"australia,fiji,new zealand"
kogan,KALED50XU9210STD,125.638,50,led,284,available,5.0,"australia,fiji,new zealand"
kogan,KALED50XU9220STC,125.638,50,led,284,available,5.0,"australia,fiji,new zealand"
kogan,KAQLED75XR9510STB,189.306,75,led,627,available,4.5,"australia,fiji,new zealand"
eko,K70USW,176.566,70,led,572,available,4.5,australia
kogan,LE-55 series,138.783,55,led,320,available,5.0,"australia,fiji,new zealand"
samsung,QA65QN700AW,163.829,65,led,806,available,2.5,"australia,fiji,new zealand"
samsung,QA65QN700AS,163.829,65,led,806,available,2.5,"australia,fiji,new zealand"
samsung,QA65QN700A,163.829,65,led,806,available,2.5,"australia,fiji,new zealand"
samsung,QA75QN700AW,189.306,75,led,886,available,3.0,"australia,fiji,new zealand"
samsung,QA75QN700AS,189.306,75,led,886,available,3.0,"australia,fiji,new zealand"
samsung,QA75QN700A,189.306,75,led,886,available,3.0,"australia,fiji,new zealand"
lg,75QNED96TPA,189.275,75,led,703,available,4.0,"australia,new zealand"
hisense,75U7G,189.34,75,led,684,available,4.5,"australia,new zealand"
philips,55HFL2899T/79,138.783,55,led,238,available,6.0,"australia,fiji,new zealand"
philips,65HFL2899T/79,163.896,65,led,295,available,7.0,"australia,fiji,new zealand"
hisense,55U8G,138.783,55,led,468,available,3.5,australia
linsar,LS70UHDNF,176.563,70,led,429,available,6.0,australia
hisense,65U8G,163.896,65,lcd,638,available,3.5,"australia,new zealand"
furrion,FDFD24A0D,60.468,24,lcd,85,available,5.0,"australia,fiji,new zealand"
hisense,75U90G,189.34,75,led,1190,available,2.0,"australia,new zealand"
chiq,U50G7H,125.725,50,led,265,available,5.0,"australia,fiji,new zealand"
chiq,U55G7H,138.711,55,led,349,available,4.5,"australia,fiji,new zealand"
chiq,U65G7H,163.829,65,led,506,available,4.5,"australia,fiji,new zealand"
hisense,65U7G,163.896,65,led,492,available,4.5,"australia,new zealand"
hisense,43A7G,107.986,43,led,240,available,4.5,"australia,new zealand"
lg,70UP8050PVB,176.564,70,led,561,available,4.5,"australia,new zealand"
lg,32LT662MBTB,80.043,32,led,123,available,5.0,"australia,new zealand"
hisense,40A4G,100.332,40,led,135,available,6.0,"australia,new zealand"
hisense,85U7G,214.783,85,led,952,available,4.0,"australia,new zealand"
eko,K75USG,189.442,75,led,758,available,4.0,australia
eko,K750USG,189.442,75,led,758,available,4.0,australia
eko,K550USG,138.897,55,led,273,available,6.0,australia
kogan,KALED32RH9210STB,79.967,32,led,104,available,6.0,"australia,fiji,new zealand"
kogan,KALED32RH9220STB,79.967,32,led,104,available,6.0,"australia,fiji,new zealand"
hisense,85U8G,214.783,85,led,952,available,4.0,"australia,new zealand"
jvc,AV-HQ507115A,125.731,50,led,256,available,5.0,"australia,fiji"
caixun,LE-32K1,80.19,32,lcd,98,available,6.0,"australia,new zealand"
caixun,LE-32S1,80.19,32,lcd,98,available,6.0,"australia,new zealand"
caixun,LE-32F2,80.19,32,lcd,98,available,6.0,"australia,new zealand"
caixun,"LE-32K1, LE-32S1, LE-32F2",80.19,32,lcd,98,available,6.0,"australia,new zealand"
caixun,LE-43N1,107.988,43,lcd,220,available,4.5,"australia,fiji,new zealand"
caixun,LE-43F2,107.988,43,lcd,220,available,4.5,"australia,fiji,new zealand"
caixun,LE-43S1,107.988,43,lcd,220,available,4.5,"australia,fiji,new zealand"
caixun,"LE-43N1, LE-43F2, LE-43S1",107.988,43,lcd,220,available,4.5,"australia,fiji,new zealand"
caixun,LE-40N1,100.266,40,lcd,155,available,5.5,"australia,new zealand"
caixun,LE-40F2,100.266,40,lcd,155,available,5.5,"australia,new zealand"
caixun,LE-40S1,100.266,40,lcd,155,available,5.5,"australia,new zealand"
caixun,"LE-40N1, LE-40F2, LE-40S1",100.266,40,lcd,155,available,5.5,"australia,new zealand"
jvc,AV-HQ557115A,138.783,55,led,320,available,5.0,"australia,fiji"
philips,19HFL5014W/12,47.013,19,led,61,available,5.0,"australia,fiji,new zealand"
philips,19HFL5114W/12,47.013,19,led,61,available,5.0,"australia,fiji,new zealand"
lg,43UR640S0TD,107.987,43,led,291,available,3.5,"australia,new zealand"
lg,50UR640S0TD,125.727,50,led,349,available,4.0,"australia,new zealand"
lg,55UR640S0TD,138.783,55,led,415,available,4.0,"australia,new zealand"
lg,65UR640S0TD,163.897,65,led,572,available,4.0,"australia,new zealand"
lg,75UR640S0TD,189.275,75,led,659,available,4.5,"australia,new zealand"
lg,86UR640S0TD,217.425,86,led,882,available,4.5,"australia,new zealand"
loewe,BILD v.65,163.878,65,oled,517,available,4.5,australia
toshiba,50C350KP,125.731,50,led,280,available,5.0,"australia,new zealand"
toshiba,43C350KP,107.986,43,led,269,available,4.0,"australia,new zealand"
toshiba,55C350KP,138.783,55,led,339,available,5.0,"australia,new zealand"
toshiba,65C350KP,163.896,65,led,453,available,5.0,"australia,new zealand"
veon,VN50U22021,125.731,50,led,380,available,3.5,"australia,fiji,new zealand"
lg,65QNED91TPA,163.897,65,led,440,available,5.0,"australia,new zealand"
lg,65QNED96TPA,163.897,65,led,601,available,3.5,"australia,new zealand"
lg,65QNED99TPB,163.897,65,led,805,available,2.5,"australia,new zealand"
bauhn,ATV75UHDW-0621,189.273,75,led,393,available,6.0,"australia,fiji,new zealand"
jvc,AV-HQ657115A,163.897,65,led,430,available,5.0,"australia,fiji"
teac,LE70L521,176.57,70,led,560,available,4.5,"australia,fiji,new zealand"
eko,K650USG,163.791,65,led,580,available,4.0,australia
eko,K700USG,176.505,70,led,640,available,4.0,"australia,fiji"
eko,K85USW,214.637,85,led,1116,available,3.0,australia
blaupunkt,BP50WOS,125.727,50,led,288,available,4.5,australia
eko,K58USW,146.059,58,led,378,available,4.5,australia
samsung,QA65LS01TAW,163.829,65,led,459,available,5.0,"australia,fiji,new zealand"
samsung,QA65LS01TAS,163.829,65,led,459,available,5.0,"australia,fiji,new zealand"
kogan,KALED70UN8910SGA,176.564,70,lcd,515,available,5.0,"australia,new zealand"
hisense,75U8G,189.274,75,led,683,available,4.5,"australia,new zealand"
veon,VN55WOS2021,138.783,55,led,404,available,4.0,"australia,fiji,new zealand"
veon,VN58U22021N,146.13,58,led,450,available,4.0,"australia,fiji,new zealand"
samsung,QA55QN700AS,138.711,55,led,726,available,1.5,"australia,fiji,new zealand"
eko,K65USW,163.888,65,led,510,available,4.5,australia
gorilla,GSTV42TV1,105.348,42,led,160,available,6.0,"australia,fiji,new zealand"
gorilla,GSTV32TV3,79.967,32,led,104,available,6.0,"australia,fiji,new zealand"
sharp,8T-C70DW1X,176.586,70,led,653,available,4.0,"australia,fiji,new zealand"
sharp,4T-C70CK3X,176.815,70,led,580,available,4.5,"australia,fiji,new zealand"
sharp,4T-C60CK1X,152.663,61,led,474,available,4.0,"australia,fiji,new zealand"
sharp,2T-C32BG1X,80.034,32,led,125,available,5.0,"australia,fiji,new zealand"
chiq,L32G7H,79.967,32,led,104,available,6.0,"australia,fiji,new zealand"
chiq,U43G7H,107.863,43,led,240,available,4.5,"australia,fiji,new zealand"
bauhn,ATV65UHDW-1021,163.896,65,led,367,available,6.0,australia
samsung,QA85LS03AAW,214.783,85,led,824,available,4.5,"australia,fiji,new zealand"
samsung,QA85LS03AAS,214.783,85,led,824,available,4.5,"australia,fiji,new zealand"
hisense,85U80G,214.783,85,led,1088,available,3.5,"australia,new zealand"
samsung,HG55Q60AAAW,138.711,55,led,310,available,5.0,"australia,fiji,new zealand"
samsung,HG65Q60AAAW,163.829,65,led,383,available,5.5,"australia,fiji,new zealand"
samsung,HG75Q60AAAW,189.306,75,led,715,available,4.0,"australia,fiji,new zealand"
samsung,HG43Q60AAAW,107.95,43,led,255,available,4.0,"australia,fiji,new zealand"
samsung,HG50Q60AAAW,125.725,50,led,288,available,4.5,"australia,fiji,new zealand"
hisense,65U80G,163.896,65,led,812,available,2.5,"australia,new zealand"
kogan,KALED19PRIZB,47.013,19,led,62,available,5.0,"australia,fiji,new zealand"
samsung,QA55Q60ABW,138.798,55,led,324,available,5.0,"australia,fiji,new zealand"
samsung,QA55Q60ABS,138.798,55,led,324,available,5.0,"australia,fiji,new zealand"
samsung,QA65Q60ABW,163.829,65,led,430,available,5.0,"australia,fiji,new zealand"
samsung,QA65Q60ABS,163.829,65,led,430,available,5.0,"australia,fiji,new zealand"
samsung,QA75Q60ABW,189.306,75,led,569,available,5.0,"australia,fiji,new zealand"
samsung,QA75Q60ABS,189.306,75,led,569,available,5.0,"australia,fiji,new zealand"
samsung,QA85Q60ABW,214.783,85,led,645,available,5.5,"australia,fiji,new zealand"
samsung,QA85Q60ABS,214.783,85,led,645,available,5.5,"australia,fiji,new zealand"
samsung,QA50Q60ABS,125.725,50,led,302,available,4.5,"australia,fiji,new zealand"
samsung,QA43Q60ABS,107.95,43,led,266,available,4.0,"australia,fiji,new zealand"
toshiba,75C350KP,189.274,75,led,547,available,5.5,"australia,new zealand"
smtv,LED-43JIL0421-1,107.912,43,led,188,available,5.5,"australia,fiji,new zealand"
eko,K400FSG,100.332,40,led,155,available,5.5,"australia,fiji,new zealand"
jvc,LT-55N7125A,139.022,55,lcd,430,available,3.5,"australia,fiji,new zealand"
akai,AK5821S6WOS,146.068,58,led,301,available,6.0,"australia,fiji,new zealand"
sharp,2T-C42BG1X,105.415,42,led,177,available,5.5,"australia,fiji,new zealand"
akai,AK6521S6WOS,163.896,65,led,371,available,6.0,"australia,fiji,new zealand"
hisense,85A7G,214.783,85,led,698,available,5.5,"australia,new zealand"
samsung,UA70AU7000W,176.497,70,led,496,available,5.0,"australia,fiji,new zealand"
samsung,UA70AU7000S,176.497,70,led,496,available,5.0,"australia,fiji,new zealand"
samsung,UA70AU7000,176.497,70,led,496,available,5.0,"australia,fiji,new zealand"
metz,65MXD9500A,164.249,65,oled,586,available,4.0,"australia,fiji,new zealand"
metz,55MXD9500A,138.554,55,oled,424,available,4.0,"australia,fiji,new zealand"
samsung,UA40T6500AS,100.305,40,led,218,available,4.0,"australia,fiji,new zealand"
philips,24HFL3011T/12,59.687,24,led,65,available,6.0,"australia,fiji,new zealand"
philips,43HFL5011T/12,108.037,43,led,160,available,6.0,"australia,fiji,new zealand"
philips,49HFL5011T/12,123.17,49,led,175,available,7.0,"australia,fiji,new zealand"
philips,55HFL5011T/12,138.935,55,led,202,available,7.0,"australia,fiji,new zealand"
philips,65HFL7111T/12,163.655,65,led,483,available,4.5,"australia,fiji,new zealand"
philips,55HFL7011T/12,138.798,55,led,514,available,3.0,"australia,fiji,new zealand"
samsung,QA98QN90AAW,247.691,98,led,1127,available,4.5,"australia,fiji,new zealand"
samsung,QA98QN90AAS,247.691,98,led,1127,available,4.5,"australia,fiji,new zealand"
eko,K55USW,138.783,55,led,312,available,5.0,australia
akai,AK5021S6WOS,125.731,50,led,225,available,6.0,"australia,fiji,new zealand"
akai,AK7521S6WOS,189.273,75,led,404,available,6.0,"australia,fiji,new zealand"
toshiba,55Z770KP,138.783,55,led,426,available,4.0,"australia,new zealand"
eko,K32HSW,80.039,32,led,138,available,4.5,australia
toshiba,65Z770KP,163.896,65,led,520,available,4.5,"australia,new zealand"
dgtec,DG65UHDOS,163.897,65,led,371,available,6.0,"australia,fiji,new zealand"
akai,AK7021S6WOS,176.592,70,lcd,372,available,6.0,"australia,fiji,new zealand"
blaupunkt,BP65WOS,163.888,65,led,510,available,4.5,australia
altius,AT24CFHD-BCF,59.774,24,led,68,available,6.0,"australia,fiji,new zealand"
myvi,UR-LED2401DVD,60.319,24,lcd,85,available,5.0,"australia,new zealand"
altius,LS24C12V,59.774,24,led,68,available,6.0,"australia,fiji,new zealand"
hisense,50A6G,125.731,50,led,284,available,5.0,"australia,new zealand"
eko,K32HSW,80.054,32,led,134,available,4.5,australia
eko,K320HSG,80.039,32,led,110,available,5.5,australia
hisense,58A6G,146.068,58,led,335,available,5.5,"australia,new zealand"
hisense,75U9G,189.274,75,led,683,available,4.5,"australia,new zealand"
hisense,65U9G,163.896,65,led,649,available,3.5,"australia,new zealand"
hisense,70A6G,176.57,70,led,422,available,6.0,"australia,new zealand"
lg,50UR765H0VA,125.727,50,led,287,available,4.5,"australia,new zealand"
lg,55UR765H0VA,138.783,55,led,295,available,5.5,"australia,new zealand"
lg,65UR765H0VD,163.897,65,led,422,available,5.0,"australia,new zealand"
lg,75UR765H0VD,189.275,75,led,514,available,5.5,"australia,new zealand"
veon,VN50WOS2021,125.725,50,led,370,available,3.5,"australia,fiji,new zealand"
kogan,KALED42RT9220SVA,105.415,42,led,159,available,6.0,"australia,fiji,new zealand"
philips,50PUT7906/75,125.741,50,led,376,available,3.5,"australia,new zealand"
philips,50PUT7906/79,125.741,50,led,376,available,3.5,"australia,new zealand"
philips,70PUT7906/79,176.566,70,led,589,available,4.5,"australia,fiji,new zealand"
philips,70PUT7906/75,176.566,70,led,589,available,4.5,"australia,fiji,new zealand"
philips,65PUT7906/79,163.897,65,led,518,available,4.5,"australia,new zealand"
philips,65PUT7906/75,163.897,65,led,518,available,4.5,"australia,new zealand"
blaupunkt,BP85WOS,214.783,85,lcd,1170,available,3.0,australia
blaupunkt,BP75WOS,189.321,75,lcd,810,available,3.5,australia
smtv,55JIL0721-1,138.798,55,led,347,available,4.5,"australia,fiji,new zealand"
smtv,LD55UDS-F1,138.798,55,led,347,available,4.5,"australia,fiji,new zealand"
samsung,UA43AU7002S,107.956,43,led,237,available,4.5,"australia,fiji,new zealand"
kogan,KALED32RT9220SVA,80.039,32,led,110,available,5.5,"australia,fiji,new zealand"
kogan,KALED24RT9220SVA,59.824,24,led,70,available,5.5,"australia,fiji,new zealand"
smtv,65JIL0721-1,163.791,65,led,400,available,5.5,"australia,fiji,new zealand"
smtv,LD65UDS-F1,163.791,65,led,400,available,5.5,"australia,fiji,new zealand"
kogan,KALED75RT9220SVA,189.32,75,led,765,available,4.0,"australia,fiji,new zealand"
philips,43HFL5214U/97,107.986,43,led,208,available,5.0,"australia,fiji,new zealand"
philips,43BFL2214/97,107.986,43,led,208,available,5.0,"australia,fiji,new zealand"
philips,75BFL2214/97,189.274,75,led,451,available,6.0,"australia,fiji,new zealand"
philips,55PUT7906/79,138.783,55,led,426,available,4.0,"australia,fiji,new zealand"
philips,55PUT7906/75,138.783,55,led,426,available,4.0,"australia,fiji,new zealand"
polaroid,PL6521OS,163.896,65,led,367,available,6.0,australia
akai,AK3221S6WOS,80.054,32,led,98,available,6.0,"australia,fiji,new zealand"
eko,K240HSG,59.824,24,led,70,available,5.5,australia
philips,50HFL5214U/97,125.741,50,led,253,available,5.5,"australia,new zealand"
philips,50BFL2214/97,125.741,50,led,253,available,5.5,"australia,new zealand"
philips,65HFL5214U/97,163.897,65,led,382,available,5.5,"australia,new zealand"
philips,65BFL2214/97,163.897,65,led,382,available,5.5,"australia,new zealand"
philips,55HFL5214U/97,138.783,55,led,286,available,5.5,"australia,fiji,new zealand"
philips,55BFL2214/97,138.783,55,led,286,available,5.5,"australia,fiji,new zealand"
veon,VN55WOS2022,138.783,55,led,423,available,4.0,"australia,fiji,new zealand"
blaupunkt,BP650USG9500,163.896,65,lcd,467,available,4.5,australia
eko,K40FSW,100.332,40,led,202,available,4.5,australia
polaroid,PL3221OS,80.054,32,led,98,available,6.0,"australia,fiji,new zealand"
samsung,QA55Q95TDW,138.783,55,led,514,available,3.0,"australia,fiji,new zealand"
samsung,QA55Q95TDS,138.783,55,led,514,available,3.0,"australia,fiji,new zealand"
samsung,QA65Q95TDW,163.897,65,led,751,available,2.5,"australia,fiji,new zealand"
samsung,QA65Q95TDS,163.897,65,led,751,available,2.5,"australia,fiji,new zealand"
samsung,QA75Q95TDW,189.338,75,led,868,available,3.0,"australia,fiji,new zealand"
sharetv,ST1922G,54.392,22,lcd,106,available,3.0,"australia,new zealand"
kogan,KAQLED55XQ9610STA,138.711,55,lcd,415,available,4.0,"australia,fiji,new zealand"
philips,55OLED706/75,138.783,55,led,596,available,2.5,"australia,fiji,new zealand"
philips,55OLED706/79,138.783,55,led,596,available,2.5,"australia,fiji,new zealand"
blaupunkt,BP4000F,100.332,40,led,211,available,4.5,australia
veon,VN40WOS2021,100.353,40,led,175,available,5.0,"australia,fiji,new zealand"
philips,75PUT7906/79,189.275,75,led,682,available,4.5,"australia,fiji,new zealand"
philips,75PUT7906/75,189.275,75,led,682,available,4.5,"australia,fiji,new zealand"
eko,K32HSW,80.039,32,led,135,available,4.5,australia
kogan,KALED43XT9610STA,107.95,43,lcd,240,available,4.5,"australia,fiji,new zealand"
philips,65PML9506/79,163.897,65,led,725,available,3.0,"australia,fiji,new zealand"
philips,65PML9506/75,163.897,65,led,725,available,3.0,"australia,fiji,new zealand"
samsung,HG43AJ690YK,107.987,43,led,255,available,4.0,"australia,fiji,new zealand"
samsung,HG55AJ690YK,138.783,55,led,335,available,5.0,"australia,fiji,new zealand"
samsung,HG50AJ690YK,125.727,50,led,313,available,4.5,"australia,fiji,new zealand"
samsung,HG65AJ690YK,163.897,65,led,426,available,5.0,"australia,fiji,new zealand"
samsung,HG75AJ690YK,189.333,75,led,565,available,5.0,"australia,fiji,new zealand"
samsung,UA50AU7002S,125.727,50,led,262,available,5.0,"australia,fiji,new zealand"
walton,43D210N,109.275,44,led,140,available,7.0,"australia,fiji,new zealand"
walton,W43D210N,109.275,44,led,140,available,7.0,"australia,fiji,new zealand"
walton,W43D210NAU,109.275,44,led,140,available,7.0,"australia,fiji,new zealand"
eko,K45FSW,116.809,46,lcd,245,available,5.0,australia
blaupunkt,BP400FSG9200,100.305,40,lcd,151,available,6.0,australia
kogan,KAQLED75XQ9610STA,189.306,75,lcd,667,available,4.5,"australia,fiji,new zealand"
philips,43HFL6214U/12,107.987,43,led,216,available,5.0,"australia,fiji,new zealand"
philips,50HFL6214U/12,125.741,50,led,259,available,5.0,"australia,fiji,new zealand"
philips,75HFL6214U/12,189.275,75,led,443,available,6.0,"australia,fiji,new zealand"
philips,75PML9506/79,189.274,75,led,785,available,3.5,"australia,fiji,new zealand"
philips,75PML9506/75,189.274,75,led,785,available,3.5,"australia,fiji,new zealand"
philips,58HFL6214U/12,146.068,58,led,294,available,6.0,"australia,fiji,new zealand"
philips,65HFL6214U/12,163.897,65,led,381,available,5.5,"australia,fiji,new zealand"
kogan,KALED24EH7520SVA,59.824,24,led,84,available,5.0,"australia,fiji,new zealand"
myvi,UR-LED2402NS,60.095,24,led,85,available,5.0,"australia,new zealand"
samsung,UA55AU7002S,138.783,55,led,284,available,5.5,"australia,fiji,new zealand"
caixun,LE-40V1,100.332,40,led,151,available,6.0,"australia,fiji,new zealand"
chiq,U75F8T,189.324,75,led,506,available,5.5,"australia,fiji,new zealand"
stan cash,TV185CLEARA,46.787,19,led,60,available,5.0,australia
lg,65QNED916QA,163.897,65,led,440,available,5.0,"australia,new zealand"
kogan,KAQLED65XQ9610STA,163.829,65,lcd,572,available,4.0,"australia,fiji,new zealand"
eko,K58USG,146.068,58,lcd,346,available,5.0,australia
eko,K75USW,189.274,75,lcd,756,available,4.0,australia
eko,K700USG,176.538,70,lcd,465,available,5.5,australia
eko,K70USW,176.538,70,lcd,612,available,4.0,australia
"shenzhen xinchaoda technology co., ltd",LEQ65W722,163.896,65,led,369,available,6.0,"australia,fiji,new zealand"
"shenzhen xinchaoda technology co., ltd",LEQ55A722,138.783,55,led,381,available,4.5,"australia,fiji,new zealand"
"shenzhen xinchaoda technology co., ltd",LEQ55W722,138.783,55,led,362,available,4.5,"australia,fiji,new zealand"
"shenzhen xinchaoda technology co., ltd",LEQ65A722,163.896,65,led,402,available,5.5,"australia,fiji,new zealand"
lg,50UR767H3VC,125.727,50,led,287,available,4.5,"australia,new zealand"
lg,55UR767H3VC,138.783,55,led,371,available,4.5,"australia,new zealand"
lg,65UR767H3VC,163.897,65,led,433,available,5.0,"australia,new zealand"
kogan,KALED40RF9220STB,100.305,40,led,149,available,6.0,"australia,fiji,new zealand"
kogan,KALED40RF9210STB,100.305,40,led,149,available,6.0,"australia,fiji,new zealand"
akai,AK6521S6WOS,163.896,65,led,367,available,6.0,australia
linsar,LS65UHDNF,163.896,65,led,367,available,6.0,australia
philips,19HFL5214W/12,47.013,19,led,62,available,5.0,"australia,fiji,new zealand"
jvc,LT-32N3115AM,79.744,32,lcd,130,available,5.0,"australia,fiji"
sony,KD-43X75K,107.95,43,led,261,available,4.0,"australia,new zealand"
sony,KD-50X75K,125.725,50,led,312,available,4.5,"australia,new zealand"
jvc,LT-42N5125A,105.396,42,lcd,230,available,4.5,"australia,fiji"
jvc,LT-55NQ7105AM,138.798,55,lcd,400,available,4.0,"australia,fiji"
jvc,LT-50NQ7115A,125.365,50,lcd,354,available,4.0,"australia,fiji"
kogan,KALED43RT9220SVA,107.987,43,led,194,available,5.5,"australia,fiji,new zealand"
kogan,KALED43RT9220SVB,107.987,43,led,194,available,5.5,"australia,fiji,new zealand"
kogan,KALED43RT9220SVC,107.987,43,led,194,available,5.5,"australia,fiji,new zealand"
kogan,KALED43RT9220SVD,107.987,43,led,194,available,5.5,"australia,fiji,new zealand"
kogan,KALED50RT9220SVA,125.731,50,led,210,available,6.0,"australia,fiji,new zealand"
kogan,KALED50RT9220SVB,125.731,50,led,210,available,6.0,"australia,fiji,new zealand"
kogan,KALED50RT9220SVC,125.731,50,led,210,available,6.0,"australia,fiji,new zealand"
kogan,KALED50RT9220SVD,125.731,50,led,210,available,6.0,"australia,fiji,new zealand"
kogan,LE-50series,125.731,50,led,210,available,6.0,"australia,fiji,new zealand"
kogan,KAQLED55RQ9510SVA,138.783,55,led,247,available,6.0,"australia,fiji,new zealand"
kogan,KAQLED55RQ9510SVB,138.783,55,led,247,available,6.0,"australia,fiji,new zealand"
kogan,KAQLED55RQ9510SVC,138.783,55,led,247,available,6.0,"australia,fiji,new zealand"
kogan,KAQLED55RQ9510SVD,138.783,55,led,247,available,6.0,"australia,fiji,new zealand"
kogan,KALED58RT9220SVA,146.068,58,led,271,available,6.0,"australia,fiji,new zealand"
kogan,KALED58RT9220SVB,146.068,58,led,271,available,6.0,"australia,fiji,new zealand"
kogan,KALED58RT9220SVC,146.068,58,led,271,available,6.0,"australia,fiji,new zealand"
kogan,KALED58RT9220SVD,146.068,58,led,271,available,6.0,"australia,fiji,new zealand"
kogan,LE-58series,146.068,58,led,271,available,6.0,"australia,fiji,new zealand"
bauhn,ATV58UHDW-0322,146.039,58,lcd,275,available,6.0,australia
blaupunkt,BP3200HDV7100,80.039,32,lcd,128,available,5.0,australia
kogan,LE-55series,138.783,55,led,247,available,6.0,"australia,fiji,new zealand"
sony,KD-32W830K,80.054,32,led,132,available,4.5,"australia,new zealand"
kogan,LE-43series,107.987,43,led,194,available,5.5,"australia,fiji,new zealand"
kogan,KALED40RT9220SVA,100.332,40,led,151,available,6.0,"australia,fiji,new zealand"
kogan,KALED40RT9220SVB,100.332,40,led,151,available,6.0,"australia,fiji,new zealand"
kogan,KALED40RT9220SVC,100.332,40,led,151,available,6.0,"australia,fiji,new zealand"
kogan,KALED40RT9220SVD,100.332,40,led,151,available,6.0,"australia,fiji,new zealand"
kogan,*****40*****,100.332,40,led,151,available,6.0,"australia,fiji,new zealand"
lg,55UP801C0TB,138.783,55,led,422,available,4.0,"australia,new zealand"
lg,65UP801C0TB,163.897,65,led,528,available,4.0,"australia,new zealand"
caixun,EC40V1FA,100.332,40,led,151,available,6.0,"australia,fiji,new zealand"
caixun,LE-40T1,100.332,40,led,151,available,6.0,"australia,fiji,new zealand"
caixun,LE-40T2,100.332,40,led,151,available,6.0,"australia,fiji,new zealand"
caixun,LE-40T3,100.332,40,led,151,available,6.0,"australia,fiji,new zealand"
caixun,LE-40V1,100.332,40,led,151,available,6.0,"australia,fiji,new zealand"
caixun,LE-40V2,100.332,40,led,151,available,6.0,"australia,fiji,new zealand"
caixun,LE-40V3,100.332,40,led,151,available,6.0,"australia,fiji,new zealand"
caixun,*****40*****,100.332,40,led,151,available,6.0,"australia,fiji,new zealand"
blaupunkt,BP2400HDV7100,59.824,24,led,78,available,5.0,australia
samsung,UA65AU7002S,163.896,65,led,416,available,5.5,"australia,fiji,new zealand"
eko,K430USGQ,107.987,43,lcd,191,available,5.5,australia
eko,K75QHZ,189.34,75,lcd,832,available,3.5,australia
eko,K750USG,189.274,75,lcd,638,available,4.5,australia
eko,K500USG,125.731,50,lcd,203,available,6.0,australia
lg,65QNED91SQA,163.897,65,led,440,available,5.0,"australia,new zealand"
lg,75QNED91SQA,189.275,75,led,579,available,5.0,"australia,new zealand"
lg,75QNED916QA,189.275,75,led,579,available,5.0,"australia,new zealand"
lg,86QNED91SQA,217.425,86,led,674,available,5.5,"australia,new zealand"
lg,86QNED916QA,217.425,86,led,674,available,5.5,"australia,new zealand"
lg,OLED48A2PSA,120.721,48,oled,280,available,4.5,"australia,new zealand"
lg,OLED55A2PSA,138.783,55,oled,316,available,5.0,"australia,new zealand"
lg,OLED55A26LA,138.783,55,oled,316,available,5.0,"australia,new zealand"
lg,OLED55B2PSA,138.783,55,oled,375,available,4.5,"australia,new zealand"
lg,OLED55C2PSC,138.783,55,oled,349,available,4.5,"australia,new zealand"
lg,OLED55C24LA,138.783,55,oled,349,available,4.5,"australia,new zealand"
lg,OLED65A2PSA,163.897,65,oled,393,available,5.5,"australia,new zealand"
lg,OLED65A26LA,163.897,65,oled,393,available,5.5,"australia,new zealand"
lg,OLED65B2PSA,163.897,65,oled,462,available,5.0,"australia,new zealand"
lg,OLED65C2PSC,163.897,65,oled,411,available,5.5,"australia,new zealand"
lg,OLED65C24LA,163.897,65,oled,411,available,5.5,"australia,new zealand"
lg,OLED77C2PSC,194.738,77,oled,513,available,6.0,"australia,new zealand"
lg,OLED77C24LA,194.738,77,oled,513,available,6.0,"australia,new zealand"
lg,OLED83C2PSA,209.585,83,oled,656,available,5.5,"australia,new zealand"
lg,OLED83C24LA,209.585,83,oled,656,available,5.5,"australia,new zealand"
bauhn,ATV42FHDW-1221,105.396,42,lcd,157,available,6.0,australia
lg,OLED42C2PSA,105.52,42,oled,232,available,4.5,"australia,new zealand"
lg,OLED42C24LA,105.52,42,oled,232,available,4.5,"australia,new zealand"
lg,OLED48C2PSA,120.721,48,oled,284,available,4.5,"australia,new zealand"
lg,OLED48C24LA,120.721,48,oled,284,available,4.5,"australia,new zealand"
lg,43NANO75SQA,107.987,43,led,276,available,3.5,"australia,new zealand"
lg,43NANO756QA,107.987,43,led,276,available,3.5,"australia,new zealand"
lg,43UQ75006LF,107.987,43,led,284,available,3.5,"australia,new zealand"
lg,50NANO75SQA,125.727,50,led,331,available,4.0,"australia,new zealand"
lg,50NANO756QA,125.727,50,led,331,available,4.0,"australia,new zealand"
lg,50QNED80SQA,125.727,50,led,295,available,4.5,"australia,new zealand"
lg,50QNED806QA,125.727,50,led,295,available,4.5,"australia,new zealand"
lg,50UQ80006LB,125.727,50,led,287,available,4.5,"australia,new zealand"
lg,55NANO75SQA,138.783,55,led,419,available,4.0,"australia,new zealand"
lg,55NANO756QA,138.783,55,led,419,available,4.0,"australia,new zealand"
lg,55QNED80SQA,138.783,55,led,346,available,4.5,"australia,new zealand"
lg,55QNED806QA,138.783,55,led,346,available,4.5,"australia,new zealand"
lg,55UQ80006LB,138.783,55,led,360,available,4.5,"australia,new zealand"
lg,65NANO75SQA,163.897,65,led,528,available,4.0,"australia,new zealand"
lg,65NANO756QA,163.897,65,led,528,available,4.0,"australia,new zealand"
lg,65QNED80SQA,163.897,65,led,433,available,5.0,"australia,new zealand"
lg,65QNED806QA,163.897,65,led,433,available,5.0,"australia,new zealand"
lg,65UQ91006LA,163.897,65,led,543,available,4.0,"australia,new zealand"
lg,75NANO75SQA,189.275,75,led,663,available,4.5,"australia,new zealand"
lg,75NANO756QA,189.275,75,led,663,available,4.5,"australia,new zealand"
lg,75QNED80SQA,189.275,75,led,492,available,5.5,"australia,new zealand"
lg,75QNED806QA,189.275,75,led,492,available,5.5,"australia,new zealand"
lg,75QNED96SQA,189.275,75,led,630,available,4.5,"australia,new zealand"
lg,86NANO75SQA,217.425,86,led,915,available,4.0,"australia,new zealand"
lg,86NANO756QA,217.425,86,led,915,available,4.0,"australia,new zealand"
lg,86UQ9000PSD,217.425,86,led,915,available,4.0,"australia,new zealand"
metz,86MUC8500A,217.427,86,led,893,available,4.5,"australia,fiji,new zealand"
samsung,QA55Q70BAW,138.783,55,led,419,available,4.0,"australia,fiji,new zealand"
samsung,QA55Q70BAS,138.783,55,led,419,available,4.0,"australia,fiji,new zealand"
samsung,QA55Q70BA*,138.783,55,led,419,available,4.0,"australia,fiji,new zealand"
samsung,UA75BU8000W,189.338,75,led,576,available,5.0,"australia,fiji,new zealand"
samsung,UA75BU8000S,189.338,75,led,576,available,5.0,"australia,fiji,new zealand"
samsung,UA75BU8000*,189.338,75,led,576,available,5.0,"australia,fiji,new zealand"
samsung,UA85BU8000W,214.783,85,led,740,available,5.0,"australia,fiji,new zealand"
samsung,UA85BU8000S,214.783,85,led,740,available,5.0,"australia,fiji,new zealand"
samsung,UA85BU8000*,214.783,85,led,740,available,5.0,"australia,fiji,new zealand"
samsung,UA60BU8000S,152.663,61,led,383,available,5.0,"australia,fiji,new zealand"
samsung,UA65BU8000W,163.897,65,led,437,available,5.0,"australia,fiji,new zealand"
samsung,UA65BU8000S,163.897,65,led,437,available,5.0,"australia,fiji,new zealand"
samsung,UA65BU8000*,163.897,65,led,437,available,5.0,"australia,fiji,new zealand"
samsung,UA65BU8500S,163.897,65,led,437,available,5.0,"australia,fiji,new zealand"
samsung,QA75QN85BAW,189.338,75,led,613,available,4.5,"australia,fiji,new zealand"
samsung,QA75QN85BAS,189.338,75,led,613,available,4.5,"australia,fiji,new zealand"
samsung,QA75QN85BA*,189.338,75,led,613,available,4.5,"australia,fiji,new zealand"
samsung,QA75QN90BAW,189.338,75,led,777,available,3.5,"australia,fiji,new zealand"
samsung,QA75QN90BAS,189.338,75,led,777,available,3.5,"australia,fiji,new zealand"
samsung,QA75QN90BA*,189.338,75,led,777,available,3.5,"australia,fiji,new zealand"
lg,43UQ9000PSD,107.987,43,led,276,available,3.5,"australia,new zealand"
lg,43UQ91006LA,107.987,43,led,276,available,3.5,"australia,new zealand"
lg,50UQ9000PSD,125.727,50,led,331,available,4.0,"australia,new zealand"
lg,50UQ91006LA,125.727,50,led,331,available,4.0,"australia,new zealand"
lg,55NANO806QA,138.783,55,led,357,available,4.5,"australia,new zealand"
lg,55UQ9000PSD,138.783,55,led,419,available,4.0,"australia,new zealand"
lg,55UQ91006LA,138.783,55,led,419,available,4.0,"australia,new zealand"
lg,65UQ9000PSD,163.897,65,led,543,available,4.0,"australia,new zealand"
lg,75UQ9000PSD,189.275,75,led,605,available,5.0,"australia,new zealand"
lg,75UQ91006LA,189.275,75,led,605,available,5.0,"australia,new zealand"
lg,86QNED80SQA,217.425,86,led,725,available,5.0,"australia,new zealand"
lg,86QNED806QA,217.425,86,led,725,available,5.0,"australia,new zealand"
metz,32MTD6500A,80.054,32,led,115,available,5.5,"australia,fiji,new zealand"
samsung,QA85Q60BAW,214.783,85,led,653,available,5.5,"australia,fiji,new zealand"
samsung,QA85Q60BAS,214.783,85,led,653,available,5.5,"australia,fiji,new zealand"
samsung,QA85Q60BA*,214.783,85,led,653,available,5.5,"australia,fiji,new zealand"
samsung,UA43BU8000S,107.987,43,led,270,available,4.0,"australia,fiji,new zealand"
samsung,UA43BU8500S,107.987,43,led,270,available,4.0,"australia,fiji,new zealand"
samsung,UA43BU8*00*,107.987,43,led,270,available,4.0,"australia,fiji,new zealand"
kogan,KALED65RT9220SVA,163.896,65,led,386,available,5.5,"australia,fiji,new zealand"
teac,LE65GA522,163.896,65,led,386,available,5.5,"australia,fiji,new zealand"
kogan,KAQLED65RQ9510SVA,163.896,65,led,386,available,5.5,"australia,fiji,new zealand"
polaroid,PL6521UHDG,163.682,65,lcd,370,available,6.0,"australia,fiji"
samsung,UA50BU8000W,125.727,50,led,346,available,4.0,"australia,fiji,new zealand"
samsung,UA50BU8000S,125.727,50,led,346,available,4.0,"australia,fiji,new zealand"
samsung,UA50BU8500S,125.727,50,led,346,available,4.0,"australia,fiji,new zealand"
samsung,UA50BU8*00*,125.727,50,led,346,available,4.0,"australia,fiji,new zealand"
samsung,UA55BU8000W,138.783,55,led,416,available,4.0,"australia,fiji,new zealand"
samsung,UA55BU8000S,138.783,55,led,416,available,4.0,"australia,fiji,new zealand"
samsung,UA55BU8500S,138.783,55,led,416,available,4.0,"australia,fiji,new zealand"
samsung,UA55BU8*00*,138.783,55,led,416,available,4.0,"australia,fiji,new zealand"
samsung,QA65Q70BAW,163.897,65,led,551,available,4.0,"australia,fiji,new zealand"
samsung,QA65Q70BAS,163.897,65,led,551,available,4.0,"australia,fiji,new zealand"
samsung,QA65Q70BA*,163.897,65,led,551,available,4.0,"australia,fiji,new zealand"
samsung,QA75Q70BAW,189.338,75,led,635,available,4.5,"australia,fiji,new zealand"
samsung,QA75Q70BAS,189.338,75,led,635,available,4.5,"australia,fiji,new zealand"
samsung,QA75Q70BA*,189.338,75,led,635,available,4.5,"australia,fiji,new zealand"
samsung,QA85Q70BAW,214.783,85,led,817,available,4.5,"australia,fiji,new zealand"
samsung,QA85Q70BAS,214.783,85,led,817,available,4.5,"australia,fiji,new zealand"
samsung,QA85Q70BA*,214.783,85,led,817,available,4.5,"australia,fiji,new zealand"
samsung,UA43BU8000W,107.987,43,led,270,available,4.0,"australia,fiji,new zealand"
samsung,QA65QN800BW,163.897,65,led,1120,available,1.0,"australia,fiji,new zealand"
samsung,QA65QN800BS,163.897,65,led,1120,available,1.0,"australia,fiji,new zealand"
samsung,QA65QN800B*,163.897,65,led,1120,available,1.0,"australia,fiji,new zealand"
myvi,UR-LED2403DVDNS,60.269,24,led,95,available,4.5,"australia,new zealand"
samsung,QA50QN90BAW,125.727,50,led,412,available,3.0,"australia,fiji,new zealand"
samsung,QA50QN90BAS,125.727,50,led,412,available,3.0,"australia,fiji,new zealand"
samsung,QA50QN90BA*,125.727,50,led,412,available,3.0,"australia,fiji,new zealand"
samsung,QA75QN95BAW,189.338,75,led,897,available,3.0,"australia,fiji,new zealand"
samsung,QA75QN95BAS,189.338,75,led,897,available,3.0,"australia,fiji,new zealand"
samsung,QA75QN95BA*,189.338,75,led,897,available,3.0,"australia,fiji,new zealand"
eko,K550USG,138.783,55,lcd,422,available,4.0,australia
blaupunkt,BP550USG9500,138.783,55,lcd,422,available,4.0,australia
lg,65UQ75006LF,163.897,65,led,532,available,4.0,"australia,new zealand"
lg,OLED55G2PSA,138.783,55,oled,349,available,4.5,"australia,new zealand"
lg,OLED55G26LA,138.783,55,oled,349,available,4.5,"australia,new zealand"
lg,OLED77G2PSA,194.738,77,oled,557,available,5.5,"australia,new zealand"
lg,OLED77G26LA,194.738,77,oled,557,available,5.5,"australia,new zealand"
lg,OLED65G2PSA,163.897,65,oled,400,available,5.5,"australia,new zealand"
lg,OLED65G26LA,163.897,65,oled,400,available,5.5,"australia,new zealand"
lg,OLED77A2PSA,194.738,77,oled,462,available,6.0,"australia,new zealand"
samsung,QA75QN800BW,189.338,75,led,1240,available,1.5,"australia,fiji,new zealand"
samsung,QA75QN800BS,189.338,75,led,1240,available,1.5,"australia,fiji,new zealand"
samsung,QA75QN800B*,189.338,75,led,1240,available,1.5,"australia,fiji,new zealand"
samsung,QA85QN800BW,214.783,85,led,1423,available,2.0,"australia,fiji,new zealand"
samsung,QA85QN800BS,214.783,85,led,1423,available,2.0,"australia,fiji,new zealand"
samsung,QA85QN800B*,214.783,85,led,1423,available,2.0,"australia,fiji,new zealand"
samsung,QA55QN90BAW,138.783,55,led,594,available,2.5,"australia,fiji,new zealand"
samsung,QA55QN90BAS,138.783,55,led,594,available,2.5,"australia,fiji,new zealand"
samsung,QA55QN90BA*,138.783,55,led,594,available,2.5,"australia,fiji,new zealand"
samsung,QA85QN90BAW,214.783,85,led,1113,available,3.0,"australia,fiji,new zealand"
samsung,QA85QN90BAS,214.783,85,led,1113,available,3.0,"australia,fiji,new zealand"
samsung,QA85QN90BA*,214.783,85,led,1113,available,3.0,"australia,fiji,new zealand"
akai,AK5021S6WOS,125.774,50,led,202,available,6.0,"australia,fiji,new zealand"
samsung,QA43QN90BAW,107.987,43,led,364,available,2.5,"australia,fiji,new zealand"
samsung,QA43QN90BAS,107.987,43,led,364,available,2.5,"australia,fiji,new zealand"
samsung,QA43QN90BA*,107.987,43,led,364,available,2.5,"australia,fiji,new zealand"
samsung,QA50LS03BAW,125.727,50,led,353,available,4.0,"australia,fiji,new zealand"
samsung,QA50LS03BAS,125.727,50,led,353,available,4.0,"australia,fiji,new zealand"
samsung,QA50LS03BA*,125.727,50,led,353,available,4.0,"australia,fiji,new zealand"
samsung,QA55LS03BAW,138.783,55,led,514,available,3.0,"australia,fiji,new zealand"
samsung,QA55LS03BAS,138.783,55,led,514,available,3.0,"australia,fiji,new zealand"
samsung,QA55LS03BA*,138.783,55,led,514,available,3.0,"australia,fiji,new zealand"
samsung,QA55QN85BAW,138.783,55,led,499,available,3.0,"australia,fiji,new zealand"
samsung,QA55QN85BAS,138.783,55,led,499,available,3.0,"australia,fiji,new zealand"
samsung,QA55QN85BA*,138.783,55,led,499,available,3.0,"australia,fiji,new zealand"
samsung,QA65LS03BAW,163.897,65,led,580,available,4.0,"australia,fiji,new zealand"
samsung,QA65LS03BAS,163.897,65,led,580,available,4.0,"australia,fiji,new zealand"
samsung,QA65LS03BA*,163.897,65,led,580,available,4.0,"australia,fiji,new zealand"
samsung,QA65QN85BAW,163.897,65,led,580,available,4.0,"australia,fiji,new zealand"
samsung,QA65QN85BAS,163.897,65,led,580,available,4.0,"australia,fiji,new zealand"
samsung,QA65QN85BA*,163.897,65,led,580,available,4.0,"australia,fiji,new zealand"
samsung,QA75LS03BAW,189.338,75,led,715,available,4.0,"australia,fiji,new zealand"
samsung,QA75LS03BAS,189.338,75,led,715,available,4.0,"australia,fiji,new zealand"
samsung,QA75LS03BA*,189.338,75,led,715,available,4.0,"australia,fiji,new zealand"
samsung,QA85LS03BAW,214.783,85,led,916,available,4.0,"australia,fiji,new zealand"
samsung,QA85LS03BAS,214.783,85,led,916,available,4.0,"australia,fiji,new zealand"
samsung,QA85LS03BA*,214.783,85,led,916,available,4.0,"australia,fiji,new zealand"
lg,43UP801C0TB,107.987,43,led,287,available,3.5,"australia,new zealand"
lg,50UP801C0TB,125.727,50,led,342,available,4.0,"australia,new zealand"
lg,75UP801C0TB,189.275,75,led,619,available,4.5,"australia,new zealand"
lg,86UP801C0TB,217.425,86,led,915,available,4.0,"australia,new zealand"
metz,40MTD6500A,100.645,40,led,122,available,7.0,"australia,fiji,new zealand"
eko,K500USG,125.638,50,lcd,226,available,6.0,australia
eko,K550USG,138.783,55,lcd,321,available,5.0,australia
eko,K550USG,138.783,55,lcd,455,available,3.5,australia
blaupunkt,BP550USG9500,138.783,55,lcd,455,available,3.5,australia
blaupunkt,BP2400HDV7100,60.47,24,lcd,87,available,4.5,australia
sony,KD-65X75K,163.878,65,led,478,available,4.5,"australia,new zealand"
sony,KD-55X75K,138.798,55,led,376,available,4.5,"australia,new zealand"
sony,XR-85X90K,214.783,85,led,869,available,4.5,"australia,new zealand"
sony,KD-55X80K,138.798,55,led,467,available,3.5,"australia,new zealand"
sony,KD-75X80K,189.306,75,led,704,available,4.0,"australia,new zealand"
kogan,KAQLED85XQ9610STA,214.783,85,led,970,available,4.0,"australia,fiji,new zealand"
samsung,QA65QN900BW,163.897,65,led,1135,available,1.0,"australia,fiji,new zealand"
samsung,QA65QN900BS,163.897,65,led,1135,available,1.0,"australia,fiji,new zealand"
samsung,QA65QN900B*,163.897,65,led,1135,available,1.0,"australia,fiji,new zealand"
samsung,QA85QN900BW,214.783,85,led,1605,available,1.5,"australia,fiji,new zealand"
samsung,QA85QN900BS,214.783,85,led,1605,available,1.5,"australia,fiji,new zealand"
samsung,QA85QN900B*,214.783,85,led,1605,available,1.5,"australia,fiji,new zealand"
sony,KD-65X80K,163.878,65,led,544,available,4.0,"australia,new zealand"
samsung,QA75QN900BW,189.338,75,led,1445,available,1.0,"australia,fiji,new zealand"
samsung,QA75QN900BS,189.338,75,led,1445,available,1.0,"australia,fiji,new zealand"
samsung,QA75QN900B*,189.338,75,led,1445,available,1.0,"australia,fiji,new zealand"
samsung,QA43LS03BAW,107.987,43,led,339,available,3.0,"australia,fiji,new zealand"
samsung,QA43LS03BAS,107.987,43,led,339,available,3.0,"australia,fiji,new zealand"
samsung,QA43LS03BA*,107.987,43,led,339,available,3.0,"australia,fiji,new zealand"
samsung,QA65QN90BAW,163.897,65,led,744,available,2.5,"australia,fiji,new zealand"
samsung,QA65QN90BAS,163.897,65,led,744,available,2.5,"australia,fiji,new zealand"
samsung,QA65QN90BA*,163.897,65,led,744,available,2.5,"australia,fiji,new zealand"
samsung,QA65QN95BAW,163.897,65,led,781,available,2.5,"australia,fiji,new zealand"
samsung,QA65QN95BAS,163.897,65,led,781,available,2.5,"australia,fiji,new zealand"
samsung,QA65QN95BA*,163.897,65,led,781,available,2.5,"australia,fiji,new zealand"
samsung,QA85QN85BAW,214.783,85,led,715,available,5.0,"australia,fiji,new zealand"
samsung,QA85QN85BAS,214.783,85,led,715,available,5.0,"australia,fiji,new zealand"
samsung,QA85QN85BA*,214.783,85,led,715,available,5.0,"australia,fiji,new zealand"
samsung,QA65Q80BAW,163.897,65,led,755,available,2.5,"australia,fiji,new zealand"
samsung,QA65Q80BAS,163.897,65,led,755,available,2.5,"australia,fiji,new zealand"
samsung,QA65Q80BA*,163.897,65,led,755,available,2.5,"australia,fiji,new zealand"
samsung,QA55QN95BAW,138.783,55,led,635,available,2.0,"australia,fiji,new zealand"
samsung,QA55QN95BAS,138.783,55,led,635,available,2.0,"australia,fiji,new zealand"
samsung,QA55QN95BA*,138.783,55,led,635,available,2.0,"australia,fiji,new zealand"
samsung,QA55QN700BS,138.783,55,led,817,available,1.0,"australia,fiji,new zealand"
samsung,QA75Q80BAW,189.338,75,led,978,available,2.5,"australia,fiji,new zealand"
samsung,QA75Q80BAS,189.338,75,led,978,available,2.5,"australia,fiji,new zealand"
samsung,QA75Q80BA*,189.338,75,led,978,available,2.5,"australia,fiji,new zealand"
samsung,QA85Q80BAW,214.783,85,led,1233,available,2.5,"australia,fiji,new zealand"
samsung,QA85Q80BAS,214.783,85,led,1233,available,2.5,"australia,fiji,new zealand"
samsung,QA85Q80BA*,214.783,85,led,1233,available,2.5,"australia,fiji,new zealand"
samsung,QA65QN700BW,163.897,65,led,897,available,2.0,"australia,fiji,new zealand"
samsung,QA65QN700BS,163.897,65,led,897,available,2.0,"australia,fiji,new zealand"
samsung,QA65QN700B*,163.897,65,led,897,available,2.0,"australia,fiji,new zealand"
samsung,QA65LS01BAW,163.897,65,led,492,available,4.5,"australia,fiji,new zealand"
samsung,QA65LS01BBW,163.897,65,led,492,available,4.5,"australia,fiji,new zealand"
samsung,QA55LS01BAW,138.783,55,led,426,available,4.0,"australia,fiji,new zealand"
samsung,QA55LS01BBW,138.783,55,led,426,available,4.0,"australia,fiji,new zealand"
furrion,FDFD24D3D,60.47,24,led,107,available,4.0,"australia,fiji,new zealand"
sony,XR-55A80K,138.798,55,oled,387,available,4.0,"australia,new zealand"
kogan,KALED32EH7520SVA,80.039,32,led,110,available,5.5,"australia,fiji,new zealand"
sony,XR-65A80K,163.878,65,oled,451,available,5.0,"australia,new zealand"
sony,XR-77A80K,194.726,77,oled,629,available,5.0,"australia,new zealand"
sony,XR-75X90K,189.306,75,led,732,available,4.0,"australia,new zealand"
sony,XR-65X90K,163.878,65,led,555,available,4.0,"australia,new zealand"
lg,43UQ80006LB,107.987,43,led,269,available,4.0,"australia,new zealand"
lg,50NANO806QA,125.727,50,led,276,available,5.0,"australia,new zealand"
lg,50UQ75006LF,125.727,50,led,342,available,4.0,"australia,new zealand"
lg,55UQ75006LF,138.783,55,led,419,available,4.0,"australia,new zealand"
lg,65NANO806QA,163.897,65,led,419,available,5.0,"australia,new zealand"
lg,65QNED96SQA,163.897,65,led,557,available,4.0,"australia,new zealand"
lg,65QNED99SQB,163.897,65,led,776,available,2.5,"australia,new zealand"
lg,65QNED996QB,163.897,65,led,776,available,2.5,"australia,new zealand"
lg,65UQ80006LB,163.897,65,led,466,available,4.5,"australia,new zealand"
lg,75NANO816QA,189.275,75,led,462,available,6.0,"australia,new zealand"
lg,75QNED99SQB,189.275,75,led,849,available,3.5,"australia,new zealand"
lg,75QNED996QB,189.275,75,led,849,available,3.5,"australia,new zealand"
lg,75UQ80006LB,189.275,75,led,605,available,5.0,"australia,new zealand"
lg,86QNED99SQB,217.425,86,led,1200,available,3.0,"australia,new zealand"
lg,86QNED996QB,217.425,86,led,1200,available,3.0,"australia,new zealand"
lg,OLED77Z2PSA,194.738,77,oled,959,available,3.0,"australia,new zealand"
lg,OLED88Z2PSA,222.494,88,oled,1171,available,3.0,"australia,new zealand"
lg,OLED88Z26LA,222.494,88,oled,1171,available,3.0,"australia,new zealand"
eko,K500USG,125.731,50,led,210,available,6.0,australia
blaupunkt,BP500USG9500,125.731,50,led,210,available,6.0,australia
eko,K65USW,163.896,65,lcd,396,available,5.5,australia
samsung,QA55LS01BAS,138.783,55,led,426,available,4.0,"australia,fiji,new zealand"
samsung,QA55LS01B**,138.783,55,led,426,available,4.0,"australia,fiji,new zealand"
samsung,QA65LS01BAS,163.897,65,led,492,available,4.5,"australia,fiji,new zealand"
samsung,QA65LS01B**,163.897,65,led,492,available,4.5,"australia,fiji,new zealand"
samsung,QA50Q80BAS,125.727,50,led,507,available,2.0,"australia,fiji,new zealand"
samsung,QA75QN700BW,189.338,75,led,1000,available,2.5,"australia,fiji,new zealand"
samsung,QA75QN700BS,189.338,75,led,1000,available,2.5,"australia,fiji,new zealand"
samsung,QA75QN700B*,189.338,75,led,1000,available,2.5,"australia,fiji,new zealand"
linsar,LS32C12V,80.054,32,lcd,99,available,6.0,"australia,fiji,new zealand"
samsung,QA43LS01BAW,107.987,43,led,302,available,3.5,"australia,fiji,new zealand"
samsung,QA43LS01BBW,107.987,43,led,302,available,3.5,"australia,fiji,new zealand"
samsung,QA43LS01BAS,107.987,43,led,302,available,3.5,"australia,fiji,new zealand"
samsung,QA43LS01B**,107.987,43,led,302,available,3.5,"australia,fiji,new zealand"
samsung,QA50LS01BAS,125.736,50,led,353,available,4.0,"australia,fiji,new zealand"
samsung,HG43AU800AW,107.987,43,led,251,available,4.0,"australia,fiji,new zealand"
samsung,HG50AU800AW,125.727,50,led,291,available,4.5,"australia,fiji,new zealand"
samsung,QA55Q80BAW,138.783,55,led,580,available,2.5,"australia,fiji,new zealand"
samsung,QA55Q80BAS,138.783,55,led,580,available,2.5,"australia,fiji,new zealand"
samsung,QA55Q80BA*,138.783,55,led,580,available,2.5,"australia,fiji,new zealand"
samsung,HG55AU800AW,138.783,55,led,317,available,5.0,"australia,fiji,new zealand"
samsung,HG65AU800AW,163.897,65,led,419,available,5.0,"australia,fiji,new zealand"
samsung,HG75AU800AW,189.338,75,led,576,available,5.0,"australia,fiji,new zealand"
sony,XR-55X90K,138.798,55,led,471,available,3.5,"australia,new zealand"
samsung,QA55Q6*BA*,138.783,55,led,321,available,5.0,"australia,fiji,new zealand"
samsung,QA55Q63BAS,138.783,55,led,321,available,5.0,"australia,fiji,new zealand"
samsung,QA55Q60BAW,138.783,55,led,321,available,5.0,"australia,fiji,new zealand"
samsung,QA55Q60BAS,138.783,55,led,321,available,5.0,"australia,fiji,new zealand"
samsung,QA43Q6*BAS,107.987,43,led,259,available,4.0,"australia,fiji,new zealand"
samsung,QA43Q63BAS,107.987,43,led,259,available,4.0,"australia,fiji,new zealand"
samsung,QA43Q60BAS,107.987,43,led,259,available,4.0,"australia,fiji,new zealand"
samsung,QA50Q6*BAS,125.727,50,led,295,available,4.5,"australia,fiji,new zealand"
samsung,QA50Q63BAS,125.727,50,led,295,available,4.5,"australia,fiji,new zealand"
samsung,QA50Q60BAS,125.727,50,led,295,available,4.5,"australia,fiji,new zealand"
samsung,QA75Q63BAS,189.338,75,led,671,available,4.5,"australia,fiji,new zealand"
samsung,QA75Q6*BA*,189.338,75,led,671,available,4.5,"australia,fiji,new zealand"
samsung,QA75Q63BAK,189.338,75,led,671,available,4.5,"australia,fiji,new zealand"
samsung,QA75Q60BAW,189.338,75,led,671,available,4.5,"australia,fiji,new zealand"
samsung,QA75Q60BAS,189.338,75,led,671,available,4.5,"australia,fiji,new zealand"
samsung,QA65Q63BAS,163.897,65,led,430,available,5.0,"australia,fiji,new zealand"
samsung,QA65Q6*BA*,163.897,65,led,430,available,5.0,"australia,fiji,new zealand"
samsung,QA65Q63BAK,163.897,65,led,430,available,5.0,"australia,fiji,new zealand"
samsung,QA65Q60BAW,163.897,65,led,430,available,5.0,"australia,fiji,new zealand"
samsung,QA65Q60BAS,163.897,65,led,430,available,5.0,"australia,fiji,new zealand"
lg,65QNED966QA,163.897,65,led,557,available,4.0,"australia,new zealand"
lg,75QNED966QA,189.275,75,led,630,available,4.5,"australia,new zealand"
lg,86UQ91006LA,217.425,86,led,915,available,4.0,"australia,new zealand"
polaroid,PL5021WOS,125.774,50,led,202,available,6.0,"australia,fiji,new zealand"
eko,K650USG,163.896,65,led,520,available,4.5,australia
eko,K240HSG,59.774,24,lcd,84,available,5.0,australia
blaupunkt,BP240HSG9200,59.774,24,lcd,84,available,5.0,australia
eko,K58USG,145.865,58,lcd,468,available,4.0,australia
eko,K40FSW,100.332,40,led,151,available,6.0,australia
blaupunkt,BP4000F,100.332,40,led,151,available,6.0,australia
eko,K400FSG,100.305,40,lcd,151,available,6.0,australia
sony,XR-65X95K,163.878,65,led,835,available,2.0,"australia,new zealand"
sony,XR-75X95K,189.306,75,led,894,available,3.0,"australia,new zealand"
sony,XR-85X95K,214.783,85,led,1076,available,3.5,"australia,new zealand"
eko,K700USG,177.538,70,led,590,available,4.5,australia
lg,OLED83G2PSA,209.585,83,oled,663,available,5.5,"australia,new zealand"
lg,OLED83G26LA,209.585,83,oled,663,available,5.5,"australia,new zealand"
sony,XR-65A95K,163.878,65,oled,507,available,4.5,"australia,new zealand"
samsung,QA43LS05BAW,107.987,43,led,306,available,3.0,"australia,fiji,new zealand"
samsung,QA43LS05BBW,107.987,43,led,306,available,3.0,"australia,fiji,new zealand"
samsung,QA43LS05BAS,107.987,43,led,306,available,3.0,"australia,fiji,new zealand"
samsung,QA43LS05B**,107.987,43,led,306,available,3.0,"australia,fiji,new zealand"
kogan,KAQLED50XQ9610STA,125.638,50,led,331,available,4.0,"australia,fiji,new zealand"
dgtec,DG5521WOS,138.798,55,lcd,256,available,6.0,"australia,fiji,new zealand"
akai,AK4021S6WOS,100.305,40,lcd,131,available,6.0,"australia,fiji,new zealand"
jvc,LT-40N5115AM,100.344,40,led,151,available,6.0,australia
jvc,LT-55N7115AM,138.886,55,led,360,available,4.5,"australia,fiji"
lg,55UP751C0VG,138.783,55,led,422,available,4.0,"australia,new zealand"
lg,65UP751C0VG,163.897,65,led,532,available,4.0,"australia,new zealand"
lg,75UP751C0VC,189.275,75,led,627,available,4.5,"australia,new zealand"
chiq,L24D6C,59.774,24,lcd,82,available,5.0,"australia,fiji,new zealand"
bauhn,ATV85UHDW-0322,214.783,85,lcd,600,available,6.0,australia
polaroid,PL3221HDC,80.054,32,lcd,99,available,6.0,"australia,fiji,new zealand"
eko,K55USW,138.798,55,lcd,385,available,4.0,australia
sony,XR-48A90K,120.713,48,oled,315,available,4.0,"australia,new zealand"
sony,KD-50X85K,125.725,50,led,347,available,4.0,"australia,new zealand"
sony,KD-55X85K,138.798,55,led,504,available,3.0,"australia,new zealand"
sony,KD-65X85K,163.878,65,led,661,available,3.0,"australia,new zealand"
sony,KD-75X85K,189.306,75,led,826,available,3.5,"australia,new zealand"
sony,KD-85X85K,214.783,85,led,875,available,4.0,"australia,new zealand"
jvc,LT-75N7125A,188.974,75,led,758,available,4.0,australia
jvc,LT-65N7115AM,163.682,65,led,370,available,6.0,"australia,fiji"
akai,AK8521S6WOS,214.783,85,lcd,600,available,6.0,australia
jvc,LT-55NQ7105AT2,138.783,55,led,320,available,5.0,"australia,fiji"
linsar,LS85UHDNF,214.783,85,lcd,600,available,6.0,australia
kogan,KALED50XU9220STD,125.638,50,led,284,available,5.0,"australia,fiji,new zealand"
kogan,KALED75XU9220STA,189.306,75,led,536,available,5.5,"australia,fiji,new zealand"
kogan,KAQLED65XQ9610STB,163.829,65,led,572,available,4.0,"australia,fiji,new zealand"
kogan,KALED32RH9310STA,79.967,32,led,104,available,6.0,"australia,fiji,new zealand"
samsung,QA32LS03BBK,80.008,32,led,145,available,4.5,"australia,fiji,new zealand"
samsung,QA32LS03BBW,80.008,32,led,145,available,4.5,"australia,fiji,new zealand"
samsung,QA32LS03BBS,80.008,32,led,145,available,4.5,"australia,fiji,new zealand"
samsung,QA32LS03B**,80.008,32,led,145,available,4.5,"australia,fiji,new zealand"
sony,KD-43X85K,107.95,43,led,286,available,3.5,"australia,new zealand"
avel innovations,AVS240WS,60.22,24,led,90,available,4.5,australia
lg,55QNED85SQA,138.783,55,led,375,available,4.5,"australia,new zealand"
lg,55QNED866QA,138.783,55,led,375,available,4.5,"australia,new zealand"
lg,65QNED85SQA,163.897,65,led,484,available,4.5,"australia,new zealand"
lg,65QNED866QA,163.897,65,led,484,available,4.5,"australia,new zealand"
lg,75QNED85SQA,189.275,75,led,587,available,5.0,"australia,new zealand"
lg,75QNED866QA,189.275,75,led,587,available,5.0,"australia,new zealand"
lg,86QNED85SQA,217.425,86,led,754,available,5.0,"australia,new zealand"
lg,86QNED866QA,217.425,86,led,754,available,5.0,"australia,new zealand"
sony,XR-42A90K,105.531,42,oled,256,available,4.0,"australia,new zealand"
avel innovations,AVS240KS,60.22,24,led,91,available,4.5,australia
avel innovations,AVS325KS,80.103,32,led,145,available,4.5,australia
eko,K40FSW,100.332,40,lcd,252,available,3.5,australia
eko,K650USG,163.896,65,lcd,505,available,4.5,australia
kogan,KALED58XU9230STA,146.039,58,led,448,available,4.0,"australia,fiji,new zealand"
kogan,KALED24RH9310STA,59.774,24,led,68,available,6.0,"australia,fiji,new zealand"
polaroid,PL2421FHDC,59.774,24,led,68,available,6.0,"australia,fiji,new zealand"
teac,LE50GA522,125.731,50,led,210,available,6.0,"australia,fiji,new zealand"
teac,LE55GA522,138.783,55,led,247,available,6.0,"australia,fiji,new zealand"
chiq,L24G5W,59.774,24,led,82,available,5.0,"australia,fiji,new zealand"
chiq,L32G5W,79.967,32,led,131,available,5.0,"australia,fiji,new zealand"
chiq,L40G5W,100.305,40,led,185,available,5.0,"australia,fiji,new zealand"
eko,K400DVD,100.332,40,lcd,155,available,5.5,australia
jvc,LT-43N7125A,107.814,43,lcd,235,available,4.5,"australia,fiji"
tcl,43C635,107.95,43,led,218,available,4.5,"australia,fiji,new zealand"
tcl,50C635,125.638,50,led,307,available,4.5,"australia,fiji,new zealand"
tcl,55C635,138.711,55,led,320,available,5.0,"australia,fiji,new zealand"
tcl,65C635,163.829,65,led,410,available,5.5,"australia,fiji,new zealand"
tcl,75C635,189.306,75,led,527,available,5.5,"australia,fiji,new zealand"
jvc,LT-50NQ7115A,125.589,50,lcd,354,available,4.0,"australia,fiji"
lg,65ART90ESQA,163.897,65,oled,462,available,5.0,"australia,new zealand"
lg,65ART90ESQB,163.897,65,oled,462,available,5.0,"australia,new zealand"
lg,65ART90ESQC,163.897,65,oled,462,available,5.0,"australia,new zealand"
lg,65ART90E6QA,163.897,65,oled,462,available,5.0,"australia,new zealand"
lg,65ART90E6QB,163.897,65,oled,462,available,5.0,"australia,new zealand"
lg,65ART90E6QC,163.897,65,oled,462,available,5.0,"australia,new zealand"
lg,65ART90E,163.897,65,oled,462,available,5.0,"australia,new zealand"
kogan,KALED70UN8920SNA,176.537,70,led,667,available,4.0,"australia,fiji,new zealand"
kogan,KALED70UN8920SNB,176.537,70,led,667,available,4.0,"australia,fiji,new zealand"
kogan,KALED70UN8920SNC,176.537,70,led,667,available,4.0,"australia,fiji,new zealand"
kogan,KALED70UN8920SND,176.537,70,led,667,available,4.0,"australia,fiji,new zealand"
kogan,D70S218-U-T2C-S-I,176.537,70,led,667,available,4.0,"australia,fiji,new zealand"
kogan,KALED70*,176.537,70,led,667,available,4.0,"australia,fiji,new zealand"
kogan,KALED19PRIZC,47.013,19,led,62,available,5.0,"australia,fiji,new zealand"
kogan,KALED24EH6300NA,59.827,24,led,83,available,5.0,"australia,fiji,new zealand"
kogan,KALED24EH6300NB,59.827,24,led,83,available,5.0,"australia,fiji,new zealand"
kogan,KALED24EH6300NC,59.827,24,led,83,available,5.0,"australia,fiji,new zealand"
kogan,KALED24EH6300ND,59.827,24,led,83,available,5.0,"australia,fiji,new zealand"
kogan,D236GD064C-T2C,59.827,24,led,83,available,5.0,"australia,fiji,new zealand"
kogan,KALED24*,59.827,24,led,83,available,5.0,"australia,fiji,new zealand"
bauhn,ATV50UHDW-0422,125.725,50,lcd,220,available,6.0,"australia,fiji,new zealand"
eko,K70USW,176.539,70,lcd,405,available,6.0,australia
tcl,55C735,138.711,55,led,320,available,5.0,"australia,fiji,new zealand"
tcl,65C735,163.829,65,led,440,available,5.0,"australia,fiji,new zealand"
tcl,75C735,189.306,75,led,665,available,4.5,"australia,fiji,new zealand"
tcl,55C835,138.711,55,led,587,available,2.5,"australia,fiji,new zealand"
tcl,65C835,163.829,65,led,726,available,3.0,"australia,fiji,new zealand"
tcl,75C835,189.306,75,led,1130,available,2.0,"australia,fiji,new zealand"
linsar,LS50UHDNF,125.725,50,lcd,220,available,6.0,"australia,fiji,new zealand"
samsung,QA65S95BAW,163.897,65,led,569,available,4.0,"australia,fiji,new zealand"
samsung,QA65S95BAS,163.897,65,led,569,available,4.0,"australia,fiji,new zealand"
samsung,QA65S95BA*,163.897,65,led,569,available,4.0,"australia,fiji,new zealand"
eko,K43FSG11,107.942,43,led,216,available,5.0,australia
blaupunkt,BP320HSG9700,80.029,32,led,151,available,4.0,australia
eko,K400FSG,100.328,40,led,141,available,6.0,australia
blaupunkt,BP400FSG9700,100.328,40,led,141,available,6.0,australia
bauhn,ATV70UHDW-0422,176.592,70,lcd,395,available,6.0,australia
samsung,QA55S95BA*,138.783,55,led,521,available,3.0,"australia,fiji,new zealand"
samsung,QA55S95BAS,138.783,55,led,521,available,3.0,"australia,fiji,new zealand"
samsung,QA55S95BAW,138.783,55,led,521,available,3.0,"australia,fiji,new zealand"
chiq,U50G7P,125.725,50,led,265,available,5.0,"australia,fiji,new zealand"
chiq,U55G7P,138.886,55,led,349,available,4.5,"australia,fiji,new zealand"
chiq,U55QM8V,138.798,55,led,415,available,4.0,"australia,fiji,new zealand"
chiq,U65QM8V,163.896,65,led,572,available,4.0,"australia,fiji,new zealand"
linsar,LS24C12V,62.228,25,lcd,67,available,6.0,"australia,fiji,new zealand"
lsp tv,Prison TV,48.313,20,led,60,available,5.0,australia
chiq,L40G7P,100.305,40,led,189,available,5.0,"australia,fiji,new zealand"
chiq,U43G7P,107.863,43,led,240,available,4.5,"australia,fiji,new zealand"
chiq,U65G7P,163.829,65,led,506,available,4.5,"australia,fiji,new zealand"
bauhn,ATV55UHDQ-0722,138.711,55,lcd,305,available,5.5,australia
prism+,Q55 PRO QE,138.711,55,led,424,available,4.0,australia
philips,65PUT8507/79,163.897,65,led,469,available,4.5,"australia,fiji,new zealand"
philips,65PUT8507/75,163.897,65,led,469,available,4.5,"australia,fiji,new zealand"
philips,50PUT8507/79,125.725,50,led,329,available,4.0,"australia,fiji,new zealand"
philips,50PUT8507/75,125.725,50,led,329,available,4.0,"australia,fiji,new zealand"
toshiba,75C350LP,189.274,75,led,489,available,6.0,"australia,new zealand"
walton,W32D120GE,80.039,32,led,115,available,5.5,"australia,fiji,new zealand"
walton,W32D120G,80.039,32,led,115,available,5.5,"australia,fiji,new zealand"
walton,W32D120GAU,80.039,32,led,115,available,5.5,"australia,fiji,new zealand"
walton,W32D120G_AU,80.039,32,led,115,available,5.5,"australia,fiji,new zealand"
walton,32D120G,80.039,32,led,115,available,5.5,"australia,fiji,new zealand"
walton,32D120GAU,80.039,32,led,115,available,5.5,"australia,fiji,new zealand"
walton,32D120G_AU,80.039,32,led,115,available,5.5,"australia,fiji,new zealand"
walton,WD40RGE,100.333,40,led,135,available,6.0,"australia,fiji,new zealand"
walton,WD40RG,100.333,40,led,135,available,6.0,"australia,fiji,new zealand"
walton,WD40RGAU,100.333,40,led,135,available,6.0,"australia,fiji,new zealand"
walton,WD40RG_AU,100.333,40,led,135,available,6.0,"australia,fiji,new zealand"
walton,40RG,100.333,40,led,135,available,6.0,"australia,fiji,new zealand"
walton,40RGAU,100.333,40,led,135,available,6.0,"australia,fiji,new zealand"
walton,40RG_AU,100.333,40,led,135,available,6.0,"australia,fiji,new zealand"
walton,W43D210GE,107.956,43,led,138,available,7.0,"australia,fiji,new zealand"
walton,W43D210G,107.956,43,led,138,available,7.0,"australia,fiji,new zealand"
walton,W43D210GAU,107.956,43,led,138,available,7.0,"australia,fiji,new zealand"
walton,W43D210G_AU,107.956,43,led,138,available,7.0,"australia,fiji,new zealand"
walton,43D210G,107.956,43,led,138,available,7.0,"australia,fiji,new zealand"
walton,43D210GAU,107.956,43,led,138,available,7.0,"australia,fiji,new zealand"
walton,43D210G_AU,107.956,43,led,138,available,7.0,"australia,fiji,new zealand"
blaupunkt,BP750USG9300,189.266,75,lcd,692,available,4.0,australia
eko,K55DVAQ,138.613,55,lcd,380,available,4.5,australia
eko,K32FSG11,79.831,32,lcd,130,available,5.0,australia
blaupunkt,BP550USG9800,138.798,55,lcd,380,available,4.5,australia
eko,K58USG,146.059,58,led,465,available,4.0,australia
hisense,50A6HAU,125.731,50,led,254,available,5.5,"australia,new zealand"
blaupunkt,BP3200HDV7100,80.043,32,led,131,available,5.0,australia
eko,K65DVAQ,163.644,65,lcd,725,available,3.0,australia
samsung,HG50BU800AW,125.727,50,led,346,available,4.0,"australia,fiji,new zealand"
samsung,HG55BU800AW,138.783,55,led,416,available,4.0,"australia,fiji,new zealand"
philips,55PUT8507/79,138.798,55,led,381,available,4.5,"australia,fiji,new zealand"
philips,55PUT8507/75,138.798,55,led,381,available,4.5,"australia,fiji,new zealand"
samsung,HG43BU800AW,107.987,43,led,270,available,4.0,"australia,fiji,new zealand"
samsung,HG65BU800AW,163.897,65,led,437,available,5.0,"australia,fiji,new zealand"
samsung,HG75BU800AW,189.338,75,led,576,available,5.0,"australia,fiji,new zealand"
hisense,58A6HAU,146.068,58,led,335,available,5.5,"australia,new zealand"
toshiba,43C350LP,107.986,43,led,214,available,5.0,"australia,new zealand"
toshiba,50C350LP,125.731,50,led,269,available,5.0,"australia,new zealand"
toshiba,55C350LP,138.783,55,led,269,available,6.0,"australia,new zealand"
toshiba,65C350LP,163.896,65,led,333,available,6.0,"australia,new zealand"
philips,50PUT8217/79,125.725,50,led,248,available,5.5,"australia,fiji"
philips,50PUT8217/75,125.725,50,led,248,available,5.5,"australia,fiji"
philips,75PUT8507/79,189.306,75,led,537,available,5.5,"australia,fiji,new zealand"
philips,75PUT8507/75,189.306,75,led,537,available,5.5,"australia,fiji,new zealand"
tcl,85P735,214.783,85,led,728,available,5.0,"australia,fiji,new zealand"
tcl,85C735,214.783,85,led,941,available,4.0,"australia,fiji,new zealand"
philips,55PUT8217/79,138.798,55,led,293,available,5.5,"australia,fiji,new zealand"
philips,55PUT8217/75,138.798,55,led,293,available,5.5,"australia,fiji,new zealand"
lg,43UQ751C0LF,107.987,43,led,284,available,3.5,"australia,new zealand"
lg,50UQ751C0LF,125.727,50,led,342,available,4.0,"australia,new zealand"
lg,55UQ751C0LF,138.783,55,led,419,available,4.0,"australia,new zealand"
lg,65UQ751C0LF,163.897,65,led,532,available,4.0,"australia,new zealand"
lg,75UQ801C0LB,189.275,75,led,605,available,5.0,"australia,new zealand"
lg,42LX1Q6LA,105.52,42,oled,232,available,4.5,"australia,new zealand"
lg,42LX1QPSA,105.52,42,oled,232,available,4.5,"australia,new zealand"
lg,48LX1Q6LA,120.721,48,oled,284,available,4.5,"australia,new zealand"
lg,48LX1QPSA,120.721,48,oled,284,available,4.5,"australia,new zealand"
lg,55LX1Q6LA,138.783,55,oled,349,available,4.5,"australia,new zealand"
lg,55LX1QPSA,138.783,55,oled,349,available,4.5,"australia,new zealand"
caixun,LE-24T1,59.774,24,led,70,available,5.5,"australia,fiji,new zealand"
caixun,LE-24T2,59.774,24,led,70,available,5.5,"australia,fiji,new zealand"
caixun,LE-24T3,59.774,24,led,70,available,5.5,"australia,fiji,new zealand"
caixun,LE-24V1,59.774,24,led,70,available,5.5,"australia,fiji,new zealand"
caixun,LE-24V2,59.774,24,led,70,available,5.5,"australia,fiji,new zealand"
caixun,LE-24V3,59.774,24,led,70,available,5.5,"australia,fiji,new zealand"
prism+,Q65 PRO QE,163.896,65,led,400,available,5.5,australia
kogan,KALED50XU9220STE,125.638,50,led,284,available,5.0,"australia,fiji,new zealand"
akai,AK2421FHD,59.774,24,led,68,available,6.0,"australia,fiji,new zealand"
akai,AK2421HD,59.774,24,led,68,available,6.0,"australia,fiji,new zealand"
akai,AK2421S5D,59.774,24,led,68,available,6.0,"australia,fiji,new zealand"
polaroid,PL3222HDG,80.997,32,lcd,103,available,6.0,"australia,fiji,new zealand"
teac,LE32GA322,79.967,32,led,110,available,5.5,"australia,fiji,new zealand"
caixun,LE-39T1,97.401,39,led,138,available,6.0,"australia,fiji,new zealand"
caixun,LE-39T2,97.401,39,led,138,available,6.0,"australia,fiji,new zealand"
caixun,LE-39T3,97.401,39,led,138,available,6.0,"australia,fiji,new zealand"
caixun,LE-39V1,97.401,39,led,138,available,6.0,"australia,fiji,new zealand"
caixun,LE-39V2,97.401,39,led,138,available,6.0,"australia,fiji,new zealand"
caixun,LE-39V3,97.401,39,led,138,available,6.0,"australia,fiji,new zealand"
lg,50UR765H0VC,125.727,50,led,287,available,4.5,"australia,new zealand"
lg,55UR765H0VC,138.783,55,led,295,available,5.5,"australia,new zealand"
lg,65UR765H0VC,163.897,65,led,422,available,5.0,"australia,new zealand"
caixun,LE-40T1,100.305,40,led,151,available,6.0,"australia,fiji,new zealand"
caixun,LE-40T2,100.305,40,led,151,available,6.0,"australia,fiji,new zealand"
caixun,LE-40T3,100.305,40,led,151,available,6.0,"australia,fiji,new zealand"
caixun,LE-40V1,100.305,40,led,151,available,6.0,"australia,fiji,new zealand"
caixun,LE-40V2,100.305,40,led,151,available,6.0,"australia,fiji,new zealand"
caixun,LE-40V3,100.305,40,led,151,available,6.0,"australia,fiji,new zealand"
lg,75UR765H0VC,189.275,75,led,514,available,5.5,"australia,new zealand"
caixun,LE-42T1,105.348,42,led,159,available,6.0,"australia,fiji,new zealand"
caixun,LE-42T2,105.348,42,led,159,available,6.0,"australia,fiji,new zealand"
caixun,LE-42T3,105.348,42,led,159,available,6.0,"australia,fiji,new zealand"
caixun,LE-42V1,105.348,42,led,159,available,6.0,"australia,fiji,new zealand"
caixun,LE-42V2,105.348,42,led,159,available,6.0,"australia,fiji,new zealand"
caixun,LE-42V3,105.348,42,led,159,available,6.0,"australia,fiji,new zealand"
caixun,LE-43T1,107.95,43,led,162,available,6.0,"australia,fiji,new zealand"
caixun,LE-43T2,107.95,43,led,162,available,6.0,"australia,fiji,new zealand"
caixun,LE-43T3,107.95,43,led,162,available,6.0,"australia,fiji,new zealand"
caixun,LE-43V1,107.95,43,led,162,available,6.0,"australia,fiji,new zealand"
caixun,LE-43V2,107.95,43,led,162,available,6.0,"australia,fiji,new zealand"
caixun,LE-43V3,107.95,43,led,162,available,6.0,"australia,fiji,new zealand"
tcl,65C935,163.829,65,led,689,available,3.0,"australia,fiji,new zealand"
tcl,75C935,189.306,75,led,810,available,3.5,"australia,fiji,new zealand"
bauhn,ATV75UHDW-0622,189.306,75,led,469,available,6.0,"australia,fiji,new zealand"
blaupunkt,BP650USG9700,163.897,65,led,400,available,5.5,australia
blaupunkt,BP860USG9700,217.421,86,led,988,available,4.0,australia
blaupunkt,BP550USG9700,138.783,55,led,335,available,5.0,australia
blaupunkt,BP420FSG9700,105.407,42,led,163,available,6.0,australia
hisense,55U7HAU,138.783,55,led,380,available,4.5,"australia,new zealand"
hisense,55U7HNZ,138.783,55,led,380,available,4.5,"australia,new zealand"
hisense,65U7HAU,163.896,65,led,464,available,5.0,"australia,new zealand"
hisense,65U7HNZ,163.896,65,led,464,available,5.0,"australia,new zealand"
hisense,75U7HAU,189.274,75,led,599,available,5.0,"australia,new zealand"
hisense,75U7HNZ,189.274,75,led,599,available,5.0,"australia,new zealand"
hisense,85U7HAU,214.783,85,led,868,available,4.5,"australia,new zealand"
hisense,85U7HNZ,214.783,85,led,868,available,4.5,"australia,new zealand"
hisense,32A4HAU,80.04,32,led,104,available,6.0,"australia,new zealand"
hisense,40A4HAU,100.332,40,led,135,available,6.0,"australia,new zealand"
samsung,QA98QN100BW,247.702,98,led,1602,available,3.0,"australia,fiji,new zealand"
samsung,QA98QN100BS,247.702,98,led,1602,available,3.0,"australia,fiji,new zealand"
samsung,QA98QN100B*,247.702,98,led,1602,available,3.0,"australia,fiji,new zealand"
hisense,55U7H series,138.783,55,led,380,available,4.5,"australia,new zealand"
hisense,65U7H series,163.896,65,led,464,available,5.0,"australia,new zealand"
hisense,75U7H series,189.274,75,led,599,available,5.0,"australia,new zealand"
hisense,85U7H series,214.783,85,led,868,available,4.5,"australia,new zealand"
samsung,HG43Q60BAAW,107.987,43,led,259,available,4.0,"australia,fiji,new zealand"
samsung,HG50Q60BAAW,125.727,50,led,295,available,4.5,"australia,fiji,new zealand"
samsung,HG55Q60BAAW,138.783,55,led,321,available,5.0,"australia,fiji,new zealand"
samsung,HG65Q60BAAW,163.897,65,led,430,available,5.0,"australia,fiji,new zealand"
samsung,HG75Q60BAAW,189.338,75,led,671,available,4.5,"australia,fiji,new zealand"
bauhn,ATV40FHDG-1122,100.305,40,led,148,available,6.0,"australia,fiji,new zealand"
bauhn,ATV40FHDG-0822,100.305,40,led,148,available,6.0,"australia,fiji,new zealand"
kogan,LE-40T1,100.332,40,led,151,available,6.0,"australia,fiji,new zealand"
kogan,KALED40GF7600VA,100.332,40,led,151,available,6.0,"australia,fiji,new zealand"
lg,OLED55CS6LA,138.783,55,oled,375,available,4.5,"australia,new zealand"
lg,OLED55CSPSA,138.783,55,oled,375,available,4.5,"australia,new zealand"
lg,OLED65CS6LA,163.897,65,oled,462,available,5.0,"australia,new zealand"
lg,OLED65CSPSA,163.897,65,oled,462,available,5.0,"australia,new zealand"
lg,OLED77CS6LA,194.738,77,oled,572,available,5.5,"australia,new zealand"
lg,OLED77CSPSA,194.738,77,oled,572,available,5.5,"australia,new zealand"
lg,42LX3Q6LA,105.52,42,oled,232,available,4.5,"australia,new zealand"
lg,42LX3QPSA,105.52,42,oled,232,available,4.5,"australia,new zealand"
lg,50QNED7SSQA,125.727,50,led,269,available,5.0,"australia,new zealand"
lg,55QNED7SSQA,138.783,55,led,346,available,4.5,"australia,new zealand"
lg,65QNED7SSQA,163.897,65,led,419,available,5.0,"australia,new zealand"
lg,75QNED7SSQA,189.275,75,led,477,available,6.0,"australia,new zealand"
eko,K32DVD,80.043,32,lcd,131,available,5.0,australia
smarttech,SMT-U50T1,125.731,50,led,210,available,6.0,"australia,fiji,new zealand"
smarttech,SMT-U55T1,138.783,55,led,247,available,6.0,"australia,fiji,new zealand"
smarttech,SMT-U65T1,163.896,65,led,386,available,5.5,"australia,fiji,new zealand"
kogan,LE-32T1,80.039,32,led,110,available,5.5,"australia,new zealand"
kogan,KALED32QH6200VA,80.039,32,led,110,available,5.5,"australia,new zealand"
kogan,LE-24T1,59.824,24,led,70,available,5.5,"australia,new zealand"
kogan,KALED24DH5200VA,59.824,24,led,70,available,5.5,"australia,new zealand"
lg,OLED97G2PSA,245.145,97,oled,802,available,6.0,"australia,new zealand"
lg,OLED97G26LA,245.145,97,oled,802,available,6.0,"australia,new zealand"
sphere,S8LED185,46.995,19,led,67,available,4.5,"australia,new zealand"
sphere,S8LED185S,46.995,19,led,67,available,4.5,"australia,new zealand"
sphere,S8LED215,54.687,22,led,93,available,4.0,"australia,new zealand"
sphere,S8LED215S,54.687,22,led,93,available,4.0,"australia,new zealand"
sphere,S8LED238,60.47,24,led,100,available,4.0,"australia,new zealand"
sphere,S8LED238S,60.47,24,led,100,available,4.0,"australia,new zealand"
bauhn,ATV70UHDT-1022,176.545,70,lcd,420,available,6.0,"australia,fiji,new zealand"
blaupunkt,BP550USG9700,138.798,55,lcd,380,available,4.5,australia
hisense,55U8HAU,138.783,55,led,476,available,3.5,"australia,new zealand"
hisense,55U8HNZ,138.783,55,led,476,available,3.5,"australia,new zealand"
hisense,65U8HAU,163.896,65,led,638,available,3.5,"australia,new zealand"
hisense,65U8HNZ,163.896,65,led,638,available,3.5,"australia,new zealand"
smarttech,SMT-H32T1,79.967,32,led,110,available,5.5,"australia,fiji,new zealand"
smarttech,SMT-F40T1,100.305,40,led,151,available,6.0,"australia,fiji,new zealand"
sphere,S8LED215 series,54.687,22,led,93,available,4.0,"australia,new zealand"
signify,EA2277,138.783,55,led,378,available,4.5,"australia,new zealand"
jvc,AV-H323115A11,80.139,32,lcd,118,available,5.5,"australia,fiji"
jvc,LT-32N3115A11,80.139,32,lcd,118,available,5.5,"australia,fiji"
hisense,55U8H series,138.783,55,led,476,available,3.5,"australia,new zealand"
jvc,,80.139,32,lcd,118,available,5.5,"australia,fiji"
jvc,LT-40N5115A11,100.791,40,lcd,186,available,5.0,australia
jvc,AV-H657115A11,163.132,65,lcd,512,available,4.5,"australia,fiji"
jvc,LT-65N7115A11,163.132,65,lcd,512,available,4.5,"australia,fiji"
jvc,,163.132,65,lcd,512,available,4.5,"australia,fiji"
jvc,AV-H557135A11,138.412,55,lcd,375,available,4.5,"australia,fiji"
jvc,LT-55N7115A11,138.412,55,lcd,375,available,4.5,"australia,fiji"
jvc,,138.412,55,lcd,375,available,4.5,"australia,fiji"
jvc,AV-H437115A11,107.912,43,lcd,269,available,4.0,"australia,fiji"
svision,SC32HSG,80.029,32,led,151,available,4.0,australia
hisense,65U8H series,163.896,65,led,638,available,3.5,"australia,new zealand"
linsar,LS98UHDNF,247.695,98,lcd,823,available,6.0,"australia,fiji,new zealand"
akai,AK5021S6WOS,125.725,50,led,220,available,6.0,"australia,fiji,new zealand"
blaupunkt,BP400FSG9700,100.791,40,lcd,186,available,5.0,australia
blaupunkt,BP320HSG9700,80.139,32,lcd,118,available,5.5,australia
eko,K320HSG,80.139,32,lcd,118,available,5.5,australia
chiq,L32D6C,79.967,32,led,112,available,5.5,"australia,fiji,new zealand"
eko,K650USG,163.132,65,lcd,512,available,4.5,australia
eko,K550USG,138.798,55,lcd,380,available,4.5,australia
eko,K55USW,138.783,55,lcd,353,available,4.5,australia
eko,K65USW,163.896,65,lcd,409,available,5.5,australia
eko,K75USW,189.34,75,lcd,840,available,3.5,australia
blaupunkt,BP650USG9700,163.132,65,lcd,512,available,4.5,australia
kogan,KALED55RT9230SVA,138.783,55,led,247,available,6.0,"australia,fiji,new zealand"
lg,55AN960H0SD,138.783,55,oled,258,available,6.0,"australia,new zealand"
lg,65AN960H0SD,163.897,65,oled,320,available,6.0,"australia,new zealand"
englaon,LED40X70,100.722,40,led,140,available,6.0,australia
englaon,LED40X90,100.722,40,led,140,available,6.0,australia
englaon,Smart LED TV,100.722,40,led,140,available,6.0,australia
eko,K400DVD,100.332,40,lcd,175,available,5.0,australia
blaupunkt,BP750USG9700,188.424,75,lcd,811,available,3.5,australia
eko,K500USG,125.251,50,lcd,376,available,3.5,australia
hisense,75U80HAU,189.274,75,led,955,available,3.0,"australia,new zealand"
hisense,55X8HAU,138.783,55,oled,319,available,5.0,"australia,new zealand"
hisense,65X8HAU,163.896,65,oled,369,available,6.0,"australia,new zealand"
hisense,65U9HAU,163.896,65,led,649,available,3.5,"australia,new zealand"
hisense,65X9HAU,163.896,65,oled,459,available,5.0,"australia,new zealand"
hisense,98U7HNZ,247.695,98,led,1028,available,5.0,"australia,new zealand"
hisense,98U7HAU,247.695,98,led,1028,available,5.0,"australia,new zealand"
hisense,98U7H series,247.695,98,led,1028,available,5.0,"australia,new zealand"
blaupunkt,BP85WOS,214.783,85,lcd,743,available,5.0,australia
linsar,LS82UHDNF2,207.217,82,lcd,630,available,5.5,"australia,fiji,new zealand"
englaon,LED32X70,80.784,32,led,148,available,4.5,australia
englaon,LED32X90,80.784,32,led,148,available,4.5,australia
englaon,Smart LED TV,80.784,32,led,148,available,4.5,australia
furrion,FDFD24D4D,60.47,24,lcd,120,available,3.5,"australia,fiji,new zealand"
kogan,KAOLED55X2SKA,138.554,55,oled,424,available,4.0,"australia,fiji,new zealand"
kogan,KAOLED65X2SKA,164.249,65,oled,586,available,4.0,"australia,fiji,new zealand"
tcl,65RP630,163.829,65,led,220,available,8.0,"australia,fiji,new zealand"
tcl,55RP630,138.711,55,led,190,available,7.0,"australia,fiji,new zealand"
lg,43UQ901C0SD,107.987,43,led,276,available,3.5,"australia,new zealand"
lg,50UQ901C0SD,125.727,50,led,331,available,4.0,"australia,new zealand"
lg,55UQ901C0SD,138.783,55,led,419,available,4.0,"australia,new zealand"
lg,65UQ901C0SD,163.897,65,led,543,available,4.0,"australia,new zealand"
lg,75UQ901C0SD,189.275,75,led,605,available,5.0,"australia,new zealand"
lg,86UQ901C0SD,217.425,86,led,915,available,4.0,"australia,new zealand"
linsar,LSK55WSFW,138.783,55,lcd,272,available,6.0,"australia,fiji,new zealand"
bauhn,ATV60UHDW-1023,152.444,61,lcd,296,available,6.0,australia
blaupunkt,BP240HSG9700,59.814,24,led,105,available,4.0,australia
eko,K240HSG,59.814,24,led,105,available,4.0,australia
iluma,ILU-SMARTTV32-DVD,80.376,32,lcd,119,available,5.0,"australia,new zealand"
iluma,VK3201D,80.376,32,lcd,119,available,5.0,"australia,new zealand"
iluma,VK3202D,80.376,32,lcd,119,available,5.0,"australia,new zealand"
iluma,VK3203D,80.376,32,lcd,119,available,5.0,"australia,new zealand"
iluma,VK3204D,80.376,32,lcd,119,available,5.0,"australia,new zealand"
iluma,VK3205D,80.376,32,lcd,119,available,5.0,"australia,new zealand"
blaupunkt,BP430FSG9700,107.863,43,lcd,176,available,5.5,australia
eko,K43FSG11,107.863,43,lcd,176,available,5.5,australia
linsar,LSK32WSFW,80.038,32,lcd,105,available,6.0,"australia,fiji,new zealand"
kogan,KALED75XU9420STA,189.306,75,led,488,available,6.0,"australia,fiji,new zealand"
kogan,KALED32RH9510STA,79.967,32,led,104,available,6.0,"australia,fiji,new zealand"
tcl,58P635,146.039,58,led,251,available,6.0,"australia,fiji,new zealand"
eko,K40FSW,100.332,40,lcd,151,available,6.0,"australia,fiji,new zealand"
linsar,LS75UHDZEN,189.219,75,lcd,480,available,6.0,"australia,fiji,new zealand"
eko,K750USG,189.34,75,lcd,949,available,3.0,australia
blaupunkt,BP750USG9700,189.34,75,lcd,949,available,3.0,australia
linsar,LS65UHDZEN,163.878,65,lcd,360,available,6.0,"australia,fiji,new zealand"
eko,K40FSW,100.332,40,lcd,151,available,6.0,australia
iluma,ILU-SMARTTV24-DVD,60.493,24,lcd,112,available,3.5,"australia,new zealand"
iluma,VK2401D,60.493,24,lcd,112,available,3.5,"australia,new zealand"
iluma,VK2402D,60.493,24,lcd,112,available,3.5,"australia,new zealand"
iluma,VK2403D,60.493,24,lcd,112,available,3.5,"australia,new zealand"
iluma,VK2404D,60.493,24,lcd,112,available,3.5,"australia,new zealand"
iluma,VK2405D,60.493,24,lcd,112,available,3.5,"australia,new zealand"
eko,K70USW,176.538,70,lcd,630,available,4.0,australia
eko,K700USG,176.538,70,lcd,695,available,3.5,australia
jvc,LT-75N7125A11,188.424,75,lcd,811,available,3.5,australia
eko,K55USW,138.783,55,led,324,available,5.0,"australia,new zealand"
eko,K400DVD,100.332,40,lcd,175,available,5.0,"australia,fiji,new zealand"
iluma,"ILU-SMARTTV32-DVD, VK3201D, VK3202D; VK3203D, VK3204D, VK3205D",80.376,32,lcd,119,available,5.0,"australia,new zealand"
iluma,"ILU-SMARTTV24-DVD, VK2401D, VK2402D, VK2403D, VK2404D, VK2405D",60.493,24,lcd,112,available,3.5,"australia,new zealand"
kogan,KALED58TU9420SKA,146.092,58,led,410,available,4.5,"australia,fiji,new zealand"
jvc,AV-HQ507115A11,126.112,50,lcd,374,available,3.5,australia
jvc,LT-50NQ7115A11,125.093,50,lcd,253,available,5.0,australia
jvc,LT-32N3135A,80.039,32,led,110,available,5.5,australia
kogan,KALED70TX9520SKA,176.539,70,led,580,available,4.5,"australia,fiji,new zealand"
linsar,LS85UHDZEN,214.783,85,lcd,610,available,6.0,"australia,fiji,new zealand"
akai,AK4022S7WOS,100.217,40,lcd,150,available,6.0,"australia,fiji,new zealand"
kogan,KAQLED85XQ98JSTA,214.783,85,led,974,available,4.0,"australia,fiji,new zealand"
kogan,KAQLED85XQ98JSTB,214.783,85,led,974,available,4.0,"australia,fiji,new zealand"
kogan,KAQLED85XQ98JSTC,214.783,85,led,974,available,4.0,"australia,fiji,new zealand"
kogan,KAQLED85XQ98JSTD,214.783,85,led,974,available,4.0,"australia,fiji,new zealand"
bauhn,ATV43UHDT-0123,107.987,43,led,170,available,6.0,"australia,fiji,new zealand"
eko,K55USW,138.783,55,led,323,available,5.0,"australia,new zealand"
jvc,LT-55NQ7105A11,138.783,55,lcd,330,available,5.0,australia
akai,AK6522S7TZN,163.878,65,lcd,370,available,6.0,"australia,fiji,new zealand"
bauhn,Tizen TV,163.878,65,led,360,available,6.0,"australia,fiji,new zealand"
bauhn,ATV65UHDT-0123,163.878,65,led,360,available,6.0,"australia,fiji,new zealand"
bauhn,ATV65UHDT-0922,163.878,65,led,360,available,6.0,"australia,fiji,new zealand"
sony,KD-55X80L,138.798,55,led,467,available,3.5,"australia,new zealand"
sony,KD-65X80L,163.878,65,led,544,available,4.0,"australia,new zealand"
kodak,KD40WOS2,100.217,40,lcd,150,available,6.0,"australia,fiji,new zealand"
kogan,KALED50RN9220STA,125.638,50,led,277,available,5.0,"australia,fiji,new zealand"
kogan,KALED50RN9220STB,125.638,50,led,277,available,5.0,"australia,fiji,new zealand"
kogan,KALED50RN9220STC,125.638,50,led,277,available,5.0,"australia,fiji,new zealand"
kogan,KALED50RN9220STD,125.638,50,led,277,available,5.0,"australia,fiji,new zealand"
kogan,KAQLED65XQ98JSTA,163.829,65,led,579,available,4.0,"australia,fiji,new zealand"
kogan,KAQLED65XQ98JSTB,163.829,65,led,579,available,4.0,"australia,fiji,new zealand"
kogan,KAQLED65XQ98JSTC,163.829,65,led,579,available,4.0,"australia,fiji,new zealand"
kogan,KAQLED65XQ98JSTD,163.829,65,led,579,available,4.0,"australia,fiji,new zealand"
kogan,KAQLED75XQ98JSTA,189.306,75,led,667,available,4.5,"australia,fiji,new zealand"
kogan,KAQLED75XQ98JSTB,189.306,75,led,667,available,4.5,"australia,fiji,new zealand"
kogan,KAQLED75XQ98JSTC,189.306,75,led,667,available,4.5,"australia,fiji,new zealand"
kogan,KAQLED75XQ98JSTD,189.306,75,led,667,available,4.5,"australia,fiji,new zealand"
kogan,KAQLED55XQ98JSTA,138.711,55,led,339,available,5.0,"australia,fiji,new zealand"
kogan,KAQLED55XQ98JSTB,138.711,55,led,339,available,5.0,"australia,fiji,new zealand"
kogan,KAQLED55XQ98JSTC,138.711,55,led,339,available,5.0,"australia,fiji,new zealand"
kogan,KAQLED55XQ98JSTD,138.711,55,led,339,available,5.0,"australia,fiji,new zealand"
kogan,KALED65XU9220STB,163.829,65,led,404,available,5.5,"australia,fiji,new zealand"
kogan,KALED65XU9220STC,163.829,65,led,404,available,5.5,"australia,fiji,new zealand"
kogan,KALED65XU9220STD,163.829,65,led,404,available,5.5,"australia,fiji,new zealand"
kogan,KALED65XU9220STE,163.829,65,led,404,available,5.5,"australia,fiji,new zealand"
kogan,KALED65XU9220STF,163.829,65,led,404,available,5.5,"australia,fiji,new zealand"
englaon,LED24M30,60.542,24,led,108,available,4.0,australia
englaon,LED24X70,61.928,25,led,102,available,4.5,australia
englaon,LED24X90,61.928,25,led,102,available,4.5,australia
englaon,"LED24X70, LED24X90",61.928,25,led,102,available,4.5,australia
polaroid,PL3221HDC,80.043,32,lcd,102,available,6.0,"australia,fiji,new zealand"
dgtec,DG65UHDOS,163.896,65,led,367,available,6.0,"australia,fiji,new zealand"
sony,XR-55A80L,138.798,55,oled,387,available,4.0,"australia,new zealand"
sony,XR-65A80L,163.878,65,oled,451,available,5.0,"australia,new zealand"
linsar,LS50UHDZEN,125.727,50,lcd,225,available,6.0,"australia,fiji,new zealand"
linsar,LS55UHDZEN,138.783,55,lcd,272,available,6.0,"australia,fiji,new zealand"
teac,LEV24A423,59.824,24,led,83,available,5.0,australia
akai,AK7522S7TZN,189.219,75,lcd,480,available,6.0,"australia,fiji,new zealand"
kogan,KAQLED50XQ98JSTA,125.638,50,led,382,available,3.5,"australia,fiji,new zealand"
kogan,KAQLED50XQ98JSTB,125.638,50,led,382,available,3.5,"australia,fiji,new zealand"
kogan,KAQLED50XQ98JSTC,125.638,50,led,382,available,3.5,"australia,fiji,new zealand"
kogan,KAQLED50XQ98JSTD,125.638,50,led,382,available,3.5,"australia,fiji,new zealand"
monster,MT24HDW-LT22,59.774,24,led,66,available,6.0,"australia,fiji,new zealand"
monster,MT32HDW-LT22,80.054,32,lcd,90,available,6.0,"australia,fiji,new zealand"
linsar,LSK43WSFW,107.956,43,lcd,172,available,6.0,"australia,fiji,new zealand"
polaroid,PL55M4G11,138.412,55,lcd,254,available,6.0,"australia,fiji,new zealand"
lg,32LN340CBSD,80.043,32,led,123,available,5.0,"australia,new zealand"
altius,AT24HDW-BCF,59.774,24,lcd,66,available,6.0,"australia,fiji,new zealand"
kodak,KD32WOS2,80.054,32,lcd,90,available,6.0,"australia,fiji,new zealand"
altius,AT32HDW-BCF,80.054,32,lcd,90,available,6.0,"australia,fiji,new zealand"
kogan,KALED42RF7510SPA,105.415,42,led,180,available,5.5,australia
teac,LEV32A423,80.039,32,led,124,available,5.0,australia
teac,LEV32A422,80.039,32,led,124,available,5.0,australia
teac,LEV32A *423 *422,80.039,32,led,124,available,5.0,australia
akai,AK5022S7TZN,125.727,50,lcd,225,available,6.0,"australia,fiji,new zealand"
kogan,KALED42RF7510SPB,105.415,42,led,180,available,5.5,australia
kogan,KALED42RF7510SPC,105.415,42,led,180,available,5.5,australia
kogan,KALED42RF7510SPD,105.415,42,led,180,available,5.5,australia
kogan,KALED42RF7510SP*,105.415,42,led,180,available,5.5,australia
teac,LEV24A422,80.039,32,led,124,available,5.0,australia
sony,XR-77A80L,194.726,77,oled,629,available,5.0,"australia,new zealand"
kogan,KALED43RF9820STA,107.863,43,led,203,available,5.0,"australia,fiji,new zealand"
kogan,KALED43RF9820STB,107.863,43,led,203,available,5.0,"australia,fiji,new zealand"
kogan,KALED43RF9820STC,107.863,43,led,203,available,5.0,"australia,fiji,new zealand"
kogan,KALED43RF9820STD,107.863,43,led,203,available,5.0,"australia,fiji,new zealand"
kogan,KALED43RF9820STE,107.863,43,led,203,available,5.0,"australia,fiji,new zealand"
akai,AK3221S6WOS,80.043,32,lcd,89,available,6.0,"australia,fiji,new zealand"
polaroid,PL6521UHDG,163.132,65,lcd,348,available,6.0,"australia,fiji,new zealand"
sharp,2T-C32EG1X,80.043,32,led,110,available,5.5,"australia,fiji,new zealand"
sharp,2T-C42EG1X,105.415,42,led,197,available,5.0,"australia,fiji,new zealand"
sharp,4T-C50DK1X,125.727,50,led,312,available,4.5,"australia,fiji,new zealand"
sharp,4T-C70DL1X,176.563,70,led,457,available,5.5,"australia,fiji,new zealand"
blaupunkt,BP430FSG9700,107.863,43,lcd,199,available,5.0,"australia,fiji,new zealand"
eko,K43FSG11,107.863,43,lcd,199,available,5.0,"australia,fiji,new zealand"
blaupunkt,BP430FSG9700C,107.863,43,lcd,199,available,5.0,"australia,fiji,new zealand"
kodak,KD55WOS2,138.783,55,lcd,256,available,6.0,"australia,fiji,new zealand"
linsar,LS75UHDNF,189.306,75,led,469,available,6.0,"australia,fiji,new zealand"
blaupunkt,BP58WOS,146.068,58,led,405,available,4.5,"australia,new zealand"
loewe,BILD i65,163.857,65,oled,418,available,5.0,"australia,new zealand"
loewe,BILD i55,138.798,55,oled,354,available,4.5,"australia,new zealand"
loewe,BILD i48,120.713,48,oled,274,available,4.5,"australia,new zealand"
blaupunkt,BP500USG9700,138.783,55,led,332,available,5.0,"australia,new zealand"
ffalcon,FF55RU62,138.711,55,led,190,available,7.0,"australia,fiji,new zealand"
sharp,4T-C60DL1X,152.663,61,led,504,available,4.0,"australia,fiji,new zealand"
bauhn,ATV50UHDT-0323,125.727,50,lcd,225,available,6.0,"australia,fiji,new zealand"
bauhn,ATV75UHDT-0423,189.219,75,lcd,480,available,6.0,"australia,fiji,new zealand"
blaupunkt,BP85WOS,214.783,85,lcd,834,available,4.5,"australia,fiji,new zealand"
sony,XR-55X90L,138.798,55,led,450,available,3.5,"australia,new zealand"
sony,XR-65X90L,163.878,65,led,535,available,4.0,"australia,new zealand"
lg,OLED42C3PSA,105.52,42,oled,232,available,4.5,"australia,new zealand"
lg,OLED42C36LA,105.52,42,oled,232,available,4.5,"australia,new zealand"
lg,OLED48A3PSA,120.721,48,oled,276,available,4.5,"australia,new zealand"
lg,OLED48A36LA,120.721,48,oled,276,available,4.5,"australia,new zealand"
lg,OLED48C3PSA,120.721,48,oled,284,available,4.5,"australia,new zealand"
lg,OLED48C36LA,120.721,48,oled,284,available,4.5,"australia,new zealand"
lg,OLED55A3PSA,138.783,55,oled,309,available,5.0,"australia,new zealand"
lg,OLED55A36LA,138.783,55,oled,309,available,5.0,"australia,new zealand"
lg,OLED55B3PSA,138.783,55,oled,364,available,4.5,"australia,new zealand"
lg,OLED55B36LA,138.783,55,oled,364,available,4.5,"australia,new zealand"
lg,OLED55C3PSA,138.783,55,oled,349,available,4.5,"australia,new zealand"
lg,OLED55C36LA,138.783,55,oled,349,available,4.5,"australia,new zealand"
lg,OLED55G3PSA,138.783,55,oled,422,available,4.0,"australia,new zealand"
lg,OLED55G36LA,138.783,55,oled,422,available,4.0,"australia,new zealand"
lg,OLED65A3PSA,163.897,65,oled,378,available,5.5,"australia,new zealand"
lg,OLED65A36LA,163.897,65,oled,378,available,5.5,"australia,new zealand"
lg,OLED65B3PSA,163.897,65,oled,444,available,5.0,"australia,new zealand"
lg,OLED65B36LA,163.897,65,oled,444,available,5.0,"australia,new zealand"
lg,OLED65C3PSA,163.897,65,oled,411,available,5.5,"australia,new zealand"
lg,OLED65C36LA,163.897,65,oled,411,available,5.5,"australia,new zealand"
lg,OLED65G3PSA,163.897,65,oled,532,available,4.0,"australia,new zealand"
lg,OLED65G36LA,163.897,65,oled,532,available,4.0,"australia,new zealand"
lg,OLED77B3PSA,194.738,77,oled,579,available,5.0,"australia,new zealand"
lg,OLED77B36LA,194.738,77,oled,579,available,5.0,"australia,new zealand"
lg,OLED77C3PSA,194.738,77,oled,561,available,5.5,"australia,new zealand"
lg,OLED77C36LA,194.738,77,oled,561,available,5.5,"australia,new zealand"
lg,OLED77G3PSA,194.738,77,oled,718,available,4.5,"australia,new zealand"
lg,OLED77G36LA,194.738,77,oled,718,available,4.5,"australia,new zealand"
lg,OLED77Z3PSA,194.738,77,oled,871,available,3.5,"australia,new zealand"
lg,OLED83C3PSA,209.585,83,oled,656,available,5.5,"australia,new zealand"
lg,OLED83C36LA,209.585,83,oled,656,available,5.5,"australia,new zealand"
lg,OLED83G3PSA,209.585,83,oled,663,available,5.5,"australia,new zealand"
lg,OLED83G36LA,209.585,83,oled,663,available,5.5,"australia,new zealand"
bauhn,ATV24HDG-0223,59.774,24,led,84,available,5.0,"australia,fiji,new zealand"
sony,KD-75X80L,189.306,75,led,692,available,4.0,"australia,new zealand"
sony,KD-85X80L,214.783,85,led,878,available,4.0,"australia,new zealand"
samsung,QA65Q60CAW,163.897,65,led,394,available,5.5,"australia,fiji,new zealand"
samsung,QA65Q60CAS,163.897,65,led,394,available,5.5,"australia,fiji,new zealand"
samsung,QA65Q63CAS,163.897,65,led,394,available,5.5,"australia,fiji,new zealand"
samsung,QA65Q6*CA*,163.897,65,led,394,available,5.5,"australia,fiji,new zealand"
yokohama,YOKT55Q8,139.332,55,lcd,278,available,5.5,australia
yokohama,YOKT65Q8,164.003,65,lcd,542,available,4.0,australia
samsung,QA50Q60CAS,125.727,50,led,280,available,5.0,"australia,fiji,new zealand"
samsung,QA50Q63CAS,125.727,50,led,280,available,5.0,"australia,fiji,new zealand"
samsung,QA50Q6*CA*,125.727,50,led,280,available,5.0,"australia,fiji,new zealand"
lg,50QNED81SRA,125.727,50,led,295,available,4.5,"australia,new zealand"
lg,50QNED816RA,125.727,50,led,295,available,4.5,"australia,new zealand"
lg,55QNED81SRA,138.783,55,led,346,available,4.5,"australia,new zealand"
lg,55QNED816RA,138.783,55,led,346,available,4.5,"australia,new zealand"
lg,65QNED81SRA,163.897,65,led,433,available,5.0,"australia,new zealand"
lg,65QNED816RA,163.897,65,led,433,available,5.0,"australia,new zealand"
lg,75QNED81SRA,189.275,75,led,492,available,5.5,"australia,new zealand"
lg,75QNED816RA,189.275,75,led,492,available,5.5,"australia,new zealand"
lg,86QNED81SRA,217.425,86,led,725,available,5.0,"australia,new zealand"
lg,86QNED816RA,217.425,86,led,725,available,5.0,"australia,new zealand"
samsung,QA43Q60CAS,107.987,43,led,259,available,4.0,"australia,fiji,new zealand"
samsung,QA43Q63CAS,107.987,43,led,259,available,4.0,"australia,fiji,new zealand"
samsung,QA43Q6*CA*,107.987,43,led,259,available,4.0,"australia,fiji,new zealand"
samsung,QA55Q60CAW,138.783,55,led,321,available,5.0,"australia,fiji,new zealand"
samsung,QA55Q60CAS,138.783,55,led,321,available,5.0,"australia,fiji,new zealand"
samsung,QA55Q63CAS,138.783,55,led,321,available,5.0,"australia,fiji,new zealand"
samsung,QA55Q6*CA*,138.783,55,led,321,available,5.0,"australia,fiji,new zealand"
samsung,QA50QN90CAW,125.727,50,led,346,available,4.0,"australia,fiji,new zealand"
samsung,QA50QN90CAS,125.727,50,led,346,available,4.0,"australia,fiji,new zealand"
samsung,QA50QN90CA*,125.727,50,led,346,available,4.0,"australia,fiji,new zealand"
samsung,QA55QN90CAW,138.783,55,led,416,available,4.0,"australia,fiji,new zealand"
samsung,QA55QN90CAS,138.783,55,led,416,available,4.0,"australia,fiji,new zealand"
samsung,QA55QN90CA*,138.783,55,led,416,available,4.0,"australia,fiji,new zealand"
sony,KD-55X85L,138.798,55,led,396,available,4.0,"australia,new zealand"
sony,KD-65X85L,163.878,65,led,533,available,4.0,"australia,new zealand"
prism+,Q55U,138.731,55,led,304,available,5.5,australia
samsung,QA85Q60CAW,214.783,85,led,635,available,5.5,"australia,fiji,new zealand"
samsung,QA85Q60CAS,214.783,85,led,635,available,5.5,"australia,fiji,new zealand"
samsung,QA85Q6*CA*,214.783,85,led,635,available,5.5,"australia,fiji,new zealand"
samsung,QA65QN90CAW,163.897,65,led,569,available,4.0,"australia,fiji,new zealand"
samsung,QA65QN90CAS,163.897,65,led,569,available,4.0,"australia,fiji,new zealand"
samsung,QA65QN90CA*,163.897,65,led,569,available,4.0,"australia,fiji,new zealand"
samsung,QA75QN90CAW,189.338,75,led,682,available,4.5,"australia,fiji,new zealand"
samsung,QA75QN90CAS,189.338,75,led,682,available,4.5,"australia,fiji,new zealand"
samsung,QA75QN90CA*,189.338,75,led,682,available,4.5,"australia,fiji,new zealand"
ffalcon,FF65RU62,163.829,65,led,220,available,8.0,"australia,fiji,new zealand"
lg,43UR8050PSB,107.987,43,led,269,available,4.0,"australia,new zealand"
lg,43UR80006LJ,107.987,43,led,269,available,4.0,"australia,new zealand"
lg,50UR8050PSB,125.727,50,led,287,available,4.5,"australia,new zealand"
lg,50UR80006LJ,125.727,50,led,287,available,4.5,"australia,new zealand"
lg,55UR8050PSB,138.783,55,led,357,available,4.5,"australia,new zealand"
lg,55UR80006LJ,138.783,55,led,357,available,4.5,"australia,new zealand"
lg,65UR8050PSB,163.897,65,led,466,available,4.5,"australia,new zealand"
lg,65UR80006LJ,163.897,65,led,466,available,4.5,"australia,new zealand"
lg,75UR8050PSB,189.275,75,led,605,available,5.0,"australia,new zealand"
lg,86UR8050PSB,217.425,86,led,915,available,4.0,"australia,new zealand"
ffalcon,FF43RU62,107.95,43,led,160,available,6.0,"australia,fiji,new zealand"
ffalcon,FF50RU62,125.638,50,led,190,available,6.0,"australia,fiji,new zealand"
bauhn,ATV24HDG-0223,59.774,24,led,61,available,6.0,"australia,fiji,new zealand"
samsung,QA43QN90CAW,107.987,43,led,259,available,4.0,"australia,fiji,new zealand"
samsung,QA43QN90CAS,107.987,43,led,259,available,4.0,"australia,fiji,new zealand"
samsung,QA43QN90CA*,107.987,43,led,259,available,4.0,"australia,fiji,new zealand"
sony,XR-75X90L,189.306,75,led,589,available,5.0,"australia,new zealand"
prism+,Q65U,163.897,65,led,465,available,5.0,australia
samsung,QA65QN85CAW,163.897,65,led,503,available,4.5,"australia,fiji,new zealand"
samsung,QA65QN85CAS,163.897,65,led,503,available,4.5,"australia,fiji,new zealand"
samsung,QA65QN85CA*,163.897,65,led,503,available,4.5,"australia,fiji,new zealand"
samsung,QA75QN85CAW,189.338,75,led,562,available,5.0,"australia,fiji,new zealand"
samsung,QA75QN85CAS,189.338,75,led,562,available,5.0,"australia,fiji,new zealand"
samsung,QA75QN85CA*,189.338,75,led,562,available,5.0,"australia,fiji,new zealand"
samsung,UA43CU8000W,107.987,43,led,259,available,4.0,"australia,fiji,new zealand"
samsung,UA43CU8000S,107.987,43,led,259,available,4.0,"australia,fiji,new zealand"
samsung,UA43CU8500S,107.987,43,led,259,available,4.0,"australia,fiji,new zealand"
samsung,UA43CU8*00*,107.987,43,led,259,available,4.0,"australia,fiji,new zealand"
samsung,UA50CU8000W,125.736,50,led,328,available,4.0,"australia,fiji,new zealand"
samsung,UA50CU8000S,125.736,50,led,328,available,4.0,"australia,fiji,new zealand"
samsung,UA50CU8500S,125.736,50,led,328,available,4.0,"australia,fiji,new zealand"
samsung,UA50CU8*00*,125.736,50,led,328,available,4.0,"australia,fiji,new zealand"
samsung,UA55CU8000W,138.783,55,led,361,available,4.5,"australia,fiji,new zealand"
samsung,UA55CU8000S,138.783,55,led,361,available,4.5,"australia,fiji,new zealand"
samsung,UA55CU8500S,138.783,55,led,361,available,4.5,"australia,fiji,new zealand"
samsung,UA55CU8*00*,138.783,55,led,361,available,4.5,"australia,fiji,new zealand"
samsung,UA65CU8000W,163.897,65,led,452,available,5.0,"australia,fiji,new zealand"
samsung,UA65CU8000S,163.897,65,led,452,available,5.0,"australia,fiji,new zealand"
samsung,UA65CU8500S,163.897,65,led,452,available,5.0,"australia,fiji,new zealand"
samsung,UA65CU8*00*,163.897,65,led,452,available,5.0,"australia,fiji,new zealand"
eko,K42FSW2,105.415,42,lcd,260,available,3.5,"australia,fiji"
samsung,QA75Q70CAW,189.338,75,led,580,available,5.0,"australia,fiji,new zealand"
samsung,QA75Q70CAS,189.338,75,led,580,available,5.0,"australia,fiji,new zealand"
samsung,QA75Q70CA*,189.338,75,led,580,available,5.0,"australia,fiji,new zealand"
samsung,QA85QN90CAW,214.783,85,led,897,available,4.0,"australia,fiji,new zealand"
samsung,QA85QN90CAS,214.783,85,led,897,available,4.0,"australia,fiji,new zealand"
samsung,QA85QN90CA*,214.783,85,led,897,available,4.0,"australia,fiji,new zealand"
eko,K32HSW,80.039,32,led,140,available,4.5,"australia,fiji,new zealand"
samsung,QA55Q80CAW,138.783,55,led,412,available,4.0,"australia,fiji,new zealand"
samsung,QA55Q80CAS,138.783,55,led,412,available,4.0,"australia,fiji,new zealand"
samsung,QA55Q80CA*,138.783,55,led,412,available,4.0,"australia,fiji,new zealand"
samsung,QA32LS03CBW,80.008,32,led,160,available,4.0,"australia,fiji,new zealand"
samsung,QA85QN85CAW,214.783,85,led,755,available,5.0,"australia,new zealand"
samsung,QA85QN85CAS,214.783,85,led,755,available,5.0,"australia,new zealand"
samsung,QA85QN85CA*,214.783,85,led,755,available,5.0,"australia,new zealand"
samsung,QA65QN800CW,163.897,65,led,963,available,1.5,"australia,fiji,new zealand"
samsung,QA65QN800CS,163.897,65,led,963,available,1.5,"australia,fiji,new zealand"
samsung,QA65QN800C*,163.897,65,led,963,available,1.5,"australia,fiji,new zealand"
samsung,QA75QN800CW,189.338,75,led,1069,available,2.5,"australia,fiji,new zealand"
samsung,QA75QN800CS,189.338,75,led,1069,available,2.5,"australia,fiji,new zealand"
samsung,QA75QN800C*,189.338,75,led,1069,available,2.5,"australia,fiji,new zealand"
samsung,UA75CU8000W,189.338,75,led,605,available,5.0,"australia,fiji,new zealand"
samsung,UA75CU8000S,189.338,75,led,605,available,5.0,"australia,fiji,new zealand"
samsung,UA75CU8000*,189.338,75,led,605,available,5.0,"australia,fiji,new zealand"
samsung,QA85Q70CAW,214.783,85,led,791,available,4.5,"australia,fiji,new zealand"
samsung,QA85Q70CAS,214.783,85,led,791,available,4.5,"australia,fiji,new zealand"
samsung,QA85Q70CA*,214.783,85,led,791,available,4.5,"australia,fiji,new zealand"
samsung,QA65Q80CAW,163.897,65,led,562,available,4.0,"australia,fiji,new zealand"
samsung,QA65Q80CAS,163.897,65,led,562,available,4.0,"australia,fiji,new zealand"
samsung,QA65Q80CA*,163.897,65,led,562,available,4.0,"australia,fiji,new zealand"
samsung,QA75Q80CAW,189.338,75,led,744,available,4.0,"australia,fiji,new zealand"
samsung,QA75Q80CAS,189.338,75,led,744,available,4.0,"australia,fiji,new zealand"
samsung,QA75Q80CA*,189.338,75,led,744,available,4.0,"australia,fiji,new zealand"
samsung,QA85Q80CAW,214.783,85,led,948,available,4.0,"australia,fiji,new zealand"
samsung,QA85Q80CAS,214.783,85,led,948,available,4.0,"australia,fiji,new zealand"
samsung,QA85Q80CA*,214.783,85,led,948,available,4.0,"australia,fiji,new zealand"
samsung,QA55Q70CAW,138.783,55,led,419,available,4.0,"australia,fiji,new zealand"
samsung,QA55Q70CAS,138.783,55,led,419,available,4.0,"australia,fiji,new zealand"
samsung,QA55Q70CA*,138.783,55,led,419,available,4.0,"australia,fiji,new zealand"
samsung,QA65Q70CAW,163.897,65,led,532,available,4.0,"australia,fiji,new zealand"
samsung,QA65Q70CAS,163.897,65,led,532,available,4.0,"australia,fiji,new zealand"
samsung,QA65Q70CA*,163.897,65,led,532,available,4.0,"australia,fiji,new zealand"
samsung,QA75QN900CW,189.338,75,led,1244,available,1.5,"australia,fiji,new zealand"
samsung,QA75QN900CS,189.338,75,led,1244,available,1.5,"australia,fiji,new zealand"
samsung,QA75QN900C*,189.338,75,led,1244,available,1.5,"australia,fiji,new zealand"
samsung,QA65QN700CS,163.897,65,led,697,available,3.0,"australia,fiji,new zealand"
samsung,QA85QN900CW,214.783,85,led,1365,available,2.0,"australia,fiji,new zealand"
samsung,QA85QN900CS,214.783,85,led,1365,available,2.0,"australia,fiji,new zealand"
samsung,QA85QN900C*,214.783,85,led,1365,available,2.0,"australia,fiji,new zealand"
lg,43UR78006LL,107.987,43,led,269,available,4.0,"australia,new zealand"
lg,50UR78006LL,125.727,50,led,287,available,4.5,"australia,new zealand"
lg,55UR78006LL,138.783,55,led,357,available,4.5,"australia,new zealand"
lg,65UR78006LL,163.897,65,led,466,available,4.5,"australia,new zealand"
samsung,QA65QN95CAW,163.897,65,led,569,available,4.0,"australia,fiji,new zealand"
samsung,QA65QN95CAS,163.897,65,led,569,available,4.0,"australia,fiji,new zealand"
samsung,QA65QN95CA*,163.897,65,led,569,available,4.0,"australia,fiji,new zealand"
samsung,QA50Q80CAS,125.736,50,led,343,available,4.0,"australia,fiji,new zealand"
samsung,QA75QN700CS,189.338,75,led,784,available,3.5,"australia,fiji,new zealand"
samsung,QA85QN800CW,214.783,85,led,1109,available,3.0,"australia,fiji,new zealand"
samsung,QA85QN800CS,214.783,85,led,1109,available,3.0,"australia,fiji,new zealand"
samsung,QA85QN800C*,214.783,85,led,1109,available,3.0,"australia,fiji,new zealand"
samsung,QA65QN900CW,163.897,65,led,1025,available,1.0,"australia,fiji,new zealand"
samsung,QA65QN900CS,163.897,65,led,1025,available,1.0,"australia,fiji,new zealand"
samsung,QA65QN900C*,163.897,65,led,1025,available,1.0,"australia,fiji,new zealand"
polaroid,PL6521UHDG,163.132,65,lcd,358,available,6.0,"australia,fiji,new zealand"
bauhn,ATV32HDG-0423,79.967,32,led,104,available,6.0,australia
bauhn,ATV32HDG-1022,79.967,32,led,104,available,6.0,australia
bauhn,ATV32HDG-0722,79.967,32,led,104,available,6.0,australia
samsung,QA75QN95CAW,189.338,75,led,711,available,4.0,"australia,fiji,new zealand"
samsung,QA75QN95CAS,189.338,75,led,711,available,4.0,"australia,fiji,new zealand"
samsung,QA75QN95CA*,189.338,75,led,711,available,4.0,"australia,fiji,new zealand"
samsung,QA85QN95CAW,214.783,85,led,905,available,4.0,"australia,fiji,new zealand"
samsung,QA85QN95CAS,214.783,85,led,905,available,4.0,"australia,fiji,new zealand"
samsung,QA85QN95CA*,214.783,85,led,905,available,4.0,"australia,fiji,new zealand"
samsung,QA75Q60CAW,189.338,75,led,671,available,4.5,"australia,fiji,new zealand"
samsung,QA75Q60CAS,189.338,75,led,671,available,4.5,"australia,fiji,new zealand"
samsung,QA75Q63CAS,189.338,75,led,671,available,4.5,"australia,fiji,new zealand"
samsung,QA75Q6*CA*,189.338,75,led,671,available,4.5,"australia,fiji,new zealand"
samsung,QA55QN700CS,138.783,55,led,616,available,2.0,"australia,fiji,new zealand"
samsung,UA75CU8500S,189.338,75,led,605,available,5.0,"australia,fiji,new zealand"
akai,AK5522S7TZN,138.783,55,lcd,272,available,6.0,"australia,fiji,new zealand"
sony,KD-75X77L,189.306,75,led,789,available,3.5,"australia,new zealand"
sony,XR-83A80L,209.636,83,oled,765,available,4.5,"australia,new zealand"
polaroid,PL40S4G11,100.305,40,lcd,149,available,6.0,"australia,fiji,new zealand"
linsar,LS32C12V,80.043,32,lcd,102,available,6.0,"australia,fiji,new zealand"
kogan,KALED98X98JSTA,247.604,98,led,1233,available,4.0,"australia,fiji,new zealand"
eko,K650USG,163.896,65,lcd,554,available,4.0,australia
eko,K550USG,138.783,55,lcd,354,available,4.5,australia
eko,K500USG,125.731,50,lcd,333,available,4.0,australia
kogan,KALED32RH9320STA,79.967,32,led,104,available,6.0,"australia,fiji,new zealand"
lg,65QNED86SRA,163.897,65,led,459,available,5.0,"australia,new zealand"
lg,65QNED866RA,163.897,65,led,459,available,5.0,"australia,new zealand"
lg,75QNED86SRA,189.275,75,led,550,available,5.0,"australia,new zealand"
lg,75QNED866RA,189.275,75,led,550,available,5.0,"australia,new zealand"
lg,86QNED86SRA,217.425,86,led,754,available,5.0,"australia,new zealand"
lg,86QNED866RA,217.425,86,led,754,available,5.0,"australia,new zealand"
blaupunkt,BP650USG9800,163.896,65,lcd,554,available,4.0,australia
sony,KD-55X77L,138.798,55,led,477,available,3.5,"australia,new zealand"
sony,KD-65X77L,163.878,65,led,530,available,4.0,"australia,new zealand"
sony,KD-75X85L,189.306,75,led,667,available,4.5,"australia,new zealand"
lg,43UR81006LJ,107.987,43,led,269,available,4.0,"australia,new zealand"
lg,50UR81006LJ,125.727,50,led,287,available,4.5,"australia,new zealand"
lg,55UR81006LJ,138.783,55,led,357,available,4.5,"australia,new zealand"
lg,65UR81006LJ,163.897,65,led,466,available,4.5,"australia,new zealand"
lg,75UR80006LJ,189.275,75,led,605,available,5.0,"australia,new zealand"
lg,75UR81006LJ,189.275,75,led,605,available,5.0,"australia,new zealand"
lg,86UR80006LA,217.425,86,led,915,available,4.0,"australia,new zealand"
lg,86UR81006LA,217.425,86,led,915,available,4.0,"australia,new zealand"
sony,XR-85X95L,214.783,85,led,1034,available,3.5,"australia,new zealand"
sony,XR-65X95L,163.878,65,led,793,available,2.5,"australia,new zealand"
sony,XR-75X95L,189.306,75,led,894,available,3.0,"australia,new zealand"
samsung,QA55S90CAW,138.783,55,led,416,available,4.0,"australia,fiji,new zealand"
samsung,QA55S90CAS,138.783,55,led,416,available,4.0,"australia,fiji,new zealand"
sony,KD-43X77L,107.95,43,led,288,available,3.5,"australia,new zealand"
sony,KD-50X77L,125.725,50,led,348,available,4.0,"australia,new zealand"
samsung,QA55S90CA*,138.783,55,led,416,available,4.0,"australia,fiji,new zealand"
samsung,QA65S90CAW,163.897,65,led,565,available,4.0,"australia,fiji,new zealand"
samsung,QA65S90CAS,163.897,65,led,565,available,4.0,"australia,fiji,new zealand"
samsung,QA65S90CA*,163.897,65,led,565,available,4.0,"australia,fiji,new zealand"
eko,K43FSG11,107.953,43,led,212,available,5.0,"australia,fiji,new zealand"
ffalcon,FF32RS52,79.967,32,led,99,available,6.0,"australia,fiji,new zealand"
sony,XR-85X90L,214.783,85,led,744,available,5.0,"australia,new zealand"
lg,OLED42C34LA,105.52,42,oled,232,available,4.5,"australia,new zealand"
kogan,KALED65U92TA,163.829,65,led,404,available,5.5,"australia,fiji,new zealand"
bauhn,ATV55UHDT-0723,138.783,55,lcd,272,available,6.0,"australia,fiji"
englaon,LED32M80,86.176,34,led,175,available,4.5,"australia,new zealand"
englaon,LED32X80,86.176,34,led,175,available,4.5,"australia,new zealand"
englaon,32in Smart TV,86.176,34,led,175,available,4.5,"australia,new zealand"
englaon,LED27M80,77.186,31,led,158,available,4.0,australia
englaon,LED27X80,77.186,31,led,158,available,4.0,australia
englaon,27in Smart TV,77.186,31,led,158,available,4.0,australia
samsung,UA85CU8000W,214.783,85,led,726,available,5.0,"australia,fiji,new zealand"
samsung,UA85CU8000S,214.783,85,led,726,available,5.0,"australia,fiji,new zealand"
samsung,UA85CU8*00*,214.783,85,led,726,available,5.0,"australia,fiji,new zealand"
samsung,QA55S95CAW,138.783,55,led,416,available,4.0,"australia,fiji,new zealand"
samsung,QA55S95CAS,138.783,55,led,416,available,4.0,"australia,fiji,new zealand"
samsung,QA55S95CA*,138.783,55,led,416,available,4.0,"australia,fiji,new zealand"
samsung,QA65S95CAW,163.897,65,led,569,available,4.0,"australia,fiji,new zealand"
samsung,QA65S95CAS,163.897,65,led,569,available,4.0,"australia,fiji,new zealand"
samsung,QA65S95CA*,163.897,65,led,569,available,4.0,"australia,fiji,new zealand"
samsung,QA77S95CAW,195.177,77,led,806,available,4.0,"australia,fiji,new zealand"
samsung,QA77S95CAS,195.177,77,led,806,available,4.0,"australia,fiji,new zealand"
samsung,QA77S95CA*,195.177,77,led,806,available,4.0,"australia,fiji,new zealand"
tcl,75C745,189.306,75,led,732,available,4.0,"australia,fiji,new zealand"
samsung,LH85BECHLGKXXY,214.783,85,led,532,available,6.0,"australia,fiji,new zealand"
akai,AK4021S6WOS,100.217,40,lcd,150,available,6.0,"australia,fiji,new zealand"
tcl,55C745,138.711,55,led,476,available,3.5,"australia,fiji,new zealand"
tcl,85C745,214.783,85,led,1170,available,3.0,"australia,fiji,new zealand"
tcl,85C645,214.783,85,led,623,available,6.0,"australia,fiji,new zealand"
tcl,75C645,189.306,75,led,1010,available,2.5,"australia,fiji,new zealand"
tcl,50C645,125.638,50,led,277,available,5.0,"australia,fiji,new zealand"
tcl,43C645,107.95,43,led,220,available,4.5,"australia,fiji,new zealand"
tcl,65C745,163.829,65,led,520,available,4.5,"australia,fiji,new zealand"
tcl,55C845,138.711,55,led,532,available,3.0,"australia,fiji,new zealand"
tcl,65C845,163.829,65,led,812,available,2.5,"australia,fiji,new zealand"
tcl,75C845,189.306,75,led,956,available,3.0,"australia,fiji,new zealand"
sony,XR-98X90L,247.691,98,led,944,available,5.0,"australia,new zealand"
eko,K40FSW,100.353,40,led,180,available,5.0,"australia,fiji,new zealand"
eko,K55OLED,138.847,55,oled,275,available,5.5,"australia,fiji,new zealand"
linsar,LS65UHDZEN,163.878,65,lcd,370,available,6.0,"australia,fiji,new zealand"
eko,K50USW2,125.731,50,led,330,available,4.0,"australia,fiji,new zealand"
jvc,LT-43N5135A,107.863,43,lcd,205,available,5.0,australia
tcl,98C745,247.604,98,led,1771,available,2.5,"australia,fiji,new zealand"
ffalcon,FF75RU62,189.306,75,led,450,available,6.0,"australia,fiji,new zealand"
bauhn,ATV43UHDT-0723,107.987,43,led,170,available,6.0,"australia,fiji,new zealand"
bauhn,ATV70UHDT-0623,176.532,70,lcd,420,available,6.0,"australia,fiji,new zealand"
ffalcon,FF40RS52,100.305,40,led,144,available,6.0,"australia,fiji,new zealand"
lg,OLED88Z3PSA,222.486,88,oled,1276,available,3.0,"australia,new zealand"
lg,OLED88Z36LA,222.486,88,oled,1276,available,3.0,"australia,new zealand"
eko,K55USW,138.783,55,led,364,available,4.5,"australia,fiji,new zealand"
kogan,KALED65U92TB,163.829,65,led,404,available,5.5,"australia,fiji,new zealand"
kogan,KALED65U92TC,163.829,65,led,404,available,5.5,"australia,fiji,new zealand"
kogan,KALED65U92TD,163.829,65,led,404,available,5.5,"australia,fiji,new zealand"
kogan,KALED65U92TE,163.829,65,led,404,available,5.5,"australia,fiji,new zealand"
englaon,LED22M60,55.86,22,led,102,available,4.0,"australia,new zealand"
englaon,LED32M10,81.278,32,led,150,available,4.5,"australia,new zealand"
philips,50PUT8528/79,125.725,50,led,329,available,4.0,"australia,fiji,new zealand"
philips,55PUT8528/79,138.798,55,led,365,available,4.5,"australia,fiji,new zealand"
philips,65PUT8528/79,163.897,65,led,481,available,4.5,"australia,fiji,new zealand"
jvc,AV-J323135A,80.039,32,led,110,available,5.5,australia
sony,XR-55A95L,138.798,55,oled,385,available,4.0,"australia,new zealand"
sony,XR-65A95L,163.878,65,oled,452,available,5.0,"australia,new zealand"
kogan,KALED19PRIZD,47.013,19,led,62,available,5.0,"australia,fiji,new zealand"
samsung,QA77S90CAW,195.177,77,led,653,available,4.5,"australia,fiji,new zealand"
samsung,QA77S90CAS,195.177,77,led,653,available,4.5,"australia,fiji,new zealand"
samsung,QA77S90CA*,195.177,77,led,653,available,4.5,"australia,fiji,new zealand"
philips,50PUT7908/79,125.725,50,led,400,available,3.0,"australia,fiji,new zealand"
philips,50PUT7908/75,125.725,50,led,400,available,3.0,"australia,fiji,new zealand"
philips,55PUT7908/79,138.798,55,led,413,available,4.0,"australia,fiji,new zealand"
philips,55PUT7908/75,138.798,55,led,413,available,4.0,"australia,fiji,new zealand"
philips,65PUT7908/79,163.897,65,led,523,available,4.0,"australia,fiji,new zealand"
philips,65PUT7908/75,163.897,65,led,523,available,4.0,"australia,fiji,new zealand"
philips,75PUT8808/79,189.306,75,led,617,available,4.5,"australia,fiji,new zealand"
philips,75PUT8808/75,189.306,75,led,617,available,4.5,"australia,fiji,new zealand"
philips,75PUT7908/79,189.306,75,led,580,available,5.0,"australia,fiji,new zealand"
philips,75PUT7908/75,189.306,75,led,580,available,5.0,"australia,fiji,new zealand"
philips,55PUT8808/79,138.798,55,led,551,available,2.5,"australia,fiji,new zealand"
philips,55PUT8808/75,138.798,55,led,551,available,2.5,"australia,fiji,new zealand"
tcl,43P745,107.95,43,led,200,available,5.0,"australia,fiji,new zealand"
tcl,50P745,125.638,50,led,212,available,6.0,"australia,fiji,new zealand"
tcl,55P745,138.711,55,led,225,available,6.0,"australia,fiji,new zealand"
tcl,65P745,163.829,65,led,315,available,6.0,"australia,fiji,new zealand"
tcl,75P745,189.306,75,led,459,available,6.0,"australia,fiji,new zealand"
blaupunkt,BP50WOS2,125.731,50,lcd,315,available,4.5,"australia,fiji,new zealand"
philips,65PUT8808/79,163.897,65,led,574,available,4.0,"australia,fiji,new zealand"
philips,65PUT8808/75,163.897,65,led,574,available,4.0,"australia,fiji,new zealand"
jvc,AV-J243145A,59.824,24,led,70,available,5.5,australia
eko,K32HSW,80.039,32,led,180,available,3.5,"australia,fiji,new zealand"
sony,XR-77A95L,195.173,77,oled,546,available,5.5,"australia,new zealand"
lg,43UR781C0LL,107.987,43,led,269,available,4.0,"australia,new zealand"
lg,43UR801C0SB,107.987,43,led,269,available,4.0,"australia,new zealand"
lg,50UR781C0LL,125.727,50,led,287,available,4.5,"australia,new zealand"
lg,50UR801C0SB,125.727,50,led,287,available,4.5,"australia,new zealand"
lg,55UR781C0LL,138.783,55,led,357,available,4.5,"australia,new zealand"
lg,55UR801C0SB,138.783,55,led,357,available,4.5,"australia,new zealand"
lg,65UR781C0LL,163.897,65,led,466,available,4.5,"australia,new zealand"
lg,65UR801C0SB,163.897,65,led,466,available,4.5,"australia,new zealand"
lg,75UR801C0LJ,189.275,75,led,605,available,5.0,"australia,new zealand"
lg,75UR801C0SB,189.275,75,led,605,available,5.0,"australia,new zealand"
lg,86UR801C0LA,217.425,86,led,915,available,4.0,"australia,new zealand"
lg,86UR801C0SB,217.425,86,led,915,available,4.0,"australia,new zealand"
toshiba,43C350MP,107.986,43,led,214,available,5.0,"australia,new zealand"
toshiba,50C350MP,125.731,50,led,269,available,5.0,"australia,new zealand"
toshiba,55C350MP,138.783,55,led,269,available,6.0,"australia,new zealand"
toshiba,65C350MP,163.896,65,led,333,available,6.0,"australia,new zealand"
toshiba,75C350MP,189.274,75,led,489,available,6.0,"australia,new zealand"
bauhn,ATV50UHDT-0823,125.727,50,lcd,225,available,6.0,"australia,fiji,new zealand"
jvc,LT-50N7145A,125.251,50,lcd,376,available,3.5,australia
blaupunkt,BP400FSG9800,100.791,40,lcd,186,available,5.0,"australia,fiji,new zealand"
eko,K400FSG,100.791,40,lcd,186,available,5.0,"australia,fiji,new zealand"
sylvox,KT16A0KGEA,39.487,16,led,58,available,4.5,"australia,fiji,new zealand"
lg,65QNED866RE,163.897,65,led,459,available,5.0,"australia,new zealand"
lg,75QNED866RE,189.275,75,led,550,available,5.0,"australia,new zealand"
lg,86QNED866RE,217.425,86,led,754,available,5.0,"australia,new zealand"
eko,K65USWQ2,163.897,65,led,462,available,5.0,"australia,fiji,new zealand"
lg,43QNED75SRA,107.987,43,led,258,available,4.0,"australia,new zealand"
lg,43QNED756RA,107.987,43,led,302,available,3.5,"australia,new zealand"
lg,50QNED75SRA,125.727,50,led,265,available,5.0,"australia,new zealand"
lg,50QNED756RA,125.727,50,led,251,available,5.5,"australia,new zealand"
lg,55QNED75SRA,138.783,55,led,338,available,5.0,"australia,new zealand"
lg,55QNED756RA,138.783,55,led,320,available,5.0,"australia,new zealand"
lg,65QNED75SRA,163.897,65,led,419,available,5.0,"australia,new zealand"
lg,65QNED756RA,163.897,65,led,400,available,5.5,"australia,new zealand"
lg,75QNED75SRA,189.275,75,led,462,available,6.0,"australia,new zealand"
lg,75QNED756RA,189.275,75,led,477,available,6.0,"australia,new zealand"
chiq,U85F8TG,214.783,85,led,897,available,4.0,"australia,fiji,new zealand"
chiq,U98F8TG,247.604,98,led,1233,available,4.0,"australia,fiji,new zealand"
philips,55OLED708/75,138.798,55,oled,400,available,4.0,"australia,fiji,new zealand"
philips,55OLED708/79,138.798,55,oled,400,available,4.0,"australia,fiji,new zealand"
philips,65OLED708/75,163.897,65,oled,463,available,5.0,"australia,fiji,new zealand"
philips,65OLED708/79,163.897,65,oled,463,available,5.0,"australia,fiji,new zealand"
kogan,KALED32F98TA,79.967,32,led,104,available,6.0,"australia,fiji,new zealand"
kogan,KALED32F98TB,79.967,32,led,104,available,6.0,"australia,fiji,new zealand"
kogan,KALED32F98TC,79.967,32,led,104,available,6.0,"australia,fiji,new zealand"
kogan,KALED32F98TD,79.967,32,led,104,available,6.0,"australia,fiji,new zealand"
kogan,KALED32F98TE,79.967,32,led,104,available,6.0,"australia,fiji,new zealand"
kogan,KALED40F98TA,100.305,40,led,149,available,6.0,"australia,fiji,new zealand"
kogan,KALED40F98TB,100.305,40,led,149,available,6.0,"australia,fiji,new zealand"
kogan,KALED40F98TC,100.305,40,led,149,available,6.0,"australia,fiji,new zealand"
kogan,KALED40F98TD,100.305,40,led,149,available,6.0,"australia,fiji,new zealand"
kogan,KALED40F98TE,100.305,40,led,149,available,6.0,"australia,fiji,new zealand"
hisense,43A7KAU,107.986,43,led,259,available,4.0,"australia,new zealand"
hisense,43A7KNZ,107.986,43,led,259,available,4.0,"australia,new zealand"
hisense,55A7KAU,138.783,55,led,305,available,5.5,"australia,new zealand"
hisense,55A7KNZ,138.783,55,led,305,available,5.5,"australia,new zealand"
hisense,65A7KAU,163.896,65,led,399,available,5.5,"australia,new zealand"
hisense,65A7KNZ,163.896,65,led,399,available,5.5,"australia,new zealand"
hisense,75A7KAU,189.34,75,led,489,available,6.0,"australia,new zealand"
hisense,75A7KNZ,189.34,75,led,489,available,6.0,"australia,new zealand"
hisense,85A7KAU,214.783,85,led,696,available,5.5,"australia,new zealand"
hisense,85A7KNZ,214.783,85,led,696,available,5.5,"australia,new zealand"
hisense,55A7K series,138.783,55,led,305,available,5.5,"australia,new zealand"
hisense,43A7K series,107.986,43,led,259,available,4.0,"australia,new zealand"
hisense,65A7K series,163.896,65,led,399,available,5.5,"australia,new zealand"
hisense,75A7K series,189.34,75,led,489,available,6.0,"australia,new zealand"
hisense,85A7K series,214.783,85,led,696,available,5.5,"australia,new zealand"
sylvox,OT43A2KEGC,107.987,43,led,397,available,2.0,"australia,fiji,new zealand"
sylvox,OT55A2KEGC,138.783,55,led,651,available,2.0,"australia,fiji,new zealand"
sylvox,OT65A2KEGC,163.896,65,led,902,available,2.0,"australia,fiji,new zealand"
sylvox,RT22R3KECA,54.485,22,led,68,available,5.0,"australia,fiji,new zealand"
sylvox,RT24R3KECA,60.47,24,led,79,available,5.0,"australia,fiji,new zealand"
loewe,WE SEE 43,107.95,43,led,243,available,4.0,australia
loewe,C43,107.95,43,led,243,available,4.0,australia
loewe,LOEWE *43,107.95,43,led,243,available,4.0,australia
blaupunkt,BP550USG9800,138.783,55,led,354,available,4.5,australia
loewe,WE SEE 32,80.054,32,led,127,available,5.0,australia
loewe,BILD C 32,80.054,32,led,127,available,5.0,australia
loewe,LED 32,80.054,32,led,127,available,5.0,australia
loewe,WE SEE 55,138.711,55,led,309,available,5.0,australia
loewe,WE SEE 50,125.638,50,led,251,available,5.5,australia
tcl,85C845,214.783,85,led,1300,available,2.5,"australia,fiji,new zealand"
samsung,LH43BECHLGKXXY,107.987,43,led,259,available,4.0,"australia,fiji,new zealand"
samsung,LH43BECHLGSXNZ,107.987,43,led,259,available,4.0,"australia,fiji,new zealand"
samsung,LH43BECHLG****,107.987,43,led,259,available,4.0,"australia,fiji,new zealand"
samsung,LH55BECHLGSXNZ,138.783,55,led,299,available,5.5,"australia,fiji,new zealand"
samsung,LH55BECHLG****,138.783,55,led,299,available,5.5,"australia,fiji,new zealand"
samsung,LH55BECHLGKXXY,138.783,55,led,299,available,5.5,"australia,fiji,new zealand"
samsung,LH75BECHLGKXXY,189.338,75,led,510,available,5.5,"australia,fiji,new zealand"
samsung,LH75BECHLGSXNZ,189.338,75,led,510,available,5.5,"australia,fiji,new zealand"
samsung,LH75BECHLG****,189.338,75,led,510,available,5.5,"australia,fiji,new zealand"
samsung,LH65BECHLGKXXY,163.897,65,led,426,available,5.0,"australia,fiji,new zealand"
samsung,LH65BECHLGSXNZ,163.897,65,led,426,available,5.0,"australia,fiji,new zealand"
samsung,LH65BECHLG****,163.897,65,led,426,available,5.0,"australia,fiji,new zealand"
samsung,LH50BECHLGKXXY,125.727,50,led,295,available,4.5,"australia,fiji,new zealand"
samsung,LH50BECHLGSXNZ,125.727,50,led,295,available,4.5,"australia,fiji,new zealand"
samsung,LH50BECHLG****,125.727,50,led,295,available,4.5,"australia,fiji,new zealand"
blaupunkt,BP650USG9900,163.954,65,lcd,858,available,2.0,"australia,fiji,new zealand"
kogan,KAQLED43XQ98JSTA,107.95,43,led,353,available,2.5,"australia,fiji,new zealand"
kogan,KAQLED43XQ98JSTB,107.95,43,led,353,available,2.5,"australia,fiji,new zealand"
kogan,KAQLED43XQ98JSTC,107.95,43,led,353,available,2.5,"australia,fiji,new zealand"
kogan,KAQLED43XQ98JSTD,107.95,43,led,353,available,2.5,"australia,fiji,new zealand"
kogan,KAQLED43XQ98JSTE,107.95,43,led,353,available,2.5,"australia,fiji,new zealand"
kogan,KALED65U94TA,163.791,65,led,404,available,5.5,"australia,fiji,new zealand"
kogan,KALED65U94TB,163.791,65,led,404,available,5.5,"australia,fiji,new zealand"
kogan,KALED65U94TC,163.791,65,led,404,available,5.5,"australia,fiji,new zealand"
kogan,KALED65U94TD,163.791,65,led,404,available,5.5,"australia,fiji,new zealand"
kogan,KALED65U94TE,163.791,65,led,404,available,5.5,"australia,fiji,new zealand"
hubbl glass,LT043A-04-FXTL,108.048,43,led,200,available,5.0,australia
hubbl glass,LT055A-04-FXTL,138.711,55,led,240,available,6.0,australia
jvc,LT-32ND35A2,80.039,32,led,150,available,4.0,australia
tcl,55C645,138.711,55,led,395,available,4.0,"australia,fiji,new zealand"
tcl,85P745,214.783,85,led,732,available,5.0,"australia,fiji,new zealand"
samsung,QA98QN990CW,247.688,98,led,1423,available,3.5,"australia,fiji,new zealand"
samsung,QA50QE1CAS,125.727,50,led,280,available,5.0,"australia,fiji,new zealand"
sylvox,RT32R3KECA,80.131,32,led,118,available,5.0,"australia,fiji,new zealand"
tcl,40S5400A,100.305,40,led,180,available,5.0,"australia,fiji,new zealand"
tcl,32S5400AF,79.967,32,led,110,available,5.5,"australia,fiji,new zealand"
lg,OLED77M3PSA,194.738,77,oled,791,available,4.0,"australia,new zealand"
lg,OLED83M3PSA,209.585,83,oled,776,available,4.5,"australia,new zealand"
lg,OLED97M3PSA,245.145,97,oled,944,available,5.0,"australia,new zealand"
blaupunkt,BP430FSG9700,107.953,43,led,212,available,5.0,"australia,fiji,new zealand"
kogan,KALED75U94TA,189.306,75,led,546,available,5.5,"australia,fiji,new zealand"
kogan,KALED75U94TB,189.306,75,led,546,available,5.5,"australia,fiji,new zealand"
kogan,KALED75U94TC,189.306,75,led,546,available,5.5,"australia,fiji,new zealand"
kogan,KALED75U94TD,189.306,75,led,546,available,5.5,"australia,fiji,new zealand"
kogan,KALED75U94TE,189.306,75,led,546,available,5.5,"australia,fiji,new zealand"
furrion,FDFD24D4D-H2,60.47,24,led,96,available,4.5,"australia,fiji,new zealand"
kogan,KALED55U94TA,138.783,55,led,302,available,5.5,"australia,fiji,new zealand"
kogan,KALED55U94TB,138.783,55,led,302,available,5.5,"australia,fiji,new zealand"
kogan,KALED55U94TC,138.783,55,led,302,available,5.5,"australia,fiji,new zealand"
kogan,KALED55U94TD,138.783,55,led,302,available,5.5,"australia,fiji,new zealand"
kogan,KALED55U94TE,138.783,55,led,302,available,5.5,"australia,fiji,new zealand"
kogan,KAQLED98XQ98JSTA,247.691,98,led,1233,available,4.0,"australia,fiji,new zealand"
kogan,KAQLED98XQ98JSTB,247.691,98,led,1233,available,4.0,"australia,fiji,new zealand"
kogan,KAQLED98XQ98JSTC,247.691,98,led,1233,available,4.0,"australia,fiji,new zealand"
kogan,KAQLED98XQ98JSTD,247.691,98,led,1233,available,4.0,"australia,fiji,new zealand"
kogan,KAQLED98XQ98JSTE,247.691,98,led,1233,available,4.0,"australia,fiji,new zealand"
kogan,KALED50U94TA,125.638,50,led,276,available,5.0,"australia,fiji,new zealand"
kogan,KALED50U94TB,125.638,50,led,276,available,5.0,"australia,fiji,new zealand"
kogan,KALED50U94TC,125.638,50,led,276,available,5.0,"australia,fiji,new zealand"
kogan,KALED50U94TD,125.638,50,led,276,available,5.0,"australia,fiji,new zealand"
kogan,KALED50U94TE,125.638,50,led,276,available,5.0,"australia,fiji,new zealand"
lg,43UM767H0LD,107.987,43,led,159,available,6.0,"australia,new zealand"
lg,50UM767H0LD,125.727,50,led,167,available,7.0,"australia,new zealand"
lg,55UM767H0LD,138.783,55,led,218,available,7.0,"australia,new zealand"
lg,65UM767H0LD,163.897,65,led,240,available,7.0,"australia,new zealand"
lg,75UM767H0LD,189.275,75,led,258,available,8.0,"australia,new zealand"
hisense,55U7KAU,138.783,55,led,339,available,5.0,"australia,new zealand"
hisense,55U7KNZ,138.783,55,led,339,available,5.0,"australia,new zealand"
hisense,65U7KAU,163.896,65,led,459,available,5.0,"australia,new zealand"
hisense,65U7KNZ,163.896,65,led,459,available,5.0,"australia,new zealand"
hisense,75U7KAU,189.34,75,led,612,available,5.0,"australia,new zealand"
hisense,75U7KNZ,189.34,75,led,612,available,5.0,"australia,new zealand"
hisense,85U7KAU,214.783,85,led,859,available,4.5,"australia,new zealand"
hisense,85U7KNZ,214.783,85,led,859,available,4.5,"australia,new zealand"
hisense,55U7K series,138.783,55,led,339,available,5.0,"australia,new zealand"
hisense,65U7K series,163.896,65,led,459,available,5.0,"australia,new zealand"
hisense,75U7K series,189.34,75,led,612,available,5.0,"australia,new zealand"
hisense,85U7K series,214.783,85,led,859,available,4.5,"australia,new zealand"
thomson,STVLED43FHDB,107.953,43,led,162,available,6.0,"australia,fiji,new zealand"
kogan,KALED55R93STA,138.783,55,led,302,available,5.5,"australia,fiji,new zealand"
kogan,KALED55R93STB,138.783,55,led,302,available,5.5,"australia,fiji,new zealand"
kogan,KALED55R93STC,138.783,55,led,302,available,5.5,"australia,fiji,new zealand"
kogan,KALED55R93STD,138.783,55,led,302,available,5.5,"australia,fiji,new zealand"
kogan,KALED55R93STE,138.783,55,led,302,available,5.5,"australia,fiji,new zealand"
kogan,KALED50R93STA,125.638,50,led,276,available,5.0,"australia,fiji,new zealand"
kogan,KALED50R93STB,125.638,50,led,276,available,5.0,"australia,fiji,new zealand"
kogan,KALED50R93STC,125.638,50,led,276,available,5.0,"australia,fiji,new zealand"
kogan,KALED50R93STD,125.638,50,led,276,available,5.0,"australia,fiji,new zealand"
kogan,KALED50R93STE,125.638,50,led,276,available,5.0,"australia,fiji,new zealand"
toshiba,55Z870MP,138.783,55,led,459,available,3.5,"australia,new zealand"
toshiba,65Z870MP,163.896,65,led,520,available,4.5,"australia,new zealand"
toshiba,75Z870MP,189.274,75,led,764,available,4.0,"australia,new zealand"
samsung,QA55QE1CAS,138.783,55,led,302,available,5.5,"australia,fiji,new zealand"
samsung,QA75QE1CAW,189.338,75,led,478,available,6.0,"australia,fiji,new zealand"
samsung,QA75QE1CAS,189.338,75,led,478,available,6.0,"australia,fiji,new zealand"
samsung,QA75QE1CA*,189.338,75,led,478,available,6.0,"australia,fiji,new zealand"
kogan,KALED22F5ZA,54.626,22,lcd,95,available,3.5,"australia,fiji,new zealand"
kogan,KALED22F5ZB,54.626,22,lcd,95,available,3.5,"australia,fiji,new zealand"
kogan,KALED22F5ZC,54.626,22,lcd,95,available,3.5,"australia,fiji,new zealand"
kogan,KALED22F5ZD,54.626,22,lcd,95,available,3.5,"australia,fiji,new zealand"
lg,43UQ7050PSA,107.987,43,led,273,available,3.5,"australia,new zealand"
kogan,KALED22F5Z*,54.626,22,lcd,95,available,3.5,"australia,fiji,new zealand"
lg,50UQ7050PSA,125.731,50,led,305,available,4.5,"australia,new zealand"
lg,55UQ7050PSA,138.783,55,led,331,available,5.0,"australia,new zealand"
blaupunkt,BP50WOS2,125.731,50,led,330,available,4.0,"australia,fiji,new zealand"
englaon,LED24M40,59.774,24,led,70,available,5.5,"australia,new zealand"
englaon,LED24M80,59.81,24,led,78,available,5.0,"australia,new zealand"
englaon,LED24X80,59.81,24,led,78,available,5.0,"australia,new zealand"
englaon,24in Smart TV,59.81,24,led,78,available,5.0,"australia,new zealand"
samsung,QA77S89CAW,195.177,77,led,653,available,4.5,"australia,new zealand"
englaon,LED24M50,59.809,24,led,95,available,4.5,"australia,new zealand"
englaon,LED32M50,80.131,32,led,163,available,4.0,"australia,new zealand"
toshiba,75Z670MP,189.34,75,led,575,available,5.0,"australia,new zealand"
toshiba,65Z670MP,163.896,65,led,465,available,5.0,"australia,new zealand"
toshiba,55Z670MP,138.783,55,led,341,available,5.0,"australia,new zealand"
philips,32PHT6918/79,80.054,32,led,105,available,6.0,"australia,fiji,new zealand"
philips,43PUT7908/75,107.95,43,led,334,available,3.0,"australia,fiji,new zealand"
chiq,L32G7PG,79.967,32,led,116,available,5.5,"australia,fiji,new zealand"
chiq,L40G7PG,100.305,40,led,189,available,5.0,"australia,fiji,new zealand"
chiq,U75F8TG,189.306,75,led,532,available,5.5,"australia,fiji,new zealand"
samsung,QA98Q80CAW,247.702,98,led,1058,available,4.5,"australia,fiji,new zealand"
samsung,QA98Q80CAS,247.702,98,led,1058,available,4.5,"australia,fiji,new zealand"
samsung,QA98Q80CA*,247.702,98,led,1058,available,4.5,"australia,fiji,new zealand"
kogan,KALED43U94VA,107.987,43,led,221,available,4.5,"australia,fiji,new zealand"
kogan,KALED43U94VB,107.987,43,led,221,available,4.5,"australia,fiji,new zealand"
kogan,KALED43U94VC,107.987,43,led,221,available,4.5,"australia,fiji,new zealand"
kogan,KALED43U94V*,107.987,43,led,221,available,4.5,"australia,fiji,new zealand"
eko,K70USW2,176.538,70,lcd,532,available,5.0,"australia,fiji,new zealand"
hisense,32A4KAU,80.04,32,led,93,available,6.0,australia
hisense,40A4KAU,100.332,40,led,121,available,7.0,australia
hisense,65U8KAU,163.896,65,led,520,available,4.5,"australia,new zealand"
hisense,65U8KNZ,163.896,65,led,520,available,4.5,"australia,new zealand"
hisense,75U8KAU,189.34,75,led,639,available,4.5,"australia,new zealand"
hisense,75U8KNZ,189.34,75,led,639,available,4.5,"australia,new zealand"
hisense,65U8K series,163.896,65,led,520,available,4.5,"australia,new zealand"
hisense,75U8K series,189.34,75,led,639,available,4.5,"australia,new zealand"
ffalcon,FF32S53,79.967,32,led,110,available,5.5,"australia,fiji,new zealand"
ffalcon,FF40S53,100.305,40,led,180,available,5.0,"australia,fiji,new zealand"
ffalcon,FF50U63,125.638,50,led,204,available,6.0,"australia,fiji,new zealand"
ffalcon,FF55U63,138.711,55,led,250,available,6.0,"australia,fiji,new zealand"
chiq,U43G7PG,107.95,43,led,214,available,5.0,"australia,fiji,new zealand"
chiq,U50G7PG,125.638,50,led,276,available,5.0,"australia,fiji,new zealand"
chiq,U55G7PG,138.798,55,led,320,available,5.0,"australia,fiji,new zealand"
chiq,U58G7PG,146.039,58,led,349,available,5.0,"australia,fiji,new zealand"
chiq,U65G7PG,163.829,65,led,404,available,5.5,"australia,fiji,new zealand"
chiq,U65QM8VG,163.829,65,led,579,available,4.0,"australia,fiji,new zealand"
kodak,KD65WOS2,163.896,65,led,367,available,6.0,"australia,fiji,new zealand"
philips,50PUT7428/79,125.725,50,led,269,available,5.0,"australia,fiji,new zealand"
philips,65PUT7428/79,163.878,65,led,409,available,5.5,"australia,fiji,new zealand"
kogan,KALED60U93NA,152.663,61,lcd,405,available,5.0,"australia,fiji,new zealand"
kogan,KALED60U93NB,152.663,61,lcd,405,available,5.0,"australia,fiji,new zealand"
kogan,*60*,152.663,61,lcd,405,available,5.0,"australia,fiji,new zealand"
konka,KDE40RR314FANT,100.332,40,led,189,available,5.0,"australia,fiji,new zealand"
konka,KDE40RR315ANT,100.332,40,led,189,available,5.0,"australia,fiji,new zealand"
kogan,KALED40R93STA,100.305,40,led,149,available,6.0,"australia,fiji,new zealand"
kogan,KALED40R93STB,100.305,40,led,149,available,6.0,"australia,fiji,new zealand"
kogan,KALED40R93STC,100.305,40,led,149,available,6.0,"australia,fiji,new zealand"
kogan,KALED40R93STD,100.305,40,led,149,available,6.0,"australia,fiji,new zealand"
kogan,KALED40R93STE,100.305,40,led,149,available,6.0,"australia,fiji,new zealand"
konka,UDE55QR314FANT,138.783,55,led,341,available,5.0,"australia,fiji,new zealand"
konka,UDE55QR315ANT,138.783,55,led,341,available,5.0,"australia,fiji,new zealand"
konka,KDE32RR314FANT-5,80.039,32,led,131,available,5.0,"australia,fiji,new zealand"
konka,KDE32RR315ANT,80.039,32,led,131,available,5.0,"australia,fiji,new zealand"
toshiba,85Z670MP,214.783,85,led,975,available,4.0,"australia,new zealand"
konka,UDE50QR314FANT,125.731,50,led,285,available,5.0,"australia,fiji,new zealand"
konka,UDE50QR315ANT,125.731,50,led,285,available,5.0,"australia,fiji,new zealand"
kogan,KALED60U93NC,152.663,61,lcd,405,available,5.0,"australia,fiji,new zealand"
kogan,KALED60U93ND,152.663,61,lcd,405,available,5.0,"australia,fiji,new zealand"
kogan,D60S218-U-T2-W,152.663,61,lcd,405,available,5.0,"australia,fiji,new zealand"
samsung,QA83S90CAE,209.585,83,led,704,available,5.0,"australia,fiji,new zealand"
samsung,QA83S**CA*,209.585,83,led,704,available,5.0,"australia,fiji,new zealand"
samsung,QA83S89CAW,209.585,83,led,704,available,5.0,"australia,fiji,new zealand"
samsung,QA83S89CAS,209.585,83,led,704,available,5.0,"australia,fiji,new zealand"
hisense,55U6KAU,138.783,55,led,339,available,5.0,"australia,new zealand"
hisense,55U6KNZ,138.783,55,led,339,available,5.0,"australia,new zealand"
hisense,65U6KAU,163.896,65,led,555,available,4.0,"australia,new zealand"
hisense,65U6KNZ,163.896,65,led,555,available,4.0,"australia,new zealand"
hisense,75U6KAU,189.274,75,led,599,available,5.0,"australia,new zealand"
hisense,75U6KNZ,189.274,75,led,599,available,5.0,"australia,new zealand"
hisense,55U6K series,138.783,55,led,339,available,5.0,"australia,new zealand"
hisense,65U6K series,163.896,65,led,555,available,4.0,"australia,new zealand"
hisense,75U6K series,189.274,75,led,599,available,5.0,"australia,new zealand"
blaupunkt,BP650USG9800,163.896,65,led,540,available,4.0,"australia,fiji,new zealand"
eko,K650UGT,163.896,65,led,540,available,4.0,"australia,fiji,new zealand"
blaupunkt,BP550USG9800,138.783,55,led,338,available,5.0,"australia,fiji,new zealand"
eko,K550UGT,138.783,55,led,338,available,5.0,"australia,fiji,new zealand"
blaupunkt,BP500USG9800,125.251,50,lcd,376,available,3.5,"australia,fiji,new zealand"
eko,K240HSG,59.774,24,lcd,78,available,5.0,"australia,fiji,new zealand"
blaupunkt,BP240HSG9800,59.774,24,lcd,78,available,5.0,"australia,fiji,new zealand"
philips,55PUT7428/79,138.798,55,led,321,available,5.0,"australia,fiji,new zealand"
philips,43PUT7428/79,107.95,43,led,327,available,3.0,"australia,fiji,new zealand"
philips,43PFT6918/79,107.95,43,led,155,available,6.0,"australia,fiji,new zealand"
tavice,65DF,163.84,65,lcd,477,available,4.5,"australia,new zealand"
kodak,KD65G11,163.132,65,lcd,358,available,6.0,"australia,fiji,new zealand"
bauhn,ATV40FHDG-1123,100.305,40,led,148,available,6.0,australia
jvc,AV-J323142A,80.039,32,lcd,145,available,4.5,australia
ffalcon,FF65U63,163.829,65,led,327,available,6.0,"australia,fiji,new zealand"
ffalcon,FF75U63,189.306,75,led,500,available,5.5,"australia,fiji,new zealand"
ffalcon,FF43U63,107.95,43,led,178,available,5.5,"australia,fiji,new zealand"
samsung,QA65QE1CAW,163.897,65,led,412,available,5.5,"australia,fiji,new zealand"
samsung,QA65QE1CAS,163.897,65,led,412,available,5.5,"australia,fiji,new zealand"
samsung,QA65QE1CA*,163.897,65,led,412,available,5.5,"australia,fiji,new zealand"
tcl,50C845,125.638,50,led,390,available,3.5,"australia,fiji,new zealand"
eko,K400FSG,100.36,40,led,210,available,4.5,"australia,fiji,new zealand"
eko,K400FAT,100.36,40,led,210,available,4.5,"australia,fiji,new zealand"
eko,K240HGT,59.774,24,lcd,78,available,5.0,"australia,fiji,new zealand"
kogan,KALED65R94KA,163.916,65,led,372,available,6.0,"australia,fiji,new zealand"
kogan,KALED65R94KB,163.916,65,led,372,available,6.0,"australia,fiji,new zealand"
kogan,KALED65R94KC,163.916,65,led,372,available,6.0,"australia,fiji,new zealand"
kogan,KALED65R94KD,163.916,65,led,372,available,6.0,"australia,fiji,new zealand"
kogan,KALED65R94K*,163.916,65,led,372,available,6.0,"australia,fiji,new zealand"
hisense,75UXAU,189.34,75,led,719,available,4.0,"australia,new zealand"
hisense,85UXAU,214.783,85,led,780,available,5.0,"australia,new zealand"
hisense,85UXNZ,214.783,85,led,780,available,5.0,"australia,new zealand"
hisense,70A6KAU,176.57,70,led,415,available,6.0,"australia,new zealand"
hisense,58A6KAU,146.068,58,led,299,available,6.0,"australia,new zealand"
hisense,75UXNZ,189.34,75,led,719,available,4.0,"australia,new zealand"
hisense,75UX series,189.34,75,led,719,available,4.0,"australia,new zealand"
hisense,85UX series,214.783,85,led,780,available,5.0,"australia,new zealand"
eko,K320HAT,79.994,32,led,130,available,5.0,"australia,fiji,new zealand"
linsar,LS86UHDNF23,217.425,86,lcd,630,available,6.0,"australia,fiji,new zealand"
svision,SC32HSG,79.994,32,led,130,available,5.0,"australia,fiji,new zealand"
eko,K240HAT,59.796,24,led,82,available,5.0,"australia,fiji,new zealand"
jvc,AV-JQ757115A,189.34,75,led,431,available,6.0,australia
akai,AK6522S7TZN,163.853,65,lcd,320,available,6.0,"australia,fiji,new zealand"
eko,K500UAT,125.725,50,lcd,246,available,5.5,"australia,fiji,new zealand"
tcl,98C845,247.604,98,led,890,available,5.5,"australia,fiji,new zealand"
jvc,AV-J987145A,249.606,99,led,872,available,5.5,australia
bauhn,ATV70UHDW-0923,176.592,70,lcd,395,available,6.0,australia
bauhn,ATV70UHDW-1123,176.592,70,lcd,395,available,6.0,australia
bauhn,ATV70UHDW-****,176.592,70,lcd,395,available,6.0,australia
akai,AK2422S7WOS,59.774,24,led,60,available,6.0,"australia,fiji,new zealand"
akai,AK24**S7WOS,59.774,24,led,60,available,6.0,"australia,fiji,new zealand"
akai,AK2423S7WOS,59.774,24,led,60,available,6.0,"australia,fiji,new zealand"
blaupunkt,BP4000HDV7100,100.333,40,lcd,181,available,5.0,australia
samsung,UA85CU7000S,214.783,85,led,532,available,6.0,"australia,fiji,new zealand"
samsung,UA85CU7100S,214.783,85,led,532,available,6.0,"australia,fiji,new zealand"
samsung,UA85CU7*00S,214.783,85,led,532,available,6.0,"australia,fiji,new zealand"
akai,AK3223S7WOS,80.054,32,lcd,90,available,6.0,"australia,fiji,new zealand"
blaupunkt,BP750USG9800,188.424,75,lcd,811,available,3.5,"australia,fiji,new zealand"
samsung,UA43CU7000S,107.987,43,led,259,available,4.0,"australia,fiji,new zealand"
samsung,UA43CU7100S,107.987,43,led,259,available,4.0,"australia,fiji,new zealand"
samsung,UA43CU7*00S,107.987,43,led,259,available,4.0,"australia,fiji,new zealand"
samsung,UA65CU7000S,163.897,65,led,426,available,5.0,"australia,fiji,new zealand"
samsung,UA65CU7100S,163.897,65,led,426,available,5.0,"australia,fiji,new zealand"
samsung,UA65CU7*00S,163.897,65,led,426,available,5.0,"australia,fiji,new zealand"
samsung,UA75CU7000S,189.338,75,led,510,available,5.5,"australia,fiji,new zealand"
samsung,UA75CU7100S,189.338,75,led,510,available,5.5,"australia,fiji,new zealand"
samsung,UA75CU7*00S,189.338,75,led,510,available,5.5,"australia,fiji,new zealand"
samsung,UA50CU7000S,125.727,50,led,295,available,4.5,"australia,fiji,new zealand"
samsung,UA50CU7100S,125.727,50,led,295,available,4.5,"australia,fiji,new zealand"
samsung,UA50CU7*00S,125.727,50,led,295,available,4.5,"australia,fiji,new zealand"
samsung,UA55CU7000S,138.783,55,led,299,available,5.5,"australia,fiji,new zealand"
samsung,UA55CU7100S,138.783,55,led,299,available,5.5,"australia,fiji,new zealand"
samsung,UA55CU7*00S,138.783,55,led,299,available,5.5,"australia,fiji,new zealand"
philips,75HFL5214U/97,189.306,75,led,450,available,6.0,"australia,fiji,new zealand"
caixun,EC32T1HN,80.039,32,led,110,available,5.5,"australia,fiji,new zealand"
caixun,EC32T2HN,80.039,32,led,110,available,5.5,"australia,fiji,new zealand"
caixun,EC32T1HA,80.039,32,led,110,available,5.5,"australia,fiji,new zealand"
caixun,EC32T2HA,80.039,32,led,110,available,5.5,"australia,fiji,new zealand"
caixun,EC32V1HA,80.039,32,led,110,available,5.5,"australia,fiji,new zealand"
caixun,EC32V2HA,80.039,32,led,110,available,5.5,"australia,fiji,new zealand"
caixun,EC32V1HN,80.039,32,led,110,available,5.5,"australia,fiji,new zealand"
caixun,EC32T1N,80.039,32,led,110,available,5.5,"australia,fiji,new zealand"
caixun,EC32T3H,80.039,32,led,110,available,5.5,"australia,fiji,new zealand"
caixun,*****32*****,80.039,32,led,110,available,5.5,"australia,fiji,new zealand"
caixun,LE-32V1,80.039,32,led,110,available,5.5,"australia,fiji,new zealand"
jvc,LT-50NQ7145A,125.725,50,lcd,413,available,3.0,australia
kogan,KALED40R94KA,100.333,40,led,158,available,5.5,"australia,fiji,new zealand"
kogan,KALED40R94KB,100.333,40,led,158,available,5.5,"australia,fiji,new zealand"
kogan,KALED40R94KC,100.333,40,led,158,available,5.5,"australia,fiji,new zealand"
kogan,KALED32R94KA,80.043,32,led,130,available,5.0,"australia,fiji,new zealand"
kogan,KALED32R94KB,80.043,32,led,130,available,5.0,"australia,fiji,new zealand"
kogan,KALED32R94KC,80.043,32,led,130,available,5.0,"australia,fiji,new zealand"
jvc,LT-55NQ7145A,138.798,55,lcd,464,available,3.5,australia
kogan,KALED55R94KA,138.439,55,led,295,available,5.5,"australia,fiji,new zealand"
kogan,KALED55R94KB,138.439,55,led,295,available,5.5,"australia,fiji,new zealand"
kogan,KALED55R94KC,138.439,55,led,295,available,5.5,"australia,fiji,new zealand"
kogan,KALED55R94KD,138.439,55,led,295,available,5.5,"australia,fiji,new zealand"
kogan,KALED55R94****,138.439,55,led,295,available,5.5,"australia,fiji,new zealand"
kogan,KALED50R94KA,125.812,50,led,285,available,5.0,"australia,fiji,new zealand"
kogan,KALED50R94KB,125.812,50,led,285,available,5.0,"australia,fiji,new zealand"
kogan,KALED50R94KC,125.812,50,led,285,available,5.0,"australia,fiji,new zealand"
kogan,KALED50R94KD,125.812,50,led,285,available,5.0,"australia,fiji,new zealand"
kogan,KALED50R94****,125.812,50,led,285,available,5.0,"australia,fiji,new zealand"
blaupunkt,BP650USG9800,163.896,65,led,520,available,4.5,"australia,fiji,new zealand"
eko,K650UGT,163.896,65,led,520,available,4.5,"australia,fiji,new zealand"
eko,K55USWQ2,138.783,55,lcd,378,available,4.5,"australia,fiji,new zealand"
sylvox,OT75A2KEGC,189.34,75,led,1122,available,2.0,"australia,fiji,new zealand"
lg,43UM662H0LC,107.987,43,led,134,available,7.0,"australia,new zealand"
lg,50UM662H0LC,125.727,50,led,149,available,7.0,"australia,new zealand"
lg,55UM662H0LC,138.783,55,led,181,available,7.0,"australia,new zealand"
lg,65UM662H0LC,163.897,65,led,207,available,8.0,"australia,new zealand"
prism+,Q75U,189.344,75,led,670,available,4.5,australia
eko,K65USW,163.897,65,led,581,available,4.0,"australia,fiji,new zealand"
eko,K65USW2,163.897,65,led,581,available,4.0,"australia,fiji,new zealand"
kogan,KAL24DH5300QA,60.47,24,led,110,available,3.5,"australia,fiji,new zealand"
eko,K42FSW3,105.422,42,led,230,available,4.0,"australia,fiji,new zealand"
blaupunkt,BP420FSG9700,105.422,42,led,240,available,4.0,"australia,fiji,new zealand"
eko,K50USW3,125.731,50,led,400,available,3.0,"australia,fiji,new zealand"
blaupunkt,BP500USG9700,125.731,50,led,460,available,2.5,"australia,fiji,new zealand"
eko,K320HATTA,80.039,32,led,130,available,5.0,"australia,fiji,new zealand"
kogan,KAQL50W94QA,125.731,50,led,415,available,3.0,"australia,fiji,new zealand"
kogan,KAQL55W94QA,138.783,55,led,468,available,3.5,"australia,fiji,new zealand"
kogan,KAQL65W94QA,163.896,65,led,543,available,4.0,"australia,fiji,new zealand"
kogan,KAQL75W94QA,189.34,75,led,772,available,3.5,"australia,fiji,new zealand"
samsung,HG50CU700AW,125.727,50,led,295,available,4.5,"australia,fiji,new zealand"
samsung,HG55CU700AW,138.783,55,led,299,available,5.5,"australia,fiji,new zealand"
jvc,LT-32N3115A11N,80.103,32,lcd,108,available,5.5,australia
eko,K650USGQ2,163.954,65,lcd,858,available,2.0,"australia,fiji,new zealand"
eko,K650UGTQ,163.954,65,lcd,858,available,2.0,"australia,fiji,new zealand"
linsar,LS70UHDNF,176.592,70,led,395,available,6.0,australia
blaupunkt,BP750USG9700,189.34,75,led,656,available,4.5,"australia,fiji,new zealand"
samsung,HG43CU700AW,107.987,43,led,259,available,4.0,"australia,fiji,new zealand"
samsung,HG65CU700AW,163.897,65,led,463,available,5.0,"australia,fiji,new zealand"
linsar,LS65UHDZEN,163.853,65,lcd,320,available,6.0,"australia,fiji,new zealand"
samsung,HG75CU700AW,189.338,75,led,525,available,5.5,"australia,fiji,new zealand"
kogan,KALED40F98VA,100.36,40,led,210,available,4.5,"australia,fiji,new zealand"
kogan,KALED40F98VB,100.36,40,led,210,available,4.5,"australia,fiji,new zealand"
kogan,KALED40F98VC,100.36,40,led,210,available,4.5,"australia,fiji,new zealand"
englaon,LED27M80,68.568,27,led,158,available,3.0,"australia,new zealand"
englaon,LED27X80,68.568,27,led,158,available,3.0,"australia,new zealand"
englaon,27in Smart TV,68.568,27,led,158,available,3.0,"australia,new zealand"
eko,K75USW2,189.34,75,led,682,available,4.5,"australia,fiji,new zealand"
blaupunkt,BP75WOS,189.34,75,led,682,available,4.5,"australia,fiji,new zealand"
blaupunkt,BP700USG9700,176.539,70,lcd,561,available,4.5,"australia,fiji,new zealand"
jvc,LT-70N7145A,176.563,70,led,470,available,5.5,australia
kogan,KALED32R98VA,79.994,32,led,145,available,4.5,"australia,fiji,new zealand"
kogan,KALED32R98VB,79.994,32,led,145,available,4.5,"australia,fiji,new zealand"
kogan,KALED32R98VC,79.994,32,led,145,available,4.5,"australia,fiji,new zealand"
kogan,KAQL65XQ98GSTA,163.829,65,led,809,available,2.5,"australia,fiji,new zealand"
kogan,KAQL65XQ98GSTB,163.829,65,led,809,available,2.5,"australia,fiji,new zealand"
kogan,KAQL65XQ98GSTC,163.829,65,led,809,available,2.5,"australia,fiji,new zealand"
kogan,KAQL65XQ98GSTD,163.829,65,led,809,available,2.5,"australia,fiji,new zealand"
kogan,KAQL65XQ98GSTE,163.829,65,led,809,available,2.5,"australia,fiji,new zealand"
kogan,KAQL65XQ98GST*,163.829,65,led,809,available,2.5,"australia,fiji,new zealand"
linsar,LS50UHDNF23,127.259,51,led,210,available,6.0,"australia,fiji,new zealand"
jvc,LT-40N5115A11E,100.36,40,led,210,available,4.5,australia
eko,K320HGT,80.039,32,led,125,available,5.0,"australia,fiji,new zealand"
blaupunkt,BP320HSG9800,80.039,32,led,125,available,5.0,"australia,fiji,new zealand"
linsar,LS55UHDNF23,138.783,55,led,256,available,6.0,"australia,fiji,new zealand"
linsar,LS60UHDNF23,152.663,61,lcd,316,available,6.0,"australia,fiji,new zealand"
linsar,LS65UHDNF23,164.961,65,led,352,available,6.0,"australia,fiji,new zealand"
linsar,LS70UHDNF23,176.537,70,led,364,available,6.0,"australia,fiji,new zealand"
eko,K400FGT,100.332,40,led,183,available,5.0,"australia,fiji,new zealand"
blaupunkt,BP400FSG9800,100.332,40,led,183,available,5.0,"australia,fiji,new zealand"
jvc,AV-H437115A11N,107.95,43,lcd,212,available,5.0,australia
jvc,AV-H323115A11N,80.103,32,lcd,108,available,5.5,australia
kogan,KAQL75W94QA,189.34,75,led,690,available,4.0,"australia,fiji,new zealand"
kogan,KAQL65W94QA,163.896,65,led,560,available,4.0,"australia,fiji,new zealand"
jvc,LT-55NQ7145AN,138.798,55,lcd,358,available,4.5,australia
jvc,LT-43N5135AN,107.999,43,lcd,196,available,5.0,australia
sony,K-50S30,125.725,50,led,310,available,4.5,"australia,new zealand"
jvc,LT-50NQ7145AN,125.725,50,lcd,407,available,3.0,australia
kogan,KAQL55W94QA,138.783,55,led,427,available,4.0,"australia,fiji,new zealand"
samsung,QA75QN90DAW,189.338,75,led,576,available,5.0,"australia,fiji,new zealand"
samsung,QA75QN90DAS,189.338,75,led,576,available,5.0,"australia,fiji,new zealand"
samsung,QA75QN90DA*,189.338,75,led,576,available,5.0,"australia,fiji,new zealand"
bauhn,ATV24HDW-0224,59.774,24,lcd,66,available,6.0,"australia,fiji,new zealand"
kogan,KAL24DH5300QA,60.47,24,led,96,available,4.5,"australia,fiji,new zealand"
kogan,KAQL50W94QA,125.731,50,led,398,available,3.5,"australia,fiji,new zealand"
bauhn,ATV55UHDW-0124,138.783,55,led,272,available,6.0,"australia,fiji,new zealand"
eko,K420FAT,105.421,42,led,240,available,4.0,"australia,fiji,new zealand"
bauhn,ATV40UHDW-0124,101.549,40,led,189,available,5.0,"australia,fiji,new zealand"
bauhn,ATV40UHDW-0324,101.549,40,led,189,available,5.0,"australia,fiji,new zealand"
bauhn,ATV40UHDW-****,101.549,40,led,189,available,5.0,"australia,fiji,new zealand"
sylvox,BT24A1KEGB,60.47,24,led,65,available,6.0,"australia,fiji,new zealand"
sylvox,BT24A0KEGB,60.47,24,led,65,available,6.0,"australia,fiji,new zealand"
sylvox,BT24A0KOGB,60.47,24,led,65,available,6.0,"australia,fiji,new zealand"
sylvox,BT24A1KOGB,60.47,24,led,65,available,6.0,"australia,fiji,new zealand"
sylvox,BT24A2KOGB,60.47,24,led,65,available,6.0,"australia,fiji,new zealand"
sylvox,BT24A3KOGB,60.47,24,led,65,available,6.0,"australia,fiji,new zealand"
sylvox,BT24A4KOGB,60.47,24,led,65,available,6.0,"australia,fiji,new zealand"
sylvox,BT24A5KOGB,60.47,24,led,65,available,6.0,"australia,fiji,new zealand"
sylvox,BT24A6KOGB,60.47,24,led,65,available,6.0,"australia,fiji,new zealand"
sylvox,BT24A7KOGB,60.47,24,led,65,available,6.0,"australia,fiji,new zealand"
kogan,KAQL98XQ98GSTA,247.691,98,led,1233,available,4.0,"australia,fiji,new zealand"
kogan,KAQL98XQ98GSTB,247.691,98,led,1233,available,4.0,"australia,fiji,new zealand"
kogan,KAQL98XQ98GSTC,247.691,98,led,1233,available,4.0,"australia,fiji,new zealand"
kogan,KAQL98XQ98GSTD,247.691,98,led,1233,available,4.0,"australia,fiji,new zealand"
kogan,KAQL98XQ98GSTE,247.691,98,led,1233,available,4.0,"australia,fiji,new zealand"
kogan,KAQL98XQ98GST*,247.691,98,led,1233,available,4.0,"australia,fiji,new zealand"
samsung,QA65QN800DW,163.897,65,led,959,available,1.5,"australia,fiji,new zealand"
samsung,QA65QN800DS,163.897,65,led,959,available,1.5,"australia,fiji,new zealand"
samsung,QA65QN800D*,163.897,65,led,959,available,1.5,"australia,fiji,new zealand"
samsung,QA75QN800DW,189.338,75,led,985,available,2.5,"australia,fiji,new zealand"
samsung,QA75QN800DS,189.338,75,led,985,available,2.5,"australia,fiji,new zealand"
samsung,QA75QN800D*,189.338,75,led,985,available,2.5,"australia,fiji,new zealand"
samsung,QA85QN90DAW,214.783,85,led,773,available,5.0,"australia,fiji,new zealand"
samsung,QA85QN90DAS,214.783,85,led,773,available,5.0,"australia,fiji,new zealand"
samsung,QA85QN90DA*,214.783,85,led,773,available,5.0,"australia,fiji,new zealand"
lg,43QNED80T6A,107.987,43,led,247,available,4.0,"australia,new zealand"
lg,43QNED81TSA,107.987,43,led,247,available,4.0,"australia,new zealand"
lg,50QNED81TSA,125.727,50,led,265,available,5.0,"australia,new zealand"
lg,55QNED81TSA,138.783,55,led,338,available,5.0,"australia,new zealand"
lg,55QNED86T6A,138.783,55,led,346,available,4.5,"australia,new zealand"
lg,55QNED86TSA,138.783,55,led,346,available,4.5,"australia,new zealand"
lg,65QNED80T6A,163.897,65,led,400,available,5.5,"australia,new zealand"
lg,65QNED81TSA,163.897,65,led,400,available,5.5,"australia,new zealand"
lg,75QNED80T6A,189.275,75,led,462,available,6.0,"australia,new zealand"
lg,75QNED81TSA,189.275,75,led,462,available,6.0,"australia,new zealand"
lg,OLED42C4PSA,105.52,42,oled,258,available,4.0,"australia,new zealand"
lg,OLED42C44LA,105.52,42,oled,258,available,4.0,"australia,new zealand"
lg,OLED48C4PSA,120.721,48,oled,291,available,4.5,"australia,new zealand"
lg,OLED48C46LA,120.721,48,oled,291,available,4.5,"australia,new zealand"
lg,OLED55C4PSA,138.783,55,oled,368,available,4.5,"australia,new zealand"
lg,OLED55C46LA,138.783,55,oled,368,available,4.5,"australia,new zealand"
lg,OLED55G4PSA,138.783,55,oled,422,available,4.0,"australia,new zealand"
lg,OLED55G46LA,138.783,55,oled,422,available,4.0,"australia,new zealand"
lg,OLED65B4PSA,163.897,65,oled,400,available,5.5,"australia,new zealand"
lg,OLED65B46LA,163.897,65,oled,400,available,5.5,"australia,new zealand"
lg,OLED65G4PSA,163.897,65,oled,539,available,4.0,"australia,new zealand"
lg,OLED65G46LA,163.897,65,oled,539,available,4.0,"australia,new zealand"
lg,OLED77G4PSA,194.738,77,oled,714,available,4.5,"australia,new zealand"
lg,OLED77G46LA,194.738,77,oled,714,available,4.5,"australia,new zealand"
eko,K500UAT,125.731,50,led,381,available,3.5,"australia,fiji,new zealand"
samsung,QA55QN90DAW,138.783,55,led,419,available,4.0,"australia,fiji,new zealand"
samsung,QA55QN90DAS,138.783,55,led,419,available,4.0,"australia,fiji,new zealand"
samsung,QA55QN90DA*,138.783,55,led,419,available,4.0,"australia,fiji,new zealand"
samsung,QA65QN90DAW,169.152,67,led,507,available,4.5,"australia,fiji,new zealand"
samsung,QA65QN90DAS,169.152,67,led,507,available,4.5,"australia,fiji,new zealand"
samsung,QA65QN90DA*,169.152,67,led,507,available,4.5,"australia,fiji,new zealand"
kogan,KAQL50XQ98GSVA,125.665,50,led,396,available,3.5,"australia,fiji,new zealand"
kogan,KAQL55XQ98GSVA,138.721,55,led,475,available,3.5,"australia,fiji,new zealand"
sylvox,BT32A0KEGB,80.131,32,led,101,available,6.0,"australia,fiji,new zealand"
sylvox,BT32A1KEGB,80.131,32,led,101,available,6.0,"australia,fiji,new zealand"
sylvox,BT32A0KOGB,80.131,32,led,101,available,6.0,"australia,fiji,new zealand"
sylvox,BT32A1KOGB,80.131,32,led,101,available,6.0,"australia,fiji,new zealand"
sylvox,BT32A2KOGB,80.131,32,led,101,available,6.0,"australia,fiji,new zealand"
sylvox,BT32A3KOGB,80.131,32,led,101,available,6.0,"australia,fiji,new zealand"
sylvox,BT32A4KOGB,80.131,32,led,101,available,6.0,"australia,fiji,new zealand"
sylvox,BT32A5KOGB,80.131,32,led,101,available,6.0,"australia,fiji,new zealand"
sylvox,BT32A6KOGB,80.131,32,led,101,available,6.0,"australia,fiji,new zealand"
sylvox,BT32A7KOGB,80.131,32,led,101,available,6.0,"australia,fiji,new zealand"
jvc,LT-40N7145A,101.51,40,led,259,available,3.5,australia
eko,K55USWQ,138.783,55,led,470,available,3.5,"australia,fiji,new zealand"
eko,K55USWQ2,138.783,55,led,470,available,3.5,"australia,fiji,new zealand"
eko,K320HSG,80.029,32,led,151,available,4.0,australia
eko,K320HAT,80.029,32,led,151,available,4.0,australia
linsar,LS32HDNF23,80.043,32,lcd,89,available,6.0,"australia,fiji,new zealand"
eko,K240HSG,59.814,24,led,110,available,3.5,australia
eko,K240HAT,59.814,24,led,110,available,3.5,australia
samsung,QA43QN90DAW,107.987,43,led,233,available,4.5,"australia,fiji,new zealand"
samsung,QA43QN90DAS,107.987,43,led,233,available,4.5,"australia,fiji,new zealand"
samsung,QA43QN90DA*,107.987,43,led,233,available,4.5,"australia,fiji,new zealand"
akai,AK3223S7WOS,80.043,32,lcd,89,available,6.0,"australia,fiji,new zealand"
bauhn,ATV75UHDW-0324,189.344,75,led,474,available,6.0,"australia,fiji,new zealand"
sony,K-55XR70,138.798,55,led,547,available,2.5,"australia,new zealand"
sony,K-65XR70,163.878,65,led,634,available,3.5,"australia,new zealand"
lg,50QNED80T6A,125.727,50,led,251,available,5.5,"australia,new zealand"
lg,55QNED80T6A,138.783,55,led,320,available,5.0,"australia,new zealand"
kogan,KALED42F98TA,105.38,42,led,163,available,6.0,"australia,fiji,new zealand"
kogan,KALED42F98TB,105.38,42,led,163,available,6.0,"australia,fiji,new zealand"
kogan,KALED42F98TC,105.38,42,led,163,available,6.0,"australia,fiji,new zealand"
kogan,KALED42F98TD,105.38,42,led,163,available,6.0,"australia,fiji,new zealand"
kogan,KALED42F98TE,105.38,42,led,163,available,6.0,"australia,fiji,new zealand"
kogan,KALED42F98TF,105.38,42,led,163,available,6.0,"australia,fiji,new zealand"
kogan,KALED42F98T*,105.38,42,led,163,available,6.0,"australia,fiji,new zealand"
kogan,KALED24R98TA,59.774,24,led,67,available,6.0,"australia,fiji,new zealand"
kogan,KALED24R98TB,59.774,24,led,67,available,6.0,"australia,fiji,new zealand"
kogan,KALED24R98TC,59.774,24,led,67,available,6.0,"australia,fiji,new zealand"
kogan,KALED24R98TD,59.774,24,led,67,available,6.0,"australia,fiji,new zealand"
kogan,KALED24R98TE,59.774,24,led,67,available,6.0,"australia,fiji,new zealand"
kogan,KALED24R98T*,59.774,24,led,67,available,6.0,"australia,fiji,new zealand"
samsung,QA98QN90DAW,247.697,98,led,937,available,5.0,"australia,fiji,new zealand"
samsung,QA98QN90DAS,247.697,98,led,937,available,5.0,"australia,fiji,new zealand"
samsung,QA98QN90DA*,247.697,98,led,937,available,5.0,"australia,fiji,new zealand"
samsung,QA55S90DAW,138.783,55,led,412,available,4.0,"australia,fiji,new zealand"
samsung,QA55S90DAS,138.783,55,led,412,available,4.0,"australia,fiji,new zealand"
samsung,QA55S90DA*,138.783,55,led,412,available,4.0,"australia,fiji,new zealand"
samsung,QA65QN85DBW,163.897,65,led,492,available,4.5,"australia,fiji,new zealand"
samsung,QA65QN85DBS,163.897,65,led,492,available,4.5,"australia,fiji,new zealand"
samsung,QA65QN85DB*,163.897,65,led,492,available,4.5,"australia,fiji,new zealand"
vdt,LEW22BA43,54.687,22,led,78,available,4.5,"australia,fiji,new zealand"
sylvox,BT32A***GB,80.131,32,led,101,available,6.0,"australia,fiji,new zealand"
sylvox,BT24A***GB,60.47,24,led,65,available,6.0,"australia,fiji,new zealand"
samsung,QA65QN80DAW,163.897,65,led,492,available,4.5,"australia,fiji,new zealand"
samsung,QA65QN80DAS,163.897,65,led,492,available,4.5,"australia,fiji,new zealand"
samsung,QA65QN80DA*,163.897,65,led,492,available,4.5,"australia,fiji,new zealand"
loewe,BILD i77,194.139,77,oled,395,available,7.0,"australia,new zealand"
hisense,100U7KAU,252.784,100,led,955,available,5.5,"australia,new zealand"
hisense,100U7KNZ,252.784,100,led,955,available,5.5,"australia,new zealand"
hisense,100U7K series,252.784,100,led,955,available,5.5,"australia,new zealand"
sony,K-43S30,107.95,43,led,236,available,4.5,"australia,new zealand"
jvc,LT-32N3115A11E,79.994,32,led,130,available,5.0,australia
jvc,LT-43N5135AE,107.947,43,led,229,available,4.5,australia
samsung,QA75Q60DAW,189.338,75,led,412,available,6.0,"australia,fiji,new zealand"
samsung,QA75Q60DAS,189.338,75,led,412,available,6.0,"australia,fiji,new zealand"
samsung,QA75Q65DAW,189.338,75,led,412,available,6.0,"australia,fiji,new zealand"
samsung,QA75Q65DAS,189.338,75,led,412,available,6.0,"australia,fiji,new zealand"
samsung,QA75Q6*DA*,189.338,75,led,412,available,6.0,"australia,fiji,new zealand"
samsung,QA55Q60DAW,138.783,55,led,273,available,6.0,"australia,fiji,new zealand"
samsung,QA55Q60DAS,138.783,55,led,273,available,6.0,"australia,fiji,new zealand"
samsung,QA55Q65DAW,138.783,55,led,273,available,6.0,"australia,fiji,new zealand"
samsung,QA55Q65DAS,138.783,55,led,273,available,6.0,"australia,fiji,new zealand"
samsung,QA55Q6*DA*,138.783,55,led,273,available,6.0,"australia,fiji,new zealand"
samsung,QA50Q60DAS,125.727,50,led,244,available,5.5,"australia,fiji,new zealand"
samsung,QA50Q65DAS,125.727,50,led,244,available,5.5,"australia,fiji,new zealand"
samsung,QA50Q6*DAS,125.727,50,led,244,available,5.5,"australia,fiji,new zealand"
samsung,QA85Q60DAW,214.783,85,led,521,available,6.0,"australia,fiji,new zealand"
samsung,QA85Q60DAS,214.783,85,led,521,available,6.0,"australia,fiji,new zealand"
samsung,QA85Q65DAW,214.783,85,led,521,available,6.0,"australia,fiji,new zealand"
samsung,QA85Q65DAS,214.783,85,led,521,available,6.0,"australia,fiji,new zealand"
samsung,QA85Q6*DA*,214.783,85,led,521,available,6.0,"australia,fiji,new zealand"
samsung,QA65Q60DAW,163.897,65,led,317,available,6.0,"australia,fiji,new zealand"
samsung,QA65Q60DAS,163.897,65,led,317,available,6.0,"australia,fiji,new zealand"
samsung,QA65Q65DAW,163.897,65,led,317,available,6.0,"australia,fiji,new zealand"
samsung,QA65Q65DAS,163.897,65,led,317,available,6.0,"australia,fiji,new zealand"
samsung,QA65Q6*DA*,163.897,65,led,317,available,6.0,"australia,fiji,new zealand"
samsung,QA43Q60DAS,107.987,43,led,237,available,4.5,"australia,fiji,new zealand"
samsung,QA43Q65DAS,107.987,43,led,237,available,4.5,"australia,fiji,new zealand"
samsung,QA43Q6*DAS,107.987,43,led,237,available,4.5,"australia,fiji,new zealand"
samsung,QA50QN90DAW,125.727,50,led,299,available,4.5,"australia,fiji,new zealand"
samsung,QA50QN90DAS,125.727,50,led,299,available,4.5,"australia,fiji,new zealand"
samsung,QA50QN90DA*,125.727,50,led,299,available,4.5,"australia,fiji,new zealand"
sony,K-75XR70,189.306,75,led,737,available,4.0,"australia,new zealand"
sony,K-85XR70,214.783,85,led,838,available,4.5,"australia,new zealand"
samsung,QA85QN800DW,214.783,85,led,1076,available,3.5,"australia,fiji,new zealand"
samsung,QA85QN800DS,214.783,85,led,1076,available,3.5,"australia,fiji,new zealand"
samsung,QA85QN800D*,214.783,85,led,1076,available,3.5,"australia,fiji,new zealand"
samsung,UA85DU8000W,214.783,85,led,715,available,5.0,"australia,fiji,new zealand"
samsung,UA85DU8000S,214.783,85,led,715,available,5.0,"australia,fiji,new zealand"
samsung,UA85DU8000*,214.783,85,led,715,available,5.0,"australia,fiji,new zealand"
samsung,QA55Q80DAW,138.783,55,led,397,available,4.0,"australia,fiji,new zealand"
samsung,QA55Q80DAS,138.783,55,led,397,available,4.0,"australia,fiji,new zealand"
samsung,QA55Q80DA*,138.783,55,led,397,available,4.0,"australia,fiji,new zealand"
samsung,QA85Q70DAW,214.783,85,led,733,available,5.0,"australia,fiji,new zealand"
samsung,QA85Q70DAS,214.783,85,led,733,available,5.0,"australia,fiji,new zealand"
samsung,QA85Q70DA*,214.783,85,led,733,available,5.0,"australia,fiji,new zealand"
samsung,QA77S95DAW,195.177,77,led,791,available,4.0,"australia,fiji,new zealand"
samsung,QA77S95DAS,195.177,77,led,791,available,4.0,"australia,fiji,new zealand"
samsung,QA77S95DA*,195.177,77,led,791,available,4.0,"australia,fiji,new zealand"
kogan,KALED50U94VA,125.731,50,led,210,available,6.0,"australia,fiji,new zealand"
kogan,KALED50U94VB,125.731,50,led,210,available,6.0,"australia,fiji,new zealand"
kogan,KALED50U94VC,125.731,50,led,210,available,6.0,"australia,fiji,new zealand"
kogan,KALED50U94V*,125.731,50,led,210,available,6.0,"australia,fiji,new zealand"
kogan,KALED43F98VA,107.947,43,led,229,available,4.5,"australia,fiji,new zealand"
kogan,KALED43F98VB,107.947,43,led,229,available,4.5,"australia,fiji,new zealand"
kogan,KALED43F98VC,107.947,43,led,229,available,4.5,"australia,fiji,new zealand"
lg,43UT8050PSB,107.987,43,led,258,available,4.0,"australia,new zealand"
lg,43UT80506LA,107.987,43,led,269,available,4.0,"australia,new zealand"
lg,43UT81006LA,107.987,43,led,269,available,4.0,"australia,new zealand"
lg,50UT8050PSB,125.727,50,led,305,available,4.5,"australia,new zealand"
lg,50UT80506LA,125.727,50,led,305,available,4.5,"australia,new zealand"
lg,50UT81006LA,125.727,50,led,305,available,4.5,"australia,new zealand"
lg,55UT8050PSB,138.783,55,led,357,available,4.5,"australia,new zealand"
lg,55UT80506LA,138.783,55,led,357,available,4.5,"australia,new zealand"
lg,55UT81006LA,138.783,55,led,357,available,4.5,"australia,new zealand"
lg,65UT8050PSB,163.897,65,led,441,available,5.0,"australia,new zealand"
lg,65UT80506LA,163.897,65,led,441,available,5.0,"australia,new zealand"
lg,65UT81006LA,163.897,65,led,441,available,5.0,"australia,new zealand"
lg,75UT8050PSB,189.275,75,led,605,available,5.0,"australia,new zealand"
lg,75UT81006LA,189.275,75,led,605,available,5.0,"australia,new zealand"
lg,86UT8050PSB,217.425,86,led,776,available,5.0,"australia,new zealand"
lg,86UT80506LA,217.425,86,led,776,available,5.0,"australia,new zealand"
lg,86UT81006LA,217.425,86,led,776,available,5.0,"australia,new zealand"
lg,50QNED86TSA,125.727,50,led,295,available,4.5,"australia,new zealand"
lg,65QNED86TSA,163.897,65,led,433,available,5.0,"australia,new zealand"
lg,65QNED91TSA,163.897,65,led,459,available,5.0,"australia,new zealand"
lg,75QNED86TSA,189.275,75,led,492,available,5.5,"australia,new zealand"
lg,75QNED91TSA,189.275,75,led,550,available,5.0,"australia,new zealand"
lg,86QNED91TSA,217.425,86,led,754,available,5.0,"australia,new zealand"
lg,OLED48B46LA,120.721,48,oled,287,available,4.5,"australia,new zealand"
lg,OLED55B4PSA,138.783,55,oled,338,available,5.0,"australia,new zealand"
lg,OLED55B46LA,138.783,55,oled,338,available,5.0,"australia,new zealand"
lg,OLED65C4PSA,163.897,65,oled,448,available,5.0,"australia,new zealand"
lg,OLED77B4PSA,194.738,77,oled,524,available,5.5,"australia,new zealand"
lg,OLED77C4PSA,194.738,77,oled,565,available,5.5,"australia,new zealand"
lg,OLED83G4PSA,209.585,83,oled,795,available,4.5,"australia,new zealand"
akai,AK7523S7WOS,189.344,75,led,474,available,6.0,"australia,fiji,new zealand"
eko,K32HSW2,80.039,32,led,131,available,5.0,"australia,fiji,new zealand"
q.bell,QT32WY8A,80.039,32,led,131,available,5.0,"australia,fiji,new zealand"
lg,50QNED86T6A,125.727,50,led,295,available,4.5,"australia,new zealand"
lg,65QNED86T6A,163.896,65,led,433,available,5.0,"australia,new zealand"
lg,65QNED91T6A,163.896,65,led,459,available,5.0,"australia,new zealand"
lg,86QNED86T6A,217.427,86,led,572,available,6.0,"australia,new zealand"
lg,86QNED86TSA,217.427,86,led,572,available,6.0,"australia,new zealand"
lg,86QNED91T6A,217.427,86,led,754,available,5.0,"australia,new zealand"
lg,OLED65C46LA,163.896,65,oled,448,available,5.0,"australia,new zealand"
tcl,85X925 PRO,214.783,85,led,1645,available,1.5,"australia,fiji,new zealand"
lg,OLED77B46LA,194.737,77,oled,524,available,5.5,"australia,new zealand"
lg,OLED77C46LA,194.737,77,oled,565,available,5.5,"australia,new zealand"
lg,OLED83G46LA,209.584,83,oled,795,available,4.5,"australia,new zealand"
lg,75QNED86T6A,189.275,75,led,492,available,5.5,"australia,new zealand"
lg,75QNED91T6A,189.275,75,led,550,available,5.0,"australia,new zealand"
samsung,QA75Q80DAW,189.338,75,led,726,available,4.0,"australia,fiji,new zealand"
samsung,QA75Q80DAS,189.338,75,led,726,available,4.0,"australia,fiji,new zealand"
samsung,QA75Q80DA*,189.338,75,led,726,available,4.0,"australia,fiji,new zealand"
samsung,QA85Q80DAW,214.783,85,led,945,available,4.0,"australia,fiji,new zealand"
samsung,QA85Q80DAS,214.783,85,led,945,available,4.0,"australia,fiji,new zealand"
samsung,QA85Q80DA*,214.783,85,led,945,available,4.0,"australia,fiji,new zealand"
samsung,QA65Q80DAW,163.897,65,led,540,available,4.0,"australia,fiji,new zealand"
samsung,QA65Q80DAS,163.897,65,led,540,available,4.0,"australia,fiji,new zealand"
samsung,QA65Q80DA*,163.897,65,led,540,available,4.0,"australia,fiji,new zealand"
samsung,QA50Q80DAW,125.727,50,led,302,available,4.5,"australia,fiji,new zealand"
samsung,QA50Q80DAS,125.727,50,led,302,available,4.5,"australia,fiji,new zealand"
samsung,QA50Q80DA*,125.727,50,led,302,available,4.5,"australia,fiji,new zealand"
samsung,QA65S90DAW,163.897,65,led,536,available,4.0,"australia,fiji,new zealand"
samsung,QA65S90DAS,163.897,65,led,536,available,4.0,"australia,fiji,new zealand"
samsung,QA65S90DA*,163.897,65,led,536,available,4.0,"australia,fiji,new zealand"
samsung,QA65S95DAW,163.897,65,led,562,available,4.0,"australia,fiji,new zealand"
samsung,QA65S95DAS,163.897,65,led,562,available,4.0,"australia,fiji,new zealand"
samsung,QA65S95DA*,163.897,65,led,562,available,4.0,"australia,fiji,new zealand"
samsung,QA55S95DAW,138.783,55,led,405,available,4.0,"australia,fiji,new zealand"
samsung,QA55S95DAS,138.783,55,led,405,available,4.0,"australia,fiji,new zealand"
samsung,QA55S95DA*,138.783,55,led,405,available,4.0,"australia,fiji,new zealand"
samsung,QA55Q70DAW,138.783,55,led,397,available,4.0,"australia,fiji,new zealand"
samsung,QA55Q70DAS,138.783,55,led,397,available,4.0,"australia,fiji,new zealand"
samsung,QA55Q70DA*,138.783,55,led,397,available,4.0,"australia,fiji,new zealand"
samsung,QA65Q70DAW,163.897,65,led,521,available,4.0,"australia,fiji,new zealand"
samsung,QA65Q70DAS,163.897,65,led,521,available,4.0,"australia,fiji,new zealand"
samsung,QA65Q70DA*,163.897,65,led,521,available,4.0,"australia,fiji,new zealand"
samsung,QA75Q70DAW,189.338,75,led,576,available,5.0,"australia,fiji,new zealand"
samsung,QA75Q70DAS,189.338,75,led,576,available,5.0,"australia,fiji,new zealand"
samsung,QA75Q70DA*,189.338,75,led,576,available,5.0,"australia,fiji,new zealand"
samsung,QA55QE1DAS,138.783,55,led,288,available,5.5,"australia,fiji,new zealand"
samsung,QA43LS03DAW,107.987,43,led,339,available,3.0,"australia,fiji,new zealand"
samsung,QA43LS03DAS,107.987,43,led,339,available,3.0,"australia,fiji,new zealand"
samsung,QA43LS03DA*,107.987,43,led,339,available,3.0,"australia,fiji,new zealand"
samsung,QA75QN900DW,189.338,75,led,1047,available,2.5,"australia,fiji,new zealand"
samsung,QA75QN900DS,189.338,75,led,1047,available,2.5,"australia,fiji,new zealand"
samsung,QA75QN900D*,189.338,75,led,1047,available,2.5,"australia,fiji,new zealand"
samsung,QA55QN85DBW,138.783,55,led,412,available,4.0,"australia,fiji,new zealand"
samsung,QA55QN85DBS,138.783,55,led,412,available,4.0,"australia,fiji,new zealand"
samsung,QA55QN85DB*,138.783,55,led,412,available,4.0,"australia,fiji,new zealand"
samsung,QA55QN87DAW,138.783,55,led,401,available,4.0,"australia,fiji,new zealand"
samsung,QA55QN87DAS,138.783,55,led,401,available,4.0,"australia,fiji,new zealand"
samsung,QA55QN87DA*,138.783,55,led,401,available,4.0,"australia,fiji,new zealand"
samsung,QA50LS03DAW,125.727,50,led,343,available,4.0,"australia,fiji,new zealand"
samsung,QA50LS03DAS,125.727,50,led,343,available,4.0,"australia,fiji,new zealand"
samsung,QA50LS03DA*,125.727,50,led,343,available,4.0,"australia,fiji,new zealand"
samsung,QA55LS03DAW,138.783,55,led,437,available,3.5,"australia,fiji,new zealand"
samsung,QA55LS03DAS,138.783,55,led,437,available,3.5,"australia,fiji,new zealand"
samsung,QA55LS03DA*,138.783,55,led,437,available,3.5,"australia,fiji,new zealand"
samsung,QA65LS03DAW,163.897,65,led,565,available,4.0,"australia,fiji,new zealand"
samsung,QA65LS03DAS,163.897,65,led,565,available,4.0,"australia,fiji,new zealand"
samsung,QA65LS03DA*,163.897,65,led,565,available,4.0,"australia,fiji,new zealand"
samsung,QA75LS03DAW,189.338,75,led,697,available,4.0,"australia,fiji,new zealand"
samsung,QA75LS03DAS,189.338,75,led,697,available,4.0,"australia,fiji,new zealand"
samsung,QA75LS03DA*,189.338,75,led,697,available,4.0,"australia,fiji,new zealand"
samsung,QA65QN900DW,163.897,65,led,952,available,1.5,"australia,fiji,new zealand"
samsung,QA65QN900DS,163.897,65,led,952,available,1.5,"australia,fiji,new zealand"
samsung,QA65QN900D*,163.897,65,led,952,available,1.5,"australia,fiji,new zealand"
samsung,QA85LS03DAW,214.783,85,led,806,available,4.5,"australia,fiji,new zealand"
samsung,QA85LS03DAS,214.783,85,led,806,available,4.5,"australia,fiji,new zealand"
samsung,QA85LS03DA*,214.783,85,led,806,available,4.5,"australia,fiji,new zealand"
lg,43NANO81TSA,107.987,43,led,258,available,4.0,"australia,new zealand"
lg,50NANO81TSA,125.727,50,led,331,available,4.0,"australia,new zealand"
lg,55NANO81TSA,138.783,55,led,411,available,4.0,"australia,new zealand"
lg,65NANO81TSA,163.897,65,led,528,available,4.0,"australia,new zealand"
lg,75NANO81TSA,189.275,75,led,663,available,4.5,"australia,new zealand"
lg,86NANO81TSA,217.427,86,led,915,available,4.0,"australia,new zealand"
lg,86QNED80T6A,217.427,86,led,565,available,6.0,"australia,new zealand"
lg,86QNED81TSA,217.427,86,led,565,available,6.0,"australia,new zealand"
lg,OLED83C4PSA,209.585,83,oled,707,available,5.0,"australia,new zealand"
lg,OLED83C46LA,209.585,83,oled,707,available,5.0,"australia,new zealand"
samsung,QA85QN87DAW,214.783,85,led,704,available,5.0,"australia,fiji,new zealand"
samsung,QA85QN87DAS,214.783,85,led,704,available,5.0,"australia,fiji,new zealand"
samsung,QA85QN87DA*,214.783,85,led,704,available,5.0,"australia,fiji,new zealand"
samsung,QA75QN87DAW,189.338,75,led,529,available,5.5,"australia,fiji,new zealand"
samsung,QA75QN87DAS,189.338,75,led,529,available,5.5,"australia,fiji,new zealand"
samsung,QA75QN87DA*,189.338,75,led,529,available,5.5,"australia,fiji,new zealand"
sony,K-55S30,138.798,55,led,440,available,3.5,"australia,new zealand"
sony,K-65S30,163.878,65,led,517,available,4.5,"australia,new zealand"
samsung,QA75QN85DBW,189.338,75,led,653,available,4.5,"australia,fiji,new zealand"
samsung,QA75QN85DBS,189.338,75,led,653,available,4.5,"australia,fiji,new zealand"
samsung,QA75QN85DB*,189.338,75,led,653,available,4.5,"australia,fiji,new zealand"
samsung,QA85QN85DBW,214.783,85,led,788,available,4.5,"australia,fiji,new zealand"
samsung,QA85QN85DBS,214.783,85,led,788,available,4.5,"australia,fiji,new zealand"
samsung,QA85QN85DB*,214.783,85,led,788,available,4.5,"australia,fiji,new zealand"
dynalink,S 8866,59.823,24,lcd,76,available,5.5,"australia,fiji,new zealand"
teco,LED65AUSRC,163.829,65,led,404,available,5.5,"australia,fiji,new zealand"
aiwa,AW240DVD,59.824,24,lcd,91,available,4.5,australia
q.bell,QT50WX8A,125.743,50,led,317,available,4.5,"australia,fiji,new zealand"
samsung,QA75QE1DAW,189.338,75,led,456,available,6.0,"australia,fiji,new zealand"
samsung,QA75QE1DAS,189.338,75,led,456,available,6.0,"australia,fiji,new zealand"
samsung,QA75QE1DA*,189.338,75,led,456,available,6.0,"australia,fiji,new zealand"
samsung,QA85QE1DAS,214.783,85,led,631,available,5.5,"australia,fiji,new zealand"
samsung,UA65DU7000S,163.897,65,led,419,available,5.0,"australia,fiji,new zealand"
samsung,UA75DU7000S,189.338,75,led,503,available,5.5,"australia,fiji,new zealand"
hisense,75U7NAU,189.34,75,led,659,available,4.5,"australia,new zealand"
hisense,75U7NNZ,189.34,75,led,659,available,4.5,"australia,new zealand"
hisense,65U7NAU,163.829,65,led,464,available,5.0,"australia,new zealand"
hisense,65U7NNZ,163.829,65,led,464,available,5.0,"australia,new zealand"
hisense,55U7NAU,138.783,55,led,381,available,4.5,"australia,new zealand"
hisense,55U7NNZ,138.783,55,led,381,available,4.5,"australia,new zealand"
hisense,65U7N series,163.829,65,led,464,available,5.0,"australia,new zealand"
hisense,75U7N series,189.34,75,led,659,available,4.5,"australia,new zealand"
bauhn,ATV50UHDW-0424,127.259,51,led,210,available,6.0,"australia,fiji,new zealand"
samsung,UA85DU7000S,214.783,85,led,525,available,6.0,"australia,fiji,new zealand"
kogan,KAQL85W94QA,214.783,85,led,1090,available,3.5,"australia,fiji,new zealand"
samsung,QA55QN80DAW,138.783,55,led,401,available,4.0,"australia,fiji,new zealand"
samsung,QA55QN80DAS,138.783,55,led,401,available,4.0,"australia,fiji,new zealand"
samsung,QA55QN80DA*,138.783,55,led,401,available,4.0,"australia,fiji,new zealand"
sony,K-75S30,189.306,75,led,660,available,4.5,"australia,new zealand"
samsung,QA65QN87DAW,163.897,65,led,478,available,4.5,"australia,fiji,new zealand"
samsung,QA65QN87DAS,163.897,65,led,478,available,4.5,"australia,fiji,new zealand"
samsung,QA65QN87DA*,163.897,65,led,478,available,4.5,"australia,fiji,new zealand"
sony,K-85S30,214.783,85,led,845,available,4.5,"australia,new zealand"
samsung,QA85QN900DW,214.783,85,led,1237,available,2.5,"australia,fiji,new zealand"
samsung,QA85QN900DS,214.783,85,led,1237,available,2.5,"australia,fiji,new zealand"
samsung,QA85QN900D*,214.783,85,led,1237,available,2.5,"australia,fiji,new zealand"
samsung,UA65DU7000W,163.897,65,led,419,available,5.0,"australia,fiji,new zealand"
samsung,UA65DU7700S,163.897,65,led,419,available,5.0,"australia,fiji,new zealand"
samsung,UA65DU7700W,163.897,65,led,419,available,5.0,"australia,fiji,new zealand"
samsung,UA75DU7000W,189.338,75,led,503,available,5.5,"australia,fiji,new zealand"
samsung,UA75DU7700S,189.338,75,led,503,available,5.5,"australia,fiji,new zealand"
samsung,UA75DU7700W,189.338,75,led,503,available,5.5,"australia,fiji,new zealand"
samsung,UA75DU7*00*,189.338,75,led,503,available,5.5,"australia,fiji,new zealand"
samsung,UA85DU7000W,214.783,85,led,525,available,6.0,"australia,fiji,new zealand"
samsung,UA85DU7700S,214.783,85,led,525,available,6.0,"australia,fiji,new zealand"
samsung,UA85DU7700W,214.783,85,led,525,available,6.0,"australia,fiji,new zealand"
samsung,UA85DU7*00*,214.783,85,led,525,available,6.0,"australia,fiji,new zealand"
eko,K42FSW3,105.422,42,lcd,205,available,5.0,"australia,fiji,new zealand"
sony,K-85XR90,214.783,85,led,1002,available,3.5,"australia,new zealand"
sony,K-75XR90,189.306,75,led,878,available,3.0,"australia,new zealand"
samsung,UA75DU8000W,189.338,75,led,598,available,5.0,"australia,fiji,new zealand"
samsung,UA75DU8000S,189.338,75,led,598,available,5.0,"australia,fiji,new zealand"
samsung,UA75DU8500S,189.338,75,led,598,available,5.0,"australia,fiji,new zealand"
samsung,UA75DU8*00*,189.338,75,led,598,available,5.0,"australia,fiji,new zealand"
kogan,KALED24DH65NA,59.824,24,lcd,94,available,4.5,"australia,fiji,new zealand"
kogan,KALED24DH65NB,59.824,24,lcd,94,available,4.5,"australia,fiji,new zealand"
kogan,KALED24DH65NC,59.824,24,lcd,94,available,4.5,"australia,fiji,new zealand"
kogan,KALED24DH65ND,59.824,24,lcd,94,available,4.5,"australia,fiji,new zealand"
kogan,KALED24DH65NE,59.824,24,lcd,94,available,4.5,"australia,fiji,new zealand"
kogan,D236GV68C-T2C,59.824,24,lcd,94,available,4.5,"australia,fiji,new zealand"
kogan,*24*,59.824,24,lcd,94,available,4.5,"australia,fiji,new zealand"
samsung,QA50QE1DAS,125.727,50,led,270,available,5.0,"australia,fiji,new zealand"
kogan,KALED24D95SNA,59.824,24,lcd,83,available,5.0,"australia,fiji,new zealand"
kogan,KALED24D95SNB,59.824,24,lcd,83,available,5.0,"australia,fiji,new zealand"
kogan,KALED24D95SNC,59.824,24,lcd,83,available,5.0,"australia,fiji,new zealand"
kogan,KALED24D95SND,59.824,24,lcd,83,available,5.0,"australia,fiji,new zealand"
kogan,KALED24D95SNE,59.824,24,lcd,83,available,5.0,"australia,fiji,new zealand"
kogan,D236GV66C-T2C-W,59.824,24,lcd,83,available,5.0,"australia,fiji,new zealand"
kogan,*24*,59.824,24,lcd,83,available,5.0,"australia,fiji,new zealand"
s vision,SVU550WOS,140.219,56,led,379,available,4.5,"australia,fiji,new zealand"
chiq,U85F8TG,214.783,85,led,974,available,4.0,"australia,fiji,new zealand"
eko,K650UGT,163.896,65,led,554,available,4.0,"australia,new zealand"
kogan,KALED32D95SNA,80.039,32,lcd,131,available,5.0,"australia,fiji,new zealand"
kogan,KALED32D95SNB,80.039,32,lcd,131,available,5.0,"australia,fiji,new zealand"
kogan,KALED32D95SNC,80.039,32,lcd,131,available,5.0,"australia,fiji,new zealand"
kogan,KALED32D95SND,80.039,32,lcd,131,available,5.0,"australia,fiji,new zealand"
kogan,KALED32D95SNE,80.039,32,lcd,131,available,5.0,"australia,fiji,new zealand"
kogan,D32GV66C-T2C-W,80.039,32,lcd,131,available,5.0,"australia,fiji,new zealand"
kogan,*32*,80.039,32,lcd,131,available,5.0,"australia,fiji,new zealand"
blaupunkt,BP3200HDV8100,80.039,32,led,133,available,4.5,"australia,fiji,new zealand"
samsung,QA48S90DAE,120.712,48,led,295,available,4.5,"australia,fiji,new zealand"
eko,K750UGT,189.306,75,lcd,811,available,3.5,"australia,fiji,new zealand"
eko,K750UGT2,189.306,75,lcd,811,available,3.5,"australia,fiji,new zealand"
eko,K700UGT,176.539,70,lcd,592,available,4.5,"australia,fiji,new zealand"
eko,K700UGT2,176.539,70,lcd,592,available,4.5,"australia,fiji,new zealand"
lg,55LX1T6LA,138.783,55,oled,368,available,4.5,"australia,new zealand"
lg,55LX1TPSA,138.783,55,oled,368,available,4.5,"australia,new zealand"
lg,OLED97G46LA,245.145,97,oled,802,available,6.0,"australia,new zealand"
samsung,UA65DU7*00*,163.897,65,led,419,available,5.0,"australia,fiji,new zealand"
samsung,UA65DU8000W,163.897,65,led,448,available,5.0,"australia,fiji,new zealand"
samsung,UA65DU8000S,163.897,65,led,448,available,5.0,"australia,fiji,new zealand"
samsung,UA65DU8500S,163.897,65,led,448,available,5.0,"australia,fiji,new zealand"
samsung,UA65DU8*00*,163.897,65,led,448,available,5.0,"australia,fiji,new zealand"
samsung,UA43DU8000W,107.987,43,led,262,available,4.0,"australia,fiji,new zealand"
samsung,UA43DU8000S,107.987,43,led,262,available,4.0,"australia,fiji,new zealand"
samsung,UA43DU8500S,107.987,43,led,262,available,4.0,"australia,fiji,new zealand"
samsung,UA43DU8*00*,107.987,43,led,262,available,4.0,"australia,fiji,new zealand"
samsung,UA55DU7000S,138.783,55,led,291,available,5.5,"australia,fiji,new zealand"
samsung,UA55DU7000W,138.783,55,led,291,available,5.5,"australia,fiji,new zealand"
samsung,UA55DU7700S,138.783,55,led,291,available,5.5,"australia,fiji,new zealand"
samsung,UA55DU7700W,138.783,55,led,291,available,5.5,"australia,fiji,new zealand"
samsung,UA55DU7*00*,138.783,55,led,291,available,5.5,"australia,fiji,new zealand"
samsung,UA50DU7000S,125.727,50,led,262,available,5.0,"australia,fiji,new zealand"
samsung,UA50DU7000W,125.727,50,led,262,available,5.0,"australia,fiji,new zealand"
samsung,UA50DU7700S,125.727,50,led,262,available,5.0,"australia,fiji,new zealand"
samsung,UA50DU7700W,125.727,50,led,262,available,5.0,"australia,fiji,new zealand"
samsung,UA50DU7*00*,125.727,50,led,262,available,5.0,"australia,fiji,new zealand"
samsung,UA55DU8000W,138.783,55,led,357,available,4.5,"australia,fiji,new zealand"
samsung,UA55DU8000S,138.783,55,led,357,available,4.5,"australia,fiji,new zealand"
samsung,UA55DU8500S,138.783,55,led,357,available,4.5,"australia,fiji,new zealand"
samsung,UA55DU8*00*,138.783,55,led,357,available,4.5,"australia,fiji,new zealand"
kogan,KAQL85XQ98GSTA,214.783,85,led,974,available,4.0,"australia,fiji,new zealand"
kogan,KAQL85XQ98GSTB,214.783,85,led,974,available,4.0,"australia,fiji,new zealand"
kogan,KAQL85XQ98GSTC,214.783,85,led,974,available,4.0,"australia,fiji,new zealand"
kogan,KAQL85XQ98GSTD,214.783,85,led,974,available,4.0,"australia,fiji,new zealand"
kogan,KAQL85XQ98GSTE,214.783,85,led,974,available,4.0,"australia,fiji,new zealand"
kogan,KAQL85XQ98GST*,214.783,85,led,974,available,4.0,"australia,fiji,new zealand"
kogan,KAQL75XQ98GSTA,189.306,75,led,681,available,4.5,"australia,fiji,new zealand"
kogan,KAQL75XQ98GSTB,189.306,75,led,681,available,4.5,"australia,fiji,new zealand"
kogan,KAQL75XQ98GSTC,189.306,75,led,681,available,4.5,"australia,fiji,new zealand"
kogan,KAQL75XQ98GSTD,189.306,75,led,681,available,4.5,"australia,fiji,new zealand"
kogan,KAQL75XQ98GSTE,189.306,75,led,681,available,4.5,"australia,fiji,new zealand"
kogan,KAQL75XQ98GST*,189.306,75,led,681,available,4.5,"australia,fiji,new zealand"
samsung,UA50DU8000W,125.736,50,led,306,available,4.5,"australia,fiji,new zealand"
samsung,UA50DU8000S,125.736,50,led,306,available,4.5,"australia,fiji,new zealand"
samsung,UA50DU8500S,125.736,50,led,306,available,4.5,"australia,fiji,new zealand"
samsung,UA50DU8*00*,125.736,50,led,306,available,4.5,"australia,fiji,new zealand"
teco,LED58AUSRC,146.039,58,led,349,available,5.0,"australia,fiji,new zealand"
teco,LED43AUSRC,107.95,43,led,214,available,5.0,"australia,fiji,new zealand"
aiwa,AWS400G,100.305,40,lcd,189,available,5.0,australia
aiwa,AWS650G,163.829,65,lcd,404,available,5.5,australia
kogan,KAQL70W94QA,176.538,70,led,538,available,5.0,"australia,fiji,new zealand"
kogan,KAQL70W94QB,176.538,70,led,538,available,5.0,"australia,fiji,new zealand"
kogan,KAQL70W94QC,176.538,70,led,538,available,5.0,"australia,fiji,new zealand"
kogan,KAQL70W94QD,176.538,70,led,538,available,5.0,"australia,fiji,new zealand"
kogan,KAQL70W94QE,176.538,70,led,538,available,5.0,"australia,fiji,new zealand"
kogan,KAQL70W94QF,176.538,70,led,538,available,5.0,"australia,fiji,new zealand"
samsung,UA98DU9000W,247.688,98,led,1215,available,4.0,"australia,fiji,new zealand"
samsung,UA98DU9000S,247.688,98,led,1215,available,4.0,"australia,fiji,new zealand"
samsung,UA98DU9000*,247.688,98,led,1215,available,4.0,"australia,fiji,new zealand"
eko,K500UGT,125.725,50,lcd,376,available,3.5,"australia,fiji,new zealand"
kogan,KAQL43XQ98GSVA,107.95,43,led,338,available,3.0,"australia,fiji,new zealand"
kogan,KAQL43XQ98GSVB,107.95,43,led,338,available,3.0,"australia,fiji,new zealand"
kogan,KAQL43XQ98GSVC,107.95,43,led,338,available,3.0,"australia,fiji,new zealand"
eko,K650UGT2,163.896,65,led,511,available,4.5,"australia,fiji,new zealand"
tcl,43C655,107.95,43,led,240,available,4.5,"australia,fiji,new zealand"
linsar,LS40FHDNF23,100.332,40,led,144,available,6.0,"australia,fiji,new zealand"
tcl,50C655,125.638,50,led,300,available,4.5,"australia,fiji,new zealand"
tcl,55C655,138.711,55,led,367,available,4.5,"australia,fiji,new zealand"
tcl,65C655,163.829,65,led,440,available,5.0,"australia,fiji,new zealand"
tcl,75C655,189.306,75,led,515,available,5.5,"australia,fiji,new zealand"
tcl,65C855,163.829,65,led,716,available,3.0,"australia,fiji,new zealand"
tcl,75C855,189.306,75,led,925,available,3.0,"australia,fiji,new zealand"
tcl,85C855,214.783,85,led,940,available,4.0,"australia,fiji,new zealand"
tcl,98C855,247.604,98,led,853,available,5.5,"australia,fiji,new zealand"
ffalcon,FF43U64,107.95,43,led,170,available,6.0,"australia,fiji,new zealand"
ffalcon,FF50U64,125.638,50,led,200,available,6.0,"australia,fiji,new zealand"
ffalcon,FF55U64,138.711,55,led,240,available,6.0,"australia,fiji,new zealand"
ffalcon,FF65U64,163.829,65,led,350,available,6.0,"australia,fiji,new zealand"
ffalcon,FF75U64,189.306,75,led,460,available,6.0,"australia,fiji,new zealand"
lg,98QNED89TSA,247.695,98,led,999,available,5.0,"australia,fiji,new zealand"
lg,98QNED89T6A,247.695,98,led,999,available,5.0,"australia,fiji,new zealand"
lg,98QNED89TUA,247.695,98,led,999,available,5.0,"australia,fiji,new zealand"
lg,98QNED#####,247.695,98,led,999,available,5.0,"australia,fiji,new zealand"
samsung,QA77S90DAE,194.738,77,led,642,available,5.0,"australia,fiji,new zealand"
samsung,QA83S90DAE,209.585,83,led,795,available,4.5,"australia,fiji,new zealand"
sony,K-55XR80,138.798,55,oled,372,available,4.5,"australia,new zealand"
sony,K-65XR80,163.878,65,oled,437,available,5.0,"australia,new zealand"
lg,OLED65M46LA,163.896,65,oled,630,available,3.5,"australia,new zealand"
lg,OLED77M46LA,194.738,77,oled,806,available,4.0,"australia,new zealand"
lg,OLED83M46LA,209.585,83,oled,886,available,4.0,"australia,new zealand"
lg,OLED97G4PSA,245.145,97,oled,802,available,6.0,"australia,new zealand"
lg,OLED97M4PSA,245.145,97,oled,893,available,5.5,"australia,new zealand"
lg,OLED97M46LA,245.145,97,oled,893,available,5.5,"australia,new zealand"
eko,K550UGT,138.798,55,lcd,349,available,4.5,"australia,fiji,new zealand"
eko,K550UGT2,138.798,55,lcd,349,available,4.5,"australia,fiji,new zealand"
tcl,50C755,125.638,50,led,390,available,3.5,"australia,fiji,new zealand"
tcl,55C755,138.711,55,led,381,available,4.5,"australia,fiji,new zealand"
tcl,65C755,163.829,65,led,440,available,5.0,"australia,fiji,new zealand"
tcl,75C755,189.306,75,led,550,available,5.0,"australia,fiji,new zealand"
tcl,85C755,214.783,85,led,660,available,5.5,"australia,fiji,new zealand"
tcl,98C755,247.604,98,led,890,available,5.5,"australia,fiji,new zealand"
sony,K-77XR80,194.726,77,oled,562,available,5.5,"australia,new zealand"
tcl,98C655,247.604,98,led,909,available,5.5,"australia,fiji,new zealand"
lg,43UR761H0TA,107.987,43,led,247,available,4.0,"australia,new zealand"
lg,43UT90506LB,107.987,43,led,247,available,4.0,"australia,new zealand"
lg,50UT90506LB,125.727,50,led,251,available,5.5,"australia,new zealand"
lg,55UT90506LB,138.783,55,led,335,available,5.0,"australia,new zealand"
lg,65UT90506LB,163.897,65,led,419,available,5.0,"australia,new zealand"
lg,75UT90506LB,189.275,75,led,462,available,6.0,"australia,new zealand"
blaupunkt,BP2400HDV7100,60.47,24,lcd,94,available,4.5,australia
blaupunkt,BP24WOSDVD,60.47,24,lcd,107,available,4.0,"australia,fiji,new zealand"
blaupunkt,BP650USG9800,163.132,65,lcd,358,available,6.0,"australia,fiji,new zealand"
bauhn,ATV60UHDW-0824,152.663,61,lcd,299,available,6.0,australia
yokohama,YTV240Z,59.774,24,led,76,available,5.5,australia
kogan,KAQL55W94QB,138.783,55,led,427,available,4.0,"australia,fiji,new zealand"
kogan,KAQL55W94QC,138.783,55,led,427,available,4.0,"australia,fiji,new zealand"
kogan,KAQL55W94QD,138.783,55,led,427,available,4.0,"australia,fiji,new zealand"
kogan,KAQL55W94QE,138.783,55,led,427,available,4.0,"australia,fiji,new zealand"
kogan,KAQL55W94QF,138.783,55,led,427,available,4.0,"australia,fiji,new zealand"
kogan,KAQL65W94QB,163.881,65,led,560,available,4.0,"australia,fiji,new zealand"
kogan,KAQL65W94QC,163.881,65,led,560,available,4.0,"australia,fiji,new zealand"
kogan,KAQL65W94QD,163.881,65,led,560,available,4.0,"australia,fiji,new zealand"
kogan,KAQL65W94QE,163.881,65,led,560,available,4.0,"australia,fiji,new zealand"
kogan,KAQL65W94QF,163.881,65,led,560,available,4.0,"australia,fiji,new zealand"
kogan,KAQL75W94QB,189.34,75,led,690,available,4.0,"australia,fiji,new zealand"
kogan,KAQL75W94QC,189.34,75,led,690,available,4.0,"australia,fiji,new zealand"
kogan,KAQL75W94QD,189.34,75,led,690,available,4.0,"australia,fiji,new zealand"
kogan,KAQL75W94QE,189.34,75,led,690,available,4.0,"australia,fiji,new zealand"
kogan,KAQL75W94QF,189.34,75,led,690,available,4.0,"australia,fiji,new zealand"
kogan,KAQL50W94QB,125.731,50,led,398,available,3.5,"australia,fiji,new zealand"
kogan,KAQL50W94QC,125.731,50,led,398,available,3.5,"australia,fiji,new zealand"
kogan,KAQL50W94QD,125.731,50,led,398,available,3.5,"australia,fiji,new zealand"
kogan,KAQL50W94QE,125.731,50,led,398,available,3.5,"australia,fiji,new zealand"
kogan,KAQL50W94QF,125.731,50,led,398,available,3.5,"australia,fiji,new zealand"
aiwa,AWS650W,163.896,65,led,468,available,4.5,australia
jvc,LT-50N7145AE,125.638,50,led,210,available,6.0,australia
thomson,STVLED43FHD-W,107.95,43,led,194,available,5.5,"australia,fiji,new zealand"
chiq,U65G7PG,163.829,65,led,404,available,5.5,"australia,fiji,new zealand"
samsung,BE43D-H,107.987,43,led,251,available,4.0,"australia,fiji,new zealand"
samsung,BE50D-H,125.727,50,led,262,available,5.0,"australia,fiji,new zealand"
samsung,BE55D-H,138.783,55,led,291,available,5.5,"australia,fiji,new zealand"
samsung,BE65D-H,163.897,65,led,419,available,5.0,"australia,fiji,new zealand"
samsung,BE75D-H,189.338,75,led,503,available,5.5,"australia,fiji,new zealand"
blaupunkt,BP50WOS3,125.731,50,led,400,available,3.0,"australia,fiji,new zealand"
blaupunkt,BP70WOS3,176.538,70,led,550,available,4.5,"australia,fiji,new zealand"
samsung,BE85D-H,214.783,85,led,525,available,6.0,"australia,fiji,new zealand"
teco,LED24AHSRC,59.774,24,led,67,available,6.0,"australia,fiji,new zealand"
samsung,QA43LS01DAW,107.987,43,led,291,available,3.5,"australia,fiji,new zealand"
samsung,QA43LS01DAS,107.987,43,led,291,available,3.5,"australia,fiji,new zealand"
samsung,QA43LS01DA*,107.987,43,led,291,available,3.5,"australia,fiji,new zealand"
samsung,QA55LS01DAW,138.783,55,led,328,available,5.0,"australia,fiji,new zealand"
samsung,QA55LS01DAS,138.783,55,led,328,available,5.0,"australia,fiji,new zealand"
samsung,QA55LS01DA*,138.783,55,led,328,available,5.0,"australia,fiji,new zealand"
samsung,QA65LS01DAW,163.897,65,led,463,available,5.0,"australia,fiji,new zealand"
samsung,QA65LS01DAS,163.897,65,led,463,available,5.0,"australia,fiji,new zealand"
samsung,QA65LS01DA*,163.897,65,led,463,available,5.0,"australia,fiji,new zealand"
teco,LED32AHSRC,80.054,32,led,105,available,6.0,"australia,fiji,new zealand"
sylvox,RT27R2KECA,68.642,28,lcd,59,available,7.0,"australia,new zealand"
hisense,55U7N series,138.783,55,led,381,available,4.5,"australia,new zealand"
lg,32LT340CBTB,80.043,32,led,95,available,6.0,"australia,new zealand"
kogan,KALED50R95TA,125.725,50,led,284,available,5.0,"australia,fiji,new zealand"
kogan,KALED50R95TB,125.725,50,led,284,available,5.0,"australia,fiji,new zealand"
kogan,KALED50R95TC,125.725,50,led,284,available,5.0,"australia,fiji,new zealand"
kogan,KALED50R95TD,125.725,50,led,284,available,5.0,"australia,fiji,new zealand"
kogan,KALED50R95TE,125.725,50,led,284,available,5.0,"australia,fiji,new zealand"
kogan,KALED65R95TA,163.829,65,led,371,available,6.0,"australia,fiji,new zealand"
kogan,KALED65R95TB,163.829,65,led,371,available,6.0,"australia,fiji,new zealand"
kogan,KALED65R95TC,163.829,65,led,371,available,6.0,"australia,fiji,new zealand"
kogan,KALED65R95TD,163.829,65,led,371,available,6.0,"australia,fiji,new zealand"
kogan,KALED65R95TE,163.829,65,led,371,available,6.0,"australia,fiji,new zealand"
kogan,KALED75R95TA,189.306,75,led,488,available,6.0,"australia,fiji,new zealand"
kogan,KALED75R95TB,189.306,75,led,488,available,6.0,"australia,fiji,new zealand"
kogan,KALED75R95TC,189.306,75,led,488,available,6.0,"australia,fiji,new zealand"
kogan,KALED75R95TD,189.306,75,led,488,available,6.0,"australia,fiji,new zealand"
kogan,KALED75R95TE,189.306,75,led,488,available,6.0,"australia,fiji,new zealand"
kogan,KALED55R95TA,138.711,55,led,302,available,5.5,"australia,fiji,new zealand"
kogan,KALED55R95TB,138.711,55,led,302,available,5.5,"australia,fiji,new zealand"
kogan,KALED55R95TC,138.711,55,led,302,available,5.5,"australia,fiji,new zealand"
kogan,KALED55R95TD,138.711,55,led,302,available,5.5,"australia,fiji,new zealand"
kogan,KALED55R95TE,138.711,55,led,302,available,5.5,"australia,fiji,new zealand"
kogan,KALED32R95TA,79.967,32,led,104,available,6.0,"australia,fiji,new zealand"
kogan,KALED32R95TB,79.967,32,led,104,available,6.0,"australia,fiji,new zealand"
kogan,KALED32R95TC,79.967,32,led,104,available,6.0,"australia,fiji,new zealand"
kogan,KALED32R95TD,79.967,32,led,104,available,6.0,"australia,fiji,new zealand"
kogan,KALED32R95TE,79.967,32,led,104,available,6.0,"australia,fiji,new zealand"
samsung,QA50LS01DAS,125.727,50,led,343,available,4.0,"australia,fiji,new zealand"
kogan,KALED40R95TA,100.305,40,led,148,available,6.0,"australia,fiji,new zealand"
kogan,KALED40R95TB,100.305,40,led,148,available,6.0,"australia,fiji,new zealand"
kogan,KALED40R95TC,100.305,40,led,148,available,6.0,"australia,fiji,new zealand"
kogan,KALED40R95TD,100.305,40,led,148,available,6.0,"australia,fiji,new zealand"
kogan,KALED40R95TE,100.305,40,led,148,available,6.0,"australia,fiji,new zealand"
kogan,KALED43R95TA,107.863,43,led,214,available,5.0,"australia,fiji,new zealand"
kogan,KALED43R95TB,107.863,43,led,214,available,5.0,"australia,fiji,new zealand"
kogan,KALED43R95TC,107.863,43,led,214,available,5.0,"australia,fiji,new zealand"
kogan,KALED43R95TD,107.863,43,led,214,available,5.0,"australia,fiji,new zealand"
kogan,KALED43R95TE,107.863,43,led,214,available,5.0,"australia,fiji,new zealand"
kogan,KALED50R95T*,125.725,50,led,284,available,5.0,"australia,fiji,new zealand"
kogan,KALED65R95T*,163.829,65,led,371,available,6.0,"australia,fiji,new zealand"
kogan,KALED75R95T*,189.306,75,led,488,available,6.0,"australia,fiji,new zealand"
kogan,KALED55R95T*,138.711,55,led,302,available,5.5,"australia,fiji,new zealand"
kogan,KALED43R95T*,107.863,43,led,214,available,5.0,"australia,fiji,new zealand"
kogan,KALED40R95T*,100.305,40,led,148,available,6.0,"australia,fiji,new zealand"
kogan,KALED32R95T*,79.967,32,led,104,available,6.0,"australia,fiji,new zealand"
eko,K65USW2,163.896,65,lcd,407,available,5.5,"australia,fiji,new zealand"
eko,K65USW3,163.896,65,lcd,407,available,5.5,"australia,fiji,new zealand"
eko,K55USW2,138.783,55,lcd,301,available,5.5,"australia,fiji,new zealand"
eko,K55USW3,138.783,55,lcd,301,available,5.5,"australia,fiji,new zealand"
kogan,KAQL65MQ9TA,165.513,66,led,532,available,4.5,"australia,fiji,new zealand"
kogan,KAQL65MQ9TB,165.513,66,led,532,available,4.5,"australia,fiji,new zealand"
kogan,KAQL65MQ9TC,165.513,66,led,532,available,4.5,"australia,fiji,new zealand"
kogan,KAQL65MQ9TD,165.513,66,led,532,available,4.5,"australia,fiji,new zealand"
kogan,KAQL65MQ9TE,165.513,66,led,532,available,4.5,"australia,fiji,new zealand"
kogan,KAQL65MQ9T*,165.513,66,led,532,available,4.5,"australia,fiji,new zealand"
jvc,LT-32ND35AS,80.039,32,led,145,available,4.5,australia
toshiba,43C350NP,107.954,43,led,242,available,4.5,"australia,new zealand"
toshiba,50C350NP,125.731,50,led,254,available,5.5,"australia,new zealand"
toshiba,55C350NP,138.783,55,led,269,available,6.0,"australia,new zealand"
toshiba,65C350NP,163.829,65,led,369,available,6.0,"australia,new zealand"
toshiba,75C350NP,189.34,75,led,389,available,7.0,"australia,new zealand"
toshiba,85C350NP,214.783,85,led,599,available,6.0,"australia,new zealand"
teco,LED70AUSRC,176.537,70,led,532,available,5.0,"australia,fiji,new zealand"
eko,K70USW3,176.538,70,led,667,available,4.0,"australia,fiji,new zealand"
sylvox,KT16A0KOGA,39.487,16,led,58,available,4.5,"australia,fiji,new zealand"
jvc,LT-40N5155A,100.332,40,led,198,available,4.5,australia
samsung,UA43DU7000S,107.987,43,led,251,available,4.0,"australia,fiji,new zealand"
samsung,UA43DU7700S,107.987,43,led,251,available,4.0,"australia,fiji,new zealand"
samsung,UA43DU7700W,107.987,43,led,251,available,4.0,"australia,fiji,new zealand"
samsung,UA43DU7*00*,107.987,43,led,251,available,4.0,"australia,fiji,new zealand"
samsung,QA65QE1DAS,163.897,65,led,379,available,5.5,"australia,fiji,new zealand"
samsung,QA65QE1DA*,163.897,65,led,379,available,5.5,"australia,fiji,new zealand"
samsung,QA65QE1DAW,163.897,65,led,379,available,5.5,"australia,fiji,new zealand"
jvc,LT-65N7115A11E,163.829,65,led,415,available,5.5,australia
eko,K650UGT2,163.896,65,led,422,available,5.0,"australia,fiji,new zealand"
hubbl,LT065A-04-FXTL,163.897,65,led,240,available,7.0,australia
sylvox,RT40G3KOFA,100.353,40,lcd,92,available,8.0,"australia,new zealand"
chiq,U70M9Q,176.539,70,led,481,available,5.5,"australia,fiji,new zealand"
tcl,115X955 Max,290.719,115,led,2652,available,2.0,"australia,fiji,new zealand"
chiq,L32G7KPG,80.043,32,led,116,available,5.5,"australia,fiji,new zealand"
eko,K420FAT,105.348,42,lcd,180,available,5.5,"australia,fiji,new zealand"
eko,K420FSG,105.348,42,lcd,180,available,5.5,"australia,fiji,new zealand"
blaupunkt,BP750USG9800,189.34,75,led,648,available,4.5,"australia,fiji,new zealand"
eko,K70USW3,176.538,70,led,550,available,4.5,"australia,fiji,new zealand"
aiwa,AWC240G,59.774,24,led,82,available,5.0,australia
hisense,85U7NAU,214.783,85,led,829,available,4.5,"australia,new zealand"
hisense,85U7NNZ,214.783,85,led,829,available,4.5,"australia,new zealand"
hisense,85U7N series,214.783,85,led,829,available,4.5,"australia,new zealand"
blaupunkt,BP650USG9800,163.896,65,led,422,available,5.0,"australia,fiji,new zealand"
telefunken,TL24HSWDTA,60.47,24,lcd,107,available,4.0,"australia,fiji,new zealand"
eko,K430FGT,107.825,43,led,208,available,5.0,"australia,fiji,new zealand"
blaupunkt,BP500USG9800,125.731,50,led,370,available,3.5,"australia,fiji,new zealand"
blaupunkt,BP650USG9900,165.633,66,led,483,available,4.5,"australia,fiji,new zealand"
bauhn,ATV32HDW-0424,80.043,32,led,101,available,6.0,"australia,fiji,new zealand"
bauhn,ATV32HDW-0824,80.043,32,led,101,available,6.0,"australia,fiji,new zealand"
bauhn,ATV32HDW-****,80.043,32,led,101,available,6.0,"australia,fiji,new zealand"
bauhn,ATV32HDW-0624,80.043,32,led,101,available,6.0,"australia,fiji,new zealand"
aiwa,AWS500W,125.731,50,led,211,available,6.0,australia
blaupunkt,BP430FSG9800,107.825,43,led,208,available,5.0,"australia,fiji,new zealand"
blaupunkt,BP550USG9800,138.783,55,lcd,277,available,5.5,"australia,fiji,new zealand"
blaupunkt,BP400FSG9800,100.332,40,led,173,available,5.0,"australia,fiji,new zealand"
samsung,QA55LST7DAW,138.783,55,led,755,available,1.0,"australia,fiji,new zealand"
samsung,QA55LST7DAS,138.783,55,led,755,available,1.0,"australia,fiji,new zealand"
samsung,QA55LST7DA*,138.783,55,led,755,available,1.0,"australia,fiji,new zealand"
telefunken,TL320GQ,80.131,32,led,131,available,5.0,"australia,fiji,new zealand"
kogan,KAQL75MQ9TA,189.306,75,led,609,available,5.0,"australia,fiji,new zealand"
kogan,KAQL75MQ9TB,189.306,75,led,609,available,5.0,"australia,fiji,new zealand"
kogan,KAQL75MQ9TC,189.306,75,led,609,available,5.0,"australia,fiji,new zealand"
kogan,KAQL75MQ9TD,189.306,75,led,609,available,5.0,"australia,fiji,new zealand"
kogan,KAQL75MQ9TE,189.306,75,led,609,available,5.0,"australia,fiji,new zealand"
kogan,KAQL75MQ9T*,189.306,75,led,609,available,5.0,"australia,fiji,new zealand"
blaupunkt,BP32WOSDVD,80.039,32,led,125,available,5.0,"australia,fiji,new zealand"
eko,K550UGT2,138.783,55,lcd,277,available,5.5,"australia,fiji,new zealand"
lg,32LN660HBSD,80.043,32,led,90,available,6.0,"australia,new zealand"
telefunken,TL55QGG,138.783,55,led,379,available,4.5,"australia,fiji,new zealand"
kogan,KAOD48X98JSTA,120.719,48,oled,331,available,4.0,"australia,fiji,new zealand"
kogan,KAOD48X98JSTB,120.719,48,oled,331,available,4.0,"australia,fiji,new zealand"
kogan,KAOD48X98JSTC,120.719,48,oled,331,available,4.0,"australia,fiji,new zealand"
kogan,KAOD48X98JSTD,120.719,48,oled,331,available,4.0,"australia,fiji,new zealand"
kogan,KAOD48X98JSTE,120.719,48,oled,331,available,4.0,"australia,fiji,new zealand"
kogan,KAOD48X98JST*,120.719,48,oled,331,available,4.0,"australia,fiji,new zealand"
svision,SV43FWOS,107.953,43,lcd,165,available,6.0,"australia,fiji,new zealand"
blaupunkt,BP100WOSQ,247.695,98,led,1284,available,4.0,"australia,fiji,new zealand"
hisense,55U6NAU,138.783,55,led,339,available,5.0,"australia,new zealand"
hisense,55U6NNZ,138.783,55,led,339,available,5.0,"australia,new zealand"
hisense,65U6NAU,163.896,65,led,416,available,5.5,"australia,new zealand"
hisense,65U6NNZ,163.896,65,led,416,available,5.5,"australia,new zealand"
hisense,75U6NAU,189.34,75,led,547,available,5.5,"australia,new zealand"
hisense,75U6NNZ,189.34,75,led,547,available,5.5,"australia,new zealand"
hisense,85U6NAU,214.783,85,led,780,available,5.0,"australia,new zealand"
hisense,85U6NNZ,214.783,85,led,780,available,5.0,"australia,new zealand"
hisense,55U6N series,138.783,55,led,339,available,5.0,"australia,new zealand"
hisense,65U6N series,163.896,65,led,416,available,5.5,"australia,new zealand"
hisense,75U6N series,189.34,75,led,547,available,5.5,"australia,new zealand"
hisense,85U6N series,214.783,85,led,780,available,5.0,"australia,new zealand"
hisense,43Q6NAU,107.95,43,led,229,available,4.5,"australia,new zealand"
hisense,43Q6NNZ,107.95,43,led,229,available,4.5,"australia,new zealand"
hisense,50Q6NAU,125.731,50,led,227,available,6.0,"australia,new zealand"
hisense,50Q6NNZ,125.731,50,led,227,available,6.0,"australia,new zealand"
hisense,55Q6NAU,138.783,55,led,239,available,6.0,"australia,new zealand"
hisense,55Q6NNZ,138.783,55,led,239,available,6.0,"australia,new zealand"
hisense,65Q6NAU,163.896,65,led,369,available,6.0,"australia,new zealand"
hisense,65Q6NNZ,163.896,65,led,369,available,6.0,"australia,new zealand"
hisense,75Q6NAU,189.34,75,led,489,available,6.0,"australia,new zealand"
hisense,75Q6NNZ,189.34,75,led,489,available,6.0,"australia,new zealand"
hisense,85Q6NAU,214.783,85,led,696,available,5.5,"australia,new zealand"
hisense,85Q6NNZ,214.783,85,led,696,available,5.5,"australia,new zealand"
samsung,QA65LST7DAW,163.897,65,led,952,available,1.5,"australia,fiji,new zealand"
samsung,QA65LST7DAS,163.897,65,led,952,available,1.5,"australia,fiji,new zealand"
samsung,QA65LST7DA*,163.897,65,led,952,available,1.5,"australia,fiji,new zealand"
samsung,QA75LST7DAW,189.338,75,led,1178,available,2.0,"australia,fiji,new zealand"
samsung,QA75LST7DAS,189.338,75,led,1178,available,2.0,"australia,fiji,new zealand"
samsung,QA75LST7DA*,189.338,75,led,1178,available,2.0,"australia,fiji,new zealand"
wintal,19LED19HD,47.013,19,led,72,available,4.0,australia
aiwa,AWC320G,80.054,32,led,116,available,5.5,australia
kogan,KAOD55X98JSTA,138.783,55,oled,378,available,4.5,"australia,fiji,new zealand"
kogan,KAOD55X98JSTB,138.783,55,oled,378,available,4.5,"australia,fiji,new zealand"
kogan,KAOD55X98JSTC,138.783,55,oled,378,available,4.5,"australia,fiji,new zealand"
kogan,KAOD55X98JSTD,138.783,55,oled,378,available,4.5,"australia,fiji,new zealand"
kogan,KAOD55X98JSTE,138.783,55,oled,378,available,4.5,"australia,fiji,new zealand"
kogan,KAOD55X98JST*,138.783,55,oled,378,available,4.5,"australia,fiji,new zealand"
sylvox,KT16K0KOGA,39.487,16,led,56,available,4.5,"australia,fiji,new zealand"
tcl,85C745 Pro,214.783,85,led,750,available,5.0,"australia,fiji,new zealand"
kogan,KALED19PRIZE,47.013,19,lcd,62,available,5.0,"australia,fiji,new zealand"
hisense,43Q6N series,107.95,43,led,229,available,4.5,"australia,new zealand"
hisense,50Q6N series,125.731,50,led,227,available,6.0,"australia,new zealand"
hisense,65Q6N series,163.896,65,led,369,available,6.0,"australia,new zealand"
hisense,75Q6N series,189.34,75,led,489,available,6.0,"australia,new zealand"
hisense,85Q6N series,214.783,85,led,696,available,5.5,"australia,new zealand"
toshiba,55Z870NP,138.783,55,led,426,available,4.0,"australia,new zealand"
toshiba,65Z870NP,163.896,65,led,639,available,3.5,"australia,new zealand"
toshiba,75Z870NP,189.34,75,led,683,available,4.5,"australia,new zealand"
toshiba,85Z870NP,214.783,85,led,969,available,4.0,"australia,new zealand"
toshiba,100Z670NP,252.784,100,led,1070,available,5.0,"australia,new zealand"
bauhn,ATV70UHDW-0624,176.555,70,led,400,available,6.0,australia
hisense,55Q6N series,138.783,55,led,239,available,6.0,"australia,new zealand"
blaupunkt,BP850WOSQ,214.783,85,lcd,980,available,3.5,"australia,fiji,new zealand"
kogan,KALED55U94VA,138.711,55,led,375,available,4.5,"australia,fiji,new zealand"
kogan,KALED55U94VB,138.711,55,led,375,available,4.5,"australia,fiji,new zealand"
kogan,KALED55U94VC,138.711,55,led,375,available,4.5,"australia,fiji,new zealand"
kogan,KALED55U94V Series,138.711,55,led,375,available,4.5,"australia,fiji,new zealand"
svision,SVU50WOS,125.731,50,lcd,315,available,4.5,"australia,fiji,new zealand"
blaupunkt,BP85WOS2,214.696,85,led,722,available,5.0,"australia,fiji,new zealand"
kogan,KALED55T96QA,138.783,55,led,425,available,4.0,"australia,fiji,new zealand"
kogan,KALED55T96QB,138.783,55,led,425,available,4.0,"australia,fiji,new zealand"
kogan,KALED55T96QC,138.783,55,led,425,available,4.0,"australia,fiji,new zealand"
kogan,KAQL55T96QA,138.783,55,led,425,available,4.0,"australia,fiji,new zealand"
kogan,KAQL55T96QB,138.783,55,led,425,available,4.0,"australia,fiji,new zealand"
kogan,KAQL55T96QC,138.783,55,led,425,available,4.0,"australia,fiji,new zealand"
kogan,KALED32T96QA,80.147,32,led,145,available,4.5,"australia,fiji,new zealand"
kogan,KALED32T96QB,80.147,32,led,145,available,4.5,"australia,fiji,new zealand"
kogan,KALED32T96QC,80.147,32,led,145,available,4.5,"australia,fiji,new zealand"
kogan,KALED32T96QD,80.147,32,led,145,available,4.5,"australia,fiji,new zealand"
kogan,KALED50T96QA,125.731,50,led,395,available,3.5,"australia,fiji,new zealand"
kogan,KALED50T96QB,125.731,50,led,395,available,3.5,"australia,fiji,new zealand"
kogan,KALED50T96QC,125.731,50,led,395,available,3.5,"australia,fiji,new zealand"
kogan,KAQL50T96QA,125.731,50,led,395,available,3.5,"australia,fiji,new zealand"
kogan,KAQL50T96QB,125.731,50,led,395,available,3.5,"australia,fiji,new zealand"
kogan,KAQL50T96QC,125.731,50,led,395,available,3.5,"australia,fiji,new zealand"
kogan,KALED65T96QA,163.896,65,led,580,available,4.0,"australia,fiji,new zealand"
kogan,KALED65T96QB,163.896,65,led,580,available,4.0,"australia,fiji,new zealand"
kogan,KALED65T96QC,163.896,65,led,580,available,4.0,"australia,fiji,new zealand"
kogan,KAQL65T96QA,163.896,65,led,580,available,4.0,"australia,fiji,new zealand"
kogan,KAQL65T96QB,163.896,65,led,580,available,4.0,"australia,fiji,new zealand"
kogan,KAQL65T96QC,163.896,65,led,580,available,4.0,"australia,fiji,new zealand"
kogan,KALED75T96QA,189.34,75,led,680,available,4.5,"australia,fiji,new zealand"
kogan,KALED75T96QB,189.34,75,led,680,available,4.5,"australia,fiji,new zealand"
kogan,KALED75T96QC,189.34,75,led,680,available,4.5,"australia,fiji,new zealand"
kogan,KAQL75T96QA,189.34,75,led,680,available,4.5,"australia,fiji,new zealand"
kogan,KAQL75T96QB,189.34,75,led,680,available,4.5,"australia,fiji,new zealand"
kogan,KAQL75T96QC,189.34,75,led,680,available,4.5,"australia,fiji,new zealand"
kogan,KALED42T96QA,105.055,42,led,205,available,5.0,"australia,fiji,new zealand"
kogan,KALED42T96QB,105.055,42,led,205,available,5.0,"australia,fiji,new zealand"
kogan,KALED42T96QC,105.055,42,led,205,available,5.0,"australia,fiji,new zealand"
kogan,KALED42T96QD,105.055,42,led,205,available,5.0,"australia,fiji,new zealand"
eko,K65USTW,163.896,65,lcd,463,available,5.0,"australia,fiji,new zealand"
kogan,KAOD65X98JSTA,163.897,65,oled,459,available,5.0,"australia,fiji,new zealand"
kogan,KAOD65X98JSTB,163.897,65,oled,459,available,5.0,"australia,fiji,new zealand"
kogan,KAOD65X98JSTC,163.897,65,oled,459,available,5.0,"australia,fiji,new zealand"
kogan,KAOD65X98JSTD,163.897,65,oled,459,available,5.0,"australia,fiji,new zealand"
kogan,KAOD65X98JSTE,163.897,65,oled,459,available,5.0,"australia,fiji,new zealand"
kogan,KAOD65X98JST*,163.897,65,oled,459,available,5.0,"australia,fiji,new zealand"
eko,K55USTW,138.783,55,lcd,426,available,4.0,"australia,fiji,new zealand"
kogan,KALED32T96Q*,80.147,32,led,145,available,4.5,"australia,fiji,new zealand"
kogan,KALED42T96Q*,105.055,42,led,205,available,5.0,"australia,fiji,new zealand"
jvc,LT-55N7115A11E,138.711,55,led,247,available,6.0,australia
chiq,U98F8TG PRO,247.691,98,led,1233,available,4.0,"australia,fiji,new zealand"
loewe,BILD S.77,194.738,77,oled,833,available,3.5,australia
lg,75UT80506LA,189.275,75,led,605,available,5.0,"australia,new zealand"
linsar,LS24HDNF-12V,59.774,24,lcd,66,available,6.0,"australia,fiji,new zealand"
bauhn,ATV75UHDW-0924,189.34,75,lcd,490,available,6.0,"australia,fiji,new zealand"
eko,K50USW3,125.731,50,led,317,available,4.5,"australia,fiji,new zealand"
kogan,KAQL55XQ98GSTA,138.783,55,led,378,available,4.5,"australia,fiji,new zealand"
kogan,KAQL55XQ98GSTB,138.783,55,led,378,available,4.5,"australia,fiji,new zealand"
kogan,KAQL55XQ98GSTC,138.783,55,led,378,available,4.5,"australia,fiji,new zealand"
kogan,KAQL55XQ98GSTD,138.783,55,led,378,available,4.5,"australia,fiji,new zealand"
kogan,KAQL55XQ98GSTE,138.783,55,led,378,available,4.5,"australia,fiji,new zealand"
kogan,KAQL55XQ98GST*,138.783,55,led,378,available,4.5,"australia,fiji,new zealand"
kogan,75T96 series,189.34,75,led,680,available,4.5,"australia,fiji,new zealand"
aiwa,AWS400W,100.332,40,led,198,available,4.5,australia
hisense,32A4NAU,80.04,32,led,93,available,6.0,"australia,new zealand"
hisense,40A4NAU,100.332,40,led,121,available,7.0,"australia,new zealand"
hisense,32A4NNZ,80.04,32,led,93,available,6.0,"australia,new zealand"
hisense,32A4N,80.04,32,led,93,available,6.0,"australia,new zealand"
hisense,40A4NNZ,100.332,40,led,121,available,7.0,"australia,new zealand"
hisense,40A4N,100.332,40,led,121,available,7.0,"australia,new zealand"
eko,K320HGT,80.039,32,lcd,130,available,5.0,"australia,fiji,new zealand"
hisense,100Q7NAU,252.784,100,led,999,available,5.0,australia
hisense,75U8NAU,189.34,75,led,720,available,4.0,australia
hisense,85U8NAU,214.783,85,led,1079,available,3.5,australia
hisense,65UXAU,163.896,65,led,569,available,4.0,australia
brooklyn,BM32WOSDVD,80.039,32,led,125,available,5.0,"australia,fiji,new zealand"
linsar,LS60UHDNF23,152.663,61,lcd,299,available,6.0,"australia,fiji,new zealand"
blaupunkt,BP320HSG9700,80.039,32,led,130,available,5.0,"australia,fiji,new zealand"
eko,K55USW3,138.783,55,lcd,323,available,5.0,"australia,fiji,new zealand"
samsung,UA43DUE800W,107.987,43,led,262,available,4.0,"australia,fiji,new zealand"
samsung,UA43DUE800S,107.987,43,led,262,available,4.0,"australia,fiji,new zealand"
samsung,UA43DUE800*,107.987,43,led,262,available,4.0,"australia,fiji,new zealand"
samsung,UA50DUE800W,125.727,50,led,306,available,4.5,"australia,fiji,new zealand"
samsung,UA50DUE800S,125.727,50,led,306,available,4.5,"australia,fiji,new zealand"
samsung,UA50DUE800*,125.727,50,led,306,available,4.5,"australia,fiji,new zealand"
samsung,UA55DUE800W,138.783,55,led,357,available,4.5,"australia,fiji,new zealand"
samsung,UA55DUE800S,138.783,55,led,357,available,4.5,"australia,fiji,new zealand"
samsung,UA55DUE800*,138.783,55,led,357,available,4.5,"australia,fiji,new zealand"
samsung,UA65DUE800W,163.897,65,led,448,available,5.0,"australia,fiji,new zealand"
samsung,UA65DUE800S,163.897,65,led,448,available,5.0,"australia,fiji,new zealand"
samsung,UA65DUE800*,163.897,65,led,448,available,5.0,"australia,fiji,new zealand"
samsung,UA75DUE800W,189.338,75,led,598,available,5.0,"australia,fiji,new zealand"
samsung,UA85DUE800W,214.783,85,led,715,available,5.0,"australia,fiji,new zealand"
aiwa,AWS700W,176.563,70,led,576,available,4.5,australia
kogan,KAQL85T96QA,215.329,85,led,1090,available,3.5,"australia,fiji,new zealand"
kogan,KAQL85T96QB,215.329,85,led,1090,available,3.5,"australia,fiji,new zealand"
kogan,KAQL85T96QC,215.329,85,led,1090,available,3.5,"australia,fiji,new zealand"
kogan,KAQL85T96QD,215.329,85,led,1090,available,3.5,"australia,fiji,new zealand"
kogan,**********85**********,215.329,85,led,1090,available,3.5,"australia,fiji,new zealand"
lg,43UT801C0LA,107.987,43,led,269,available,4.0,"australia,new zealand"
lg,43UT801C0SB,107.987,43,led,258,available,4.0,"australia,new zealand"
lg,50UT801C0LA,125.727,50,led,305,available,4.5,"australia,new zealand"
lg,50UT801C0SB,125.727,50,led,305,available,4.5,"australia,new zealand"
lg,55UT801C0LA,138.783,55,led,357,available,4.5,"australia,new zealand"
lg,55UT801C0SB,138.783,55,led,357,available,4.5,"australia,new zealand"
lg,65UT801C0LA,163.897,65,led,441,available,5.0,"australia,new zealand"
lg,65UT801C0SB,163.897,65,led,441,available,5.0,"australia,new zealand"
lg,75UT801C0SB,189.275,75,led,605,available,5.0,"australia,new zealand"
lg,75UT811C0LA,189.275,75,led,605,available,5.0,"australia,new zealand"
lg,86UT801C0SB,217.425,86,led,776,available,5.0,"australia,new zealand"
lg,86UT811C0LA,217.425,86,led,776,available,5.0,"australia,new zealand"
eko,K70USW3,176.538,70,lcd,530,available,5.0,"australia,fiji,new zealand"
eko,K750UGT2,189.34,75,lcd,610,available,5.0,"australia,fiji,new zealand"
eko,K75USWW,189.34,75,lcd,600,available,5.0,"australia,fiji,new zealand"
eko,K700UGT2,176.538,70,lcd,530,available,5.0,"australia,fiji,new zealand"
aoa,LTW40FHD,100.336,40,lcd,176,available,5.0,"australia,fiji,new zealand"
aoa,LTW32HD,80.039,32,lcd,119,available,5.0,"australia,fiji,new zealand"
aiwa,AWS500G,125.731,50,oled,276,available,5.0,australia
eko,K550UAT,138.798,55,lcd,404,available,4.0,"australia,fiji,new zealand"
eko,K550UATW,138.798,55,lcd,404,available,4.0,"australia,fiji,new zealand"
kogan,KALED100T96QA,253.136,100,led,1497,available,3.5,"australia,fiji,new zealand"
kogan,KALED100T96QB,253.136,100,led,1497,available,3.5,"australia,fiji,new zealand"
kogan,KALED100T96QC,253.136,100,led,1497,available,3.5,"australia,fiji,new zealand"
kogan,KAQL100T96QA,253.136,100,led,1497,available,3.5,"australia,fiji,new zealand"
kogan,KAQL100T96QB,253.136,100,led,1497,available,3.5,"australia,fiji,new zealand"
kogan,KAQL100T96QC,253.136,100,led,1497,available,3.5,"australia,fiji,new zealand"
kogan,**********100**********,253.136,100,led,1497,available,3.5,"australia,fiji,new zealand"
kogan,KAQL65XQ98GSTB,163.896,65,led,579,available,4.0,"australia,fiji,new zealand"
kogan,KAQL65XQ98GSTC,163.896,65,led,579,available,4.0,"australia,fiji,new zealand"
kogan,KAQL65XQ98GSTD,163.896,65,led,579,available,4.0,"australia,fiji,new zealand"
kogan,KAQL65XQ98GSTE,163.896,65,led,579,available,4.0,"australia,fiji,new zealand"
kogan,KAQL65XQ98GST*,163.896,65,led,579,available,4.0,"australia,fiji,new zealand"
kogan,KAQL70T96QA,176.538,70,led,538,available,5.0,"australia,fiji,new zealand"
kogan,KAQL70T96QB,176.538,70,led,538,available,5.0,"australia,fiji,new zealand"
kogan,KAQL70T96QC,176.538,70,led,538,available,5.0,"australia,fiji,new zealand"
kogan,KAQL70T96QD,176.538,70,led,538,available,5.0,"australia,fiji,new zealand"
kogan,**********70**********,176.538,70,led,538,available,5.0,"australia,fiji,new zealand"
eko,K550UGT2,138.783,55,lcd,340,available,5.0,"australia,fiji,new zealand"
blaupunkt,BP550USG9800,138.783,55,lcd,340,available,5.0,"australia,fiji,new zealand"
eko,K65USW3,165.366,66,lcd,465,available,5.0,"australia,fiji,new zealand"
tcl,85C655,214.783,85,led,840,available,4.5,"australia,fiji,new zealand"
hisense,70A6NNZ,176.537,70,led,430,available,6.0,"australia,new zealand"
hisense,70A6NAU,176.537,70,led,430,available,6.0,"australia,new zealand"
hisense,70A6N Series,176.537,70,led,430,available,6.0,"australia,new zealand"
toshiba,32V35NP,80.039,32,led,97,available,6.0,"australia,new zealand"
toshiba,43V35NP,107.954,43,led,137,available,7.0,"australia,new zealand"
hisense,65U8NAU,163.896,65,led,639,available,3.5,australia
hisense,65U8NNZ,163.896,65,led,639,available,3.5,australia
hisense,65U8N Series,163.896,65,led,639,available,3.5,australia
jvc,AV-J193152A,47.013,19,lcd,73,available,4.0,australia
jvc,AV-J193155A,47.013,19,lcd,73,available,4.0,australia
jvc,"19"" smart",47.013,19,lcd,73,available,4.0,australia
lg,43UM662H4LC,107.987,43,led,134,available,7.0,"australia,new zealand"
lg,50UM662H4LC,125.727,50,led,149,available,7.0,"australia,new zealand"
lg,55UM662H4LC,138.783,55,led,181,available,7.0,"australia,new zealand"
lg,65UM662H4LC,163.897,65,led,207,available,8.0,"australia,new zealand"
tcl,85A300W,214.783,85,led,600,available,6.0,"australia,fiji,new zealand"
tcl,75A300W,189.306,75,led,500,available,5.5,"australia,fiji,new zealand"
tcl,65A300W,163.829,65,led,425,available,5.0,"australia,fiji,new zealand"
tcl,55A300W,138.711,55,led,372,available,4.5,"australia,fiji,new zealand"
eko,K400FAT,100.332,40,led,166,available,5.5,"australia,fiji,new zealand"
lg,98UT9050PSA,247.695,98,led,1434,available,3.5,"australia,fiji,new zealand"
lg,98UT91006LA,247.695,98,led,1434,available,3.5,"australia,fiji,new zealand"
lg,98UT90006LA,247.695,98,led,1434,available,3.5,"australia,fiji,new zealand"
lg,98UT9000PUA,247.695,98,led,1434,available,3.5,"australia,fiji,new zealand"
lg,98UT9300KNA,247.695,98,led,1434,available,3.5,"australia,fiji,new zealand"
lg,98UT9######,247.695,98,led,1434,available,3.5,"australia,fiji,new zealand"
aiwa,AWC240WZ,59.774,24,led,105,available,4.0,"australia,fiji,new zealand"
aiwa,AWC320WZ,79.967,32,led,145,available,4.5,"australia,fiji,new zealand"
kogan,KAQL75XQ98GSVA,189.306,75,led,643,available,4.5,"australia,fiji,new zealand"
kogan,KAQL75XQ98GSVB,189.306,75,led,643,available,4.5,"australia,fiji,new zealand"
kogan,KAQL75XQ98GSVC,189.306,75,led,643,available,4.5,"australia,fiji,new zealand"
qbell,QT50WX8A,125.731,50,led,400,available,3.0,"australia,fiji,new zealand"
qbell,QT70WX8A,176.538,70,led,550,available,4.5,"australia,fiji,new zealand"
sphere,S924TVSB,60.47,24,led,74,available,5.5,"australia,new zealand"
sphere,S924TVDVDSB,60.47,24,led,74,available,5.5,"australia,new zealand"
sphere,S927TVSB,68.599,28,led,92,available,5.5,"australia,new zealand"
sphere,S927TVDVDSB,68.599,28,led,92,available,5.5,"australia,new zealand"
sphere,S924,60.47,24,led,74,available,5.5,"australia,new zealand"
sphere,S927,68.599,28,led,92,available,5.5,"australia,new zealand"
bauhn,ATV32HDW-0824,80.043,32,led,101,available,6.0,australia
kogan,KAQL75XQ98GSVA series,189.306,75,led,643,available,4.5,"australia,fiji,new zealand"
kogan,KAQL85XQ98GSVA,214.783,85,led,868,available,4.5,"australia,fiji,new zealand"
kogan,KAQL85XQ98GSVB,214.783,85,led,868,available,4.5,"australia,fiji,new zealand"
kogan,KAQL85XQ98GSVC,214.783,85,led,868,available,4.5,"australia,fiji,new zealand"
kogan,KAQL85XQ98GS series,214.783,85,led,868,available,4.5,"australia,fiji,new zealand"
kogan,KALED32F98VA,79.967,32,led,152,available,4.0,"australia,fiji,new zealand"
kogan,KALED32F98VB,79.967,32,led,152,available,4.0,"australia,fiji,new zealand"
kogan,KALED32F98VC,79.967,32,led,152,available,4.0,"australia,fiji,new zealand"
kogan,KALED32F98 series,79.967,32,led,152,available,4.0,"australia,fiji,new zealand"
teco,LED32IHRK,79.88,32,led,140,available,4.5,"australia,fiji,new zealand"
hyundai,H50UHDQLDZEN,125.731,50,led,227,available,6.0,australia
hyundai,H55UHDQLDZEN,138.783,55,led,268,available,6.0,"australia,fiji,new zealand"
hyundai,H65UHDQLDZEN,165.332,66,led,373,available,6.0,"australia,fiji,new zealand"
hyundai,H75UHDQLDZEN,189.34,75,led,477,available,6.0,"australia,fiji,new zealand"
altius,AT32HDW2-BCF,80.043,32,led,102,available,6.0,australia
aiwa,AWS420W,105.415,42,led,210,available,4.5,australia
kogan,KAQL86T96QA,217.518,86,led,1117,available,3.5,"australia,fiji,new zealand"
kogan,KAQL86T96QB,217.518,86,led,1117,available,3.5,"australia,fiji,new zealand"
kogan,KAQL86T96QC,217.518,86,led,1117,available,3.5,"australia,fiji,new zealand"
kogan,KAQL86T96QD,217.518,86,led,1117,available,3.5,"australia,fiji,new zealand"
kogan,**********86**********,217.518,86,led,1117,available,3.5,"australia,fiji,new zealand"
bauhn,ATV43FHDW-1124,107.978,43,lcd,172,available,6.0,australia
eko,K55USW3,138.783,55,led,379,available,4.5,"australia,fiji,new zealand"
eko,K650UAT,163.878,65,lcd,540,available,4.0,"australia,fiji,new zealand"
eko,K650UATW,163.878,65,lcd,540,available,4.0,"australia,fiji,new zealand"
bauhn,ATV43FHDW-0125,107.978,43,lcd,172,available,6.0,australia
bauhn,ATV43FHDW-****,107.978,43,lcd,172,available,6.0,australia
bauhn,ATV55UHDW-1024,138.783,55,led,256,available,6.0,"australia,fiji,new zealand"
bauhn,ATV55UHDW-0125,138.783,55,led,256,available,6.0,"australia,fiji,new zealand"
bauhn,ATV55UHDW-****,138.783,55,led,256,available,6.0,"australia,fiji,new zealand"
englaon,LED24X90,59.822,24,led,106,available,4.0,"australia,new zealand"
englaon,LED32X90,80.131,32,led,145,available,4.5,"australia,new zealand"
englaon,LED40X90,100.332,40,led,152,available,5.5,"australia,new zealand"
eko,K70USW3,176.57,70,led,850,available,2.5,"australia,fiji,new zealand"
hyundai,H55UHDMLDGTV,138.798,55,led,379,available,4.5,australia
kogan,KALED24D96SQA,59.816,24,led,95,available,4.5,"australia,fiji,new zealand"
kogan,KALED24D96SQB,59.816,24,led,95,available,4.5,"australia,fiji,new zealand"
kogan,KALED24D96SQC,59.816,24,led,95,available,4.5,"australia,fiji,new zealand"
kogan,KALED24D96SQD,59.816,24,led,95,available,4.5,"australia,fiji,new zealand"
kogan,**********24**********,59.816,24,led,95,available,4.5,"australia,fiji,new zealand"
kogan,KALED32D96SQA,80.029,32,led,131,available,5.0,"australia,fiji,new zealand"
kogan,KALED32D96SQB,80.029,32,led,131,available,5.0,"australia,fiji,new zealand"
kogan,KALED32D96SQC,80.029,32,led,131,available,5.0,"australia,fiji,new zealand"
kogan,KALED32D96SQD,80.029,32,led,131,available,5.0,"australia,fiji,new zealand"
kogan,**********32**********,80.029,32,led,131,available,5.0,"australia,fiji,new zealand"
blaupunkt,BP58WOS,146.068,58,lcd,433,available,4.0,"australia,fiji,new zealand"
jvc,LT-42NQ5155A,105.422,42,lcd,150,available,6.0,australia
philips,85BFL2214/97,214.783,85,led,463,available,7.0,"australia,fiji,new zealand"
philips,32HFL4518/97,80.054,32,led,106,available,5.5,"australia,fiji,new zealand"
philips,65PUT7129/98,163.896,65,led,488,available,4.5,"australia,new zealand"
philips,24HFL4518/97,59.774,24,led,69,available,5.5,"australia,fiji,new zealand"
philips,55PUT7129/98,138.736,55,led,411,available,4.0,"australia,new zealand"
kogan,KALED65U95TA,163.896,65,led,371,available,6.0,"australia,fiji,new zealand"
kogan,KALED65U95TB,163.896,65,led,371,available,6.0,"australia,fiji,new zealand"
kogan,KALED65U95TC,163.896,65,led,371,available,6.0,"australia,fiji,new zealand"
kogan,KALED65U95TD,163.896,65,led,371,available,6.0,"australia,fiji,new zealand"
kogan,KALED65U95TE,163.896,65,led,371,available,6.0,"australia,fiji,new zealand"
kogan,KALED65U95T*,163.896,65,led,371,available,6.0,"australia,fiji,new zealand"
philips,50PUT7129/98,125.731,50,led,386,available,3.5,"australia,new zealand"
kogan,KALED75U95TA,189.34,75,led,608,available,5.0,"australia,fiji,new zealand"
kogan,KALED75U95TB,189.34,75,led,608,available,5.0,"australia,fiji,new zealand"
kogan,KALED75U95TC,189.34,75,led,608,available,5.0,"australia,fiji,new zealand"
kogan,KALED75U95TD,189.34,75,led,608,available,5.0,"australia,fiji,new zealand"
kogan,KALED75U95TE,189.34,75,led,608,available,5.0,"australia,fiji,new zealand"
kogan,KALED75U95TF,189.34,75,led,608,available,5.0,"australia,fiji,new zealand"
kogan,KALED75U95TG,189.34,75,led,608,available,5.0,"australia,fiji,new zealand"
kogan,KALED75U95T*,189.34,75,led,608,available,5.0,"australia,fiji,new zealand"
philips,55PML8969/98,138.783,55,led,470,available,3.5,"australia,new zealand"
philips,65PML8969/98,163.896,65,led,645,available,3.5,"australia,new zealand"
samsung,BE98D-H,247.688,98,led,1215,available,4.0,"australia,fiji,new zealand"
bauhn,ATV70UHDW-1124,176.535,70,lcd,397,available,6.0,"australia,new zealand"
palsonic,PT6515SU,163.896,65,led,439,available,5.0,australia
hyundai,H65UHDMLDGTV,163.829,65,led,576,available,4.0,"australia,fiji,new zealand"
aoa,LTD19FT,47.013,19,led,58,available,5.0,"australia,fiji,new zealand"
blaupunkt,BP24PTVW,60.469,24,led,76,available,5.5,"australia,fiji,new zealand"
blaupunkt,BP24PTVP,60.469,24,led,76,available,5.5,"australia,fiji,new zealand"
blaupunkt,BP24PTVBL,60.469,24,led,76,available,5.5,"australia,fiji,new zealand"
blaupunkt,BP24PTVG,60.469,24,led,76,available,5.5,"australia,fiji,new zealand"
blaupunkt,"BP24****（*=Blank, 0-9,A-Z,a-z for marketing purpose, no technical difference)",60.469,24,led,76,available,5.5,"australia,fiji,new zealand"
eko,K700UATW,176.539,70,lcd,561,available,4.5,"australia,fiji,new zealand"
linsar,LS32HDNF-12V,80.039,32,led,102,available,6.0,australia
akai,AK3223S7WOS,80.043,32,led,101,available,6.0,australia
akai,AK4324S7WOS,107.978,43,lcd,172,available,6.0,australia
akai,AK55324S7WOS,138.783,55,led,256,available,6.0,"australia,fiji,new zealand"
soniq,G65UV50A,163.896,65,lcd,340,available,6.0,"australia,fiji,new zealand"
polaroid,PL7024WOS,176.535,70,lcd,397,available,6.0,"australia,new zealand"
eko,K32HST,80.039,32,led,131,available,5.0,"australia,fiji,new zealand"
aiwa,AWS320DVD,80.039,32,led,125,available,5.0,australia
qbell,QTH32T,80.039,32,led,131,available,5.0,"australia,fiji,new zealand"
svision,SV43FWOS,108.593,43,led,159,available,6.0,"australia,fiji,new zealand"
samsung,UA50TU8000,125.725,50,led,335,available,4.0,"australia,fiji,new zealand"
samsung,UA50TU8000S,125.725,50,led,335,available,4.0,"australia,fiji,new zealand"
samsung,UA50TU8000W,125.725,50,led,335,available,4.0,"australia,fiji,new zealand"
samsung,UA65TU8000,163.878,65,led,426,available,5.0,"australia,fiji,new zealand"
samsung,UA65TU8000S,163.878,65,led,426,available,5.0,"australia,fiji,new zealand"
samsung,UA65TU8000W,163.878,65,led,426,available,5.0,"australia,fiji,new zealand"
samsung,UA55TU8000W,138.798,55,led,375,available,4.5,"australia,fiji,new zealand"
samsung,UA55TU8000S,138.798,55,led,375,available,4.5,"australia,fiji,new zealand"
samsung,UA55TU8000,138.798,55,led,375,available,4.5,"australia,fiji,new zealand"
kogan,KAQL50R96KA,125.812,50,led,250,available,5.5,"australia,fiji,new zealand"
kogan,KAOD77X98JSVA,194.677,77,oled,540,available,5.5,"australia,fiji,new zealand"
kogan,KAOD77X98JSVB,194.677,77,oled,540,available,5.5,"australia,fiji,new zealand"
kogan,KAOD77X98JSVC,194.677,77,oled,540,available,5.5,"australia,fiji,new zealand"
kogan,KAOD77X98JSV series,194.677,77,oled,540,available,5.5,"australia,fiji,new zealand"
kogan,KAQL100XQ98GSVA,252.751,100,oled,1670,available,3.0,"australia,fiji,new zealand"
kogan,KAQL100XQ98GSVB,252.751,100,oled,1670,available,3.0,"australia,fiji,new zealand"
kogan,KAQL100XQ98GSVC,252.751,100,oled,1670,available,3.0,"australia,fiji,new zealand"
kogan,KAQL100XQ98GSV series,252.751,100,oled,1670,available,3.0,"australia,fiji,new zealand"
kogan,KAQL55R96KA,138.783,55,led,280,available,5.5,"australia,fiji,new zealand"
kogan,KAQL65R96KA,163.897,65,led,400,available,5.5,"australia,fiji,new zealand"
lg,86NANO80A6A,217.425,86,led,776,available,5.0,"australia,new zealand"
lg,86NANO80ASA,217.425,86,led,776,available,5.0,"australia,new zealand"
lg,OLED55C5PSA,138.783,55,oled,371,available,4.5,"australia,new zealand"
lg,OLED55C56LA,138.783,55,oled,371,available,4.5,"australia,new zealand"
lg,OLED55G5PSA,138.783,55,oled,353,available,4.5,"australia,new zealand"
lg,OLED55G55LW,138.783,55,oled,353,available,4.5,"australia,new zealand"
lg,OLED65C5PSA,163.897,65,oled,455,available,5.0,"australia,new zealand"
lg,OLED65C56LA,163.897,65,oled,455,available,5.0,"australia,new zealand"
lg,OLED77C5PSA,194.738,77,oled,597,available,5.0,"australia,new zealand"
lg,OLED77C56LA,194.738,77,oled,597,available,5.0,"australia,new zealand"
lg,OLED83G5PSA,209.585,83,oled,692,available,5.0,"australia,new zealand"
lg,OLED83G56LA,209.585,83,oled,692,available,5.0,"australia,new zealand"
bauhn,ATV24HDW-0225,59.824,24,lcd,68,available,6.0,"australia,fiji,new zealand"
chiq,U75M9,189.34,75,lcd,608,available,5.0,"australia,fiji,new zealand"
linsar,LS24HDNF-12V,59.824,24,lcd,68,available,6.0,"australia,fiji,new zealand"
dgtec,DG24HDDVD12V,59.827,24,led,78,available,5.0,australia
eko,K65USTW,163.896,65,lcd,416,available,5.5,"australia,fiji,new zealand"
eko,K55USTW,138.783,55,lcd,339,available,5.0,"australia,fiji,new zealand"
qbell,QTU55T,138.783,55,lcd,339,available,5.0,"australia,fiji,new zealand"
sony,K-55XR80M2,138.798,55,oled,341,available,5.0,"australia,new zealand"
sony,K-65XR80M2,163.878,65,oled,381,available,5.5,"australia,new zealand"
eko,K50UST,125.731,50,led,284,available,5.0,"australia,fiji,new zealand"
qbell,QTU50T,125.731,50,led,284,available,5.0,"australia,fiji,new zealand"
lg,50QNED80A6A,125.727,50,led,251,available,5.5,"australia,new zealand"
lg,50QNED81ASA,125.727,50,led,251,available,5.5,"australia,new zealand"
lg,OLED48C5PSA,120.721,48,oled,280,available,4.5,"australia,new zealand"
lg,OLED48C56LA,120.721,48,oled,280,available,4.5,"australia,new zealand"
lg,OLED55B5PSA,138.783,55,oled,324,available,5.0,"australia,new zealand"
lg,OLED55B56LA,138.783,55,oled,324,available,5.0,"australia,new zealand"
lg,OLED65B5PSA,163.897,65,oled,389,available,5.5,"australia,new zealand"
lg,OLED65B56LA,163.897,65,oled,389,available,5.5,"australia,new zealand"
qbell,QTF40T,100.337,40,led,189,available,5.0,"australia,fiji,new zealand"
philips,40PFT6529/79,100.332,40,led,167,available,5.5,"australia,new zealand"
eko,K42FST,105.422,42,led,204,available,5.0,"australia,fiji,new zealand"
philips,32PHT6529/79,80.039,32,led,145,available,4.5,"australia,new zealand"
lg,OLED42C5PSA,105.52,42,oled,240,available,4.0,"australia,new zealand"
lg,OLED42C54LA,105.52,42,oled,240,available,4.0,"australia,new zealand"
lg,OLED77G5PSA,194.738,77,oled,561,available,5.5,"australia,new zealand"
lg,OLED77G56LA,194.738,77,oled,561,available,5.5,"australia,new zealand"
lg,55QNED86A6A,138.783,55,led,302,available,5.5,"australia,new zealand"
lg,55QNED86ASA,138.783,55,led,302,available,5.5,"australia,new zealand"
lg,65QNED86A6A,163.897,65,led,386,available,5.5,"australia,new zealand"
lg,65QNED86ASA,163.897,65,led,386,available,5.5,"australia,new zealand"
aoa,LTW50UHD,125.731,50,led,270,available,5.0,"australia,fiji,new zealand"
philips,77OLED720/79,198.546,79,oled,798,available,4.0,"australia,new zealand"
lg,65NANO80A6A,163.897,65,led,433,available,5.0,"australia,new zealand"
lg,65NANO80ASA,163.897,65,led,433,available,5.0,"australia,new zealand"
lg,65QNED80A6A,163.897,65,led,360,available,6.0,"australia,new zealand"
lg,65QNED81ASA,163.897,65,led,360,available,6.0,"australia,new zealand"
lg,75NANO80A6A,189.275,75,led,605,available,5.0,"australia,new zealand"
lg,75NANO80ASA,189.275,75,led,605,available,5.0,"australia,new zealand"
lg,75QNED80A6A,189.275,75,led,389,available,7.0,"australia,new zealand"
lg,75QNED81ASA,189.275,75,led,389,available,7.0,"australia,new zealand"
lg,75QNED86ASA,189.275,75,led,389,available,7.0,"australia,new zealand"
lg,86QNED80A6A,217.425,86,led,484,available,7.0,"australia,new zealand"
aiwa,AWS580G,146.088,58,lcd,331,available,5.5,australia
jvc,LT-70NQ7155A,176.539,70,lcd,550,available,4.5,australia
lg,86QNED81ASA,217.425,86,led,484,available,7.0,"australia,new zealand"
lg,OLED48B5PSA,120.721,48,oled,273,available,4.5,"australia,new zealand"
lg,43NANO80A6B,107.987,43,led,258,available,4.0,"australia,new zealand"
lg,43NANO80ASA,107.987,43,led,258,available,4.0,"australia,new zealand"
lg,43QNED80A6A,107.987,43,led,236,available,4.5,"australia,new zealand"
lg,43QNED81ASA,107.987,43,led,236,available,4.5,"australia,new zealand"
lg,50NANO80A6A,125.727,50,led,305,available,4.5,"australia,new zealand"
lg,50NANO80ASA,125.727,50,led,305,available,4.5,"australia,new zealand"
lg,55NANO80A6A,138.783,55,led,338,available,5.0,"australia,new zealand"
lg,55NANO80ASA,138.783,55,led,338,available,5.0,"australia,new zealand"
lg,55QNED80A6A,138.783,55,led,302,available,5.5,"australia,new zealand"
lg,55QNED81ASA,138.783,55,led,302,available,5.5,"australia,new zealand"
philips,50PUT7039/79,125.731,50,led,375,available,3.5,"australia,new zealand"
philips,55PUT7039/79,138.783,55,led,404,available,4.0,"australia,new zealand"
samsung,UA43F6000FS,107.987,43,led,182,available,5.5,"australia,fiji,new zealand"
linsar,LS24HDNF-12V,59.774,24,lcd,68,available,6.0,"australia,fiji,new zealand"
prism+,M55,138.783,55,led,320,available,5.0,australia
prism+,M65,163.897,65,led,450,available,5.0,australia
prism+,M75,189.338,75,led,580,available,5.0,australia
eko,K32HSWV12,80.039,32,led,131,available,5.0,"australia,fiji,new zealand"
lg,OLED65G5PSA,163.897,65,oled,422,available,5.0,"australia,new zealand"
lg,OLED65G56LA,163.897,65,oled,422,available,5.0,"australia,new zealand"
lg,OLED77B5PSA,194.738,77,oled,495,available,6.0,"australia,new zealand"
lg,OLED77B56LA,194.738,77,oled,495,available,6.0,"australia,new zealand"
lg,55QNED82ASA,138.783,55,led,338,available,5.0,"australia,new zealand"
lg,65QNED82ASA,163.897,65,led,360,available,6.0,"australia,new zealand"
lg,86QNED82ASA,217.425,86,led,484,available,7.0,"australia,new zealand"
lg,50QNED86ASA,125.727,50,led,251,available,5.5,"australia,new zealand"
lg,86QNED86A6A,217.425,86,led,506,available,7.0,"australia,new zealand"
lg,86QNED86ASA,217.425,86,led,506,available,7.0,"australia,new zealand"
qbell,QTU70T,176.538,70,led,690,available,3.5,"australia,fiji,new zealand"
philips,75PUT7039/79,189.274,75,led,667,available,4.5,"australia,new zealand"
philips,65PUT7039/79,165.633,66,led,462,available,5.0,"australia,new zealand"
philips,86PUT7039/79,217.427,86,led,963,available,4.0,"australia,new zealand"
jvc,LT-32NQ5155A,80.054,32,led,110,available,5.5,"australia,fiji,new zealand"
jvc,LT-43NQ5155A,107.95,43,led,163,available,6.0,"australia,fiji,new zealand"
jvc,AV-AQ557155A,138.798,55,led,247,available,6.0,"australia,fiji,new zealand"
jvc,LT-55NQ7155A,138.798,55,led,247,available,6.0,"australia,fiji,new zealand"
jvc,LT-55NQ7155AW,138.798,55,led,247,available,6.0,"australia,fiji,new zealand"
jvc,LT-55NQ7155AX,138.798,55,led,247,available,6.0,"australia,fiji,new zealand"
jvc,AV-AQ657155A,163.829,65,led,448,available,5.0,"australia,fiji,new zealand"
jvc,LT-65NQ7155A,163.829,65,led,448,available,5.0,"australia,fiji,new zealand"
jvc,LT-65NQ7155AW,163.829,65,led,448,available,5.0,"australia,fiji,new zealand"
jvc,LT-65NQ7155AX,163.829,65,led,448,available,5.0,"australia,fiji,new zealand"
jvc,AQ657155 series,163.829,65,led,448,available,5.0,"australia,fiji,new zealand"
jvc,AQ557155A series,138.798,55,led,247,available,6.0,"australia,fiji,new zealand"
jvc,AV-JQ757115A,189.306,75,led,466,available,6.0,"australia,fiji,new zealand"
jvc,AV-JQ757115AE,189.306,75,led,466,available,6.0,"australia,fiji,new zealand"
jvc,AV-JQ757115A series,189.306,75,led,466,available,6.0,"australia,fiji,new zealand"
blaupunkt,BP700UTS,176.538,70,led,690,available,3.5,"australia,fiji,new zealand"
lg,50QNED82ASA,125.727,50,led,298,available,4.5,"australia,new zealand"
lg,75QNED82ASA,189.275,75,led,389,available,7.0,"australia,new zealand"
lg,OLED83C5PSA,209.585,83,oled,692,available,5.0,"australia,new zealand"
lg,OLED83C56LA,209.585,83,oled,692,available,5.0,"australia,new zealand"
tcl,55C7K,138.711,55,led,425,available,4.0,"australia,fiji,new zealand"
tcl,50C7K,125.638,50,led,353,available,4.0,"australia,fiji,new zealand"
tcl,75C7K,189.306,75,led,755,available,4.0,"australia,fiji,new zealand"
tcl,85C7K,214.783,85,led,768,available,5.0,"australia,fiji,new zealand"
tcl,55C6K,138.711,55,led,380,available,4.5,"australia,fiji,new zealand"
tcl,65C6K,163.829,65,led,460,available,5.0,"australia,fiji,new zealand"
tcl,75C6K,189.306,75,led,600,available,5.0,"australia,fiji,new zealand"
tcl,85C6K,214.783,85,led,768,available,5.0,"australia,fiji,new zealand"
bauhn,ATV70UHDW-0325,176.555,70,led,400,available,6.0,"australia,fiji,new zealand"
blaupunkt,BP400FSG98,100.791,40,lcd,186,available,5.0,"australia,fiji,new zealand"
blaupunkt,BP320HSG9800,79.831,32,lcd,130,available,5.0,"australia,fiji,new zealand"
blaupunkt,BP320HSG98,79.831,32,lcd,130,available,5.0,"australia,fiji,new zealand"
blaupunkt,BP320FSG98,79.831,32,lcd,130,available,5.0,"australia,fiji,new zealand"
sony,K-55XR50,138.798,55,led,414,available,4.0,"australia,new zealand"
sony,K-65XR50,163.878,65,led,556,available,4.0,"australia,new zealand"
blaupunkt,BP750USG98,189.306,75,lcd,811,available,3.5,"australia,fiji,new zealand"
eko,K750UGTWQ,189.306,75,lcd,811,available,3.5,"australia,fiji,new zealand"
lg,65QNED9MA6A,163.897,65,led,515,available,4.5,"australia,new zealand"
lg,65QNED9MASA,163.897,65,led,515,available,4.5,"australia,new zealand"
lg,75QNED9MA6A,189.275,75,led,561,available,5.0,"australia,new zealand"
lg,75QNED9MASA,189.275,75,led,561,available,5.0,"australia,new zealand"
lg,86QNED9MA6A,217.425,86,led,685,available,5.5,"australia,new zealand"
lg,86QNED9MASA,217.425,86,led,685,available,5.5,"australia,new zealand"
jvc,LT-50NQ7145A,125.731,50,led,210,available,6.0,"australia,fiji,new zealand"
jvc,LT-50NQ7145AE,125.731,50,led,210,available,6.0,"australia,fiji,new zealand"
blaupunkt,BP550USG98,138.798,55,lcd,349,available,4.5,"australia,fiji,new zealand"
blaupunkt,BP550USG9800,138.798,55,lcd,349,available,4.5,"australia,fiji,new zealand"
eko,K550UGTQ,138.798,55,lcd,349,available,4.5,"australia,fiji,new zealand"
eko,K500UGTQ,125.638,50,lcd,376,available,3.5,"australia,fiji,new zealand"
blaupunkt,BP500USG98,125.638,50,lcd,376,available,3.5,"australia,fiji,new zealand"
samsung,QA65QN900FW,163.897,65,led,908,available,2.0,"australia,fiji,new zealand"
samsung,QA65QN900FS,163.897,65,led,908,available,2.0,"australia,fiji,new zealand"
samsung,QA65QN900F*,163.897,65,led,908,available,2.0,"australia,fiji,new zealand"
tcl,98P7K,247.604,98,led,700,available,6.0,"australia,fiji,new zealand"
samsung,QA43LS03FAW,107.987,43,led,259,available,4.0,"australia,fiji,new zealand"
samsung,QA43LS03FAS,107.987,43,led,259,available,4.0,"australia,fiji,new zealand"
samsung,QA43LS03FA*,107.987,43,led,259,available,4.0,"australia,fiji,new zealand"
samsung,QA55LS03FAW,138.783,55,led,408,available,4.0,"australia,fiji,new zealand"
samsung,QA55LS03FAS,138.783,55,led,408,available,4.0,"australia,fiji,new zealand"
samsung,QA55LS03FA*,138.783,55,led,408,available,4.0,"australia,fiji,new zealand"
samsung,QA48S90FAE,120.721,48,led,291,available,4.5,"australia,fiji,new zealand"
samsung,QA55S90FAW,138.783,55,led,401,available,4.0,"australia,fiji,new zealand"
samsung,QA55S90FAS,138.783,55,led,401,available,4.0,"australia,fiji,new zealand"
samsung,QA55S90FA*,138.783,55,led,401,available,4.0,"australia,fiji,new zealand"
blaupunkt,BP500FTS,125.731,50,led,224,available,6.0,"australia,fiji,new zealand"
samsung,QA83S90FAE,209.585,83,led,791,available,4.5,"australia,fiji,new zealand"
samsung,QA77S85FAE,194.738,77,led,507,available,6.0,"australia,fiji,new zealand"
aiwa,AWS430QW,107.953,43,led,170,available,6.0,australia
aiwa,AWS650G2,163.896,65,led,371,available,6.0,australia
blaupunkt,BP650USG98,163.829,65,lcd,580,available,4.0,"australia,fiji,new zealand"
aiwa,AWS550QW,138.783,55,led,397,available,4.0,australia
aiwa,AWS650QW,163.896,65,led,541,available,4.0,australia
akai,AK40S9ZEN,100.34,40,led,149,available,6.0,australia
aiwa,AWS500QW,125.731,50,led,321,available,4.0,australia
eko,K49FST,125.731,50,led,224,available,6.0,"australia,fiji,new zealand"
lg,43QNED82ASA,107.987,43,led,258,available,4.0,"australia,new zealand"
lg,50UA8450PSA,125.727,50,led,305,available,4.5,"australia,new zealand"
lg,55UA8450PSA,138.783,55,led,338,available,5.0,"australia,new zealand"
lg,OLED65M5PSA,163.896,65,oled,514,available,4.5,"australia,new zealand"
lg,OLED65M59LA,163.896,65,oled,514,available,4.5,"australia,new zealand"
tcl,55P7K,138.711,55,led,284,available,5.5,"australia,fiji,new zealand"
tcl,50P7K,125.638,50,led,245,available,5.5,"australia,fiji,new zealand"
samsung,QA65QN80FAW,163.897,65,led,565,available,4.0,"australia,fiji,new zealand"
samsung,QA65QN80FAS,163.897,65,led,565,available,4.0,"australia,fiji,new zealand"
samsung,QA65QN80FA*,163.897,65,led,565,available,4.0,"australia,fiji,new zealand"
samsung,QA55S85FAE,138.783,55,led,383,available,4.0,"australia,fiji,new zealand"
bauhn,ATV32HDW-0425,80.06,32,lcd,101,available,6.0,australia
philips,75PQT9020/79,189.34,75,led,824,available,3.5,"australia,fiji,new zealand"
samsung,QA55S95FAW,138.783,55,led,401,available,4.0,"australia,fiji,new zealand"
samsung,QA55S95FAS,138.783,55,led,401,available,4.0,"australia,fiji,new zealand"
samsung,QA55S95FA*,138.783,55,led,401,available,4.0,"australia,fiji,new zealand"
hisense,55S7NAU,138.783,55,led,381,available,4.5,australia
hisense,65S7NAU,163.896,65,led,416,available,5.5,australia
samsung,QA65S85FAE,163.897,65,led,474,available,4.5,"australia,fiji,new zealand"
samsung,QA65S90FAE,163.897,65,led,532,available,4.0,"australia,fiji,new zealand"
samsung,QA77S90FAE,194.738,77,led,638,available,5.0,"australia,fiji,new zealand"
samsung,QA55QN90FAW,138.783,55,led,405,available,4.0,"australia,fiji,new zealand"
samsung,QA55QN90FAS,138.783,55,led,405,available,4.0,"australia,fiji,new zealand"
samsung,QA55QN90FA*,138.783,55,led,405,available,4.0,"australia,fiji,new zealand"
hyundai,H50UHDQLDZEN,125.731,50,led,217,available,6.0,"australia,fiji,new zealand"
hyundai,H55UHDQLDZEN,138.783,55,led,263,available,6.0,"australia,fiji,new zealand"
hyundai,H65UHDQLDZEN,163.896,65,led,338,available,6.0,"australia,fiji,new zealand"
hyundai,H75UHDQLDZEN,189.34,75,led,451,available,6.0,"australia,fiji,new zealand"
eko,K430FGTQ,108.135,43,lcd,196,available,5.0,"australia,fiji,new zealand"
bauhn,ATV55UHDW-0425,138.401,55,lcd,270,available,6.0,australia
philips,65PQT9020/79,163.896,65,led,722,available,3.0,"australia,fiji,new zealand"
philips,86PQT9020/79,217.427,86,led,1163,available,3.0,"australia,fiji,new zealand"
sony,K-75XR50,189.306,75,led,719,available,4.0,"australia,new zealand"
lg,OLED77T4PSA,194.738,77,oled,667,available,4.5,"australia,new zealand"
lg,43UA8450PSA,107.987,43,led,258,available,4.0,"australia,new zealand"
lg,OLED77M5PSA,194.738,77,oled,654,available,4.5,"australia,new zealand"
sony,K-85XR50,214.783,85,led,797,available,4.5,"australia,new zealand"
lg,OLED77M56LA,194.738,77,oled,654,available,4.5,"australia,new zealand"
lg,OLED83M5PSA,209.585,83,oled,785,available,4.5,"australia,new zealand"
lg,OLED83M56LA,209.585,83,oled,785,available,4.5,"australia,new zealand"
samsung,QA42S90FAE,105.52,42,led,248,available,4.0,"australia,fiji,new zealand"
samsung,QA43QN90FAW,107.987,43,led,229,available,4.5,"australia,fiji,new zealand"
samsung,QA43QN90FAS,107.987,43,led,229,available,4.5,"australia,fiji,new zealand"
samsung,QA43QN90FA*,107.987,43,led,229,available,4.5,"australia,fiji,new zealand"
samsung,QA55QN70FAW,138.783,55,led,394,available,4.0,"australia,fiji,new zealand"
samsung,QA55QN70FAS,138.783,55,led,394,available,4.0,"australia,fiji,new zealand"
samsung,QA55QN70FA*,138.783,55,led,394,available,4.0,"australia,fiji,new zealand"
samsung,QA65QN70FAW,163.897,65,led,518,available,4.5,"australia,fiji,new zealand"
samsung,QA65QN70FAS,163.897,65,led,518,available,4.5,"australia,fiji,new zealand"
samsung,QA65QN70FA*,163.897,65,led,518,available,4.5,"australia,fiji,new zealand"
samsung,QA65QN90FAW,163.897,65,led,503,available,4.5,"australia,fiji,new zealand"
samsung,QA65QN90FAS,163.897,65,led,503,available,4.5,"australia,fiji,new zealand"
samsung,QA65QN90FA*,163.897,65,led,503,available,4.5,"australia,fiji,new zealand"
samsung,QA65S95FAW,163.897,65,led,558,available,4.0,"australia,fiji,new zealand"
samsung,QA65S95FAS,163.897,65,led,558,available,4.0,"australia,fiji,new zealand"
samsung,QA65S95FA*,163.897,65,led,558,available,4.0,"australia,fiji,new zealand"
tcl,65C7K,163.829,65,led,510,available,4.5,"australia,fiji,new zealand"
samsung,QA75QN70FAW,189.338,75,led,572,available,5.0,"australia,fiji,new zealand"
samsung,QA75QN70FAS,189.338,75,led,572,available,5.0,"australia,fiji,new zealand"
samsung,QA75QN70FA*,189.338,75,led,572,available,5.0,"australia,fiji,new zealand"
samsung,QA75QN900FW,189.338,75,led,992,available,2.5,"australia,fiji,new zealand"
samsung,QA75QN900FS,189.338,75,led,992,available,2.5,"australia,fiji,new zealand"
samsung,QA75QN900F*,189.338,75,led,992,available,2.5,"australia,fiji,new zealand"
samsung,QA75QN90FAW,189.338,75,led,554,available,5.0,"australia,fiji,new zealand"
samsung,QA75QN90FAS,189.338,75,led,554,available,5.0,"australia,fiji,new zealand"
samsung,QA75QN90FA*,189.338,75,led,554,available,5.0,"australia,fiji,new zealand"
samsung,QA77S95FAW,195.177,77,led,791,available,4.0,"australia,fiji,new zealand"
samsung,QA77S95FAS,195.177,77,led,791,available,4.0,"australia,fiji,new zealand"
samsung,QA77S95FA*,195.177,77,led,791,available,4.0,"australia,fiji,new zealand"
samsung,QA83S85FAE,209.585,83,led,682,available,5.0,"australia,fiji,new zealand"
samsung,QA85QN70FAW,214.783,85,led,729,available,5.0,"australia,fiji,new zealand"
samsung,QA85QN70FAS,214.783,85,led,729,available,5.0,"australia,fiji,new zealand"
samsung,QA85QN70FA*,214.783,85,led,729,available,5.0,"australia,fiji,new zealand"
samsung,QA85QN900FW,214.783,85,led,1047,available,3.5,"australia,fiji,new zealand"
samsung,QA85QN900FS,214.783,85,led,1047,available,3.5,"australia,fiji,new zealand"
samsung,QA85QN900F*,214.783,85,led,1047,available,3.5,"australia,fiji,new zealand"
samsung,QA85QN90FAW,214.783,85,led,773,available,5.0,"australia,fiji,new zealand"
samsung,QA85QN90FAS,214.783,85,led,773,available,5.0,"australia,fiji,new zealand"
samsung,QA85QN90FA*,214.783,85,led,773,available,5.0,"australia,fiji,new zealand"
samsung,QA85QN990FW,214.783,85,led,1317,available,2.5,"australia,fiji,new zealand"
samsung,QA85QN990FS,214.783,85,led,1317,available,2.5,"australia,fiji,new zealand"
samsung,QA85QN990F*,214.783,85,led,1317,available,2.5,"australia,fiji,new zealand"
samsung,QA98QN90FAW,247.688,98,led,886,available,5.5,"australia,fiji,new zealand"
samsung,QA98QN90FAS,247.688,98,led,886,available,5.5,"australia,fiji,new zealand"
samsung,QA98QN90FA*,247.688,98,led,886,available,5.5,"australia,fiji,new zealand"
tcl,65P7K,163.829,65,led,320,available,6.0,"australia,fiji,new zealand"
samsung,QA65QN990FW,163.897,65,led,1032,available,1.0,"australia,fiji,new zealand"
samsung,QA65QN990FS,163.897,65,led,1032,available,1.0,"australia,fiji,new zealand"
samsung,QA65QN990F*,163.897,65,led,1032,available,1.0,"australia,fiji,new zealand"
tcl,43P7K,107.95,43,led,220,available,4.5,"australia,fiji,new zealand"
lg,OLED97G5PSA,245.145,97,oled,835,available,5.5,"australia,new zealand"
lg,OLED97G56LA,245.145,97,oled,835,available,5.5,"australia,new zealand"
lg,OLED97M5PSA,245.145,97,oled,926,available,5.0,"australia,new zealand"
lg,OLED97M56LA,245.145,97,oled,926,available,5.0,"australia,new zealand"
samsung,UA43TU8000W,107.95,43,led,255,available,4.0,"australia,fiji,new zealand"
samsung,UA43TU8000S,107.95,43,led,255,available,4.0,"australia,fiji,new zealand"
samsung,UA43TU8500S,107.95,43,led,255,available,4.0,"australia,fiji,new zealand"
samsung,UA43TU8000,107.95,43,led,255,available,4.0,"australia,fiji,new zealand"
samsung,UA75TU8000W,189.579,75,led,565,available,5.0,"australia,fiji,new zealand"
samsung,UA75TU8000S,189.579,75,led,565,available,5.0,"australia,fiji,new zealand"
samsung,UA75TU8000,189.579,75,led,565,available,5.0,"australia,fiji,new zealand"
samsung,QA65LS03FWW,163.897,65,led,565,available,4.0,"australia,fiji,new zealand"
samsung,QA65LS03FWS,163.897,65,led,565,available,4.0,"australia,fiji,new zealand"
samsung,QA65LS03FW*,163.897,65,led,565,available,4.0,"australia,fiji,new zealand"
samsung,QA83S95FAE,209.585,83,led,908,available,4.0,"australia,fiji,new zealand"
samsung,QA85Q8FAAW,214.783,85,led,718,available,5.0,"australia,fiji,new zealand"
samsung,QA85Q8FAAS,214.783,85,led,718,available,5.0,"australia,fiji,new zealand"
samsung,QA85Q8F5AW,214.783,85,led,718,available,5.0,"australia,fiji,new zealand"
samsung,QA85Q8F*A*,214.783,85,led,718,available,5.0,"australia,fiji,new zealand"
samsung,QA75Q8FAAW,189.338,75,led,664,available,4.5,"australia,fiji,new zealand"
samsung,QA75Q8FAAS,189.338,75,led,664,available,4.5,"australia,fiji,new zealand"
samsung,QA75Q8F5AW,189.338,75,led,664,available,4.5,"australia,fiji,new zealand"
samsung,QA75Q8F*A*,189.338,75,led,664,available,4.5,"australia,fiji,new zealand"
samsung,QA65Q8FAAW,163.897,65,led,448,available,5.0,"australia,fiji,new zealand"
samsung,QA65Q8FAAS,163.897,65,led,448,available,5.0,"australia,fiji,new zealand"
samsung,QA65Q8F5AW,163.897,65,led,448,available,5.0,"australia,fiji,new zealand"
samsung,QA65Q8F*A*,163.897,65,led,448,available,5.0,"australia,fiji,new zealand"
samsung,QA55Q8FAAW,138.783,55,led,291,available,5.5,"australia,fiji,new zealand"
samsung,QA55Q8FAAS,138.783,55,led,291,available,5.5,"australia,fiji,new zealand"
samsung,QA55Q8F5AW,138.783,55,led,291,available,5.5,"australia,fiji,new zealand"
samsung,QA55Q8F*A*,138.783,55,led,291,available,5.5,"australia,fiji,new zealand"
samsung,QA50Q8FAAW,125.727,50,led,277,available,5.0,"australia,fiji,new zealand"
samsung,QA50Q8FAAS,125.727,50,led,277,available,5.0,"australia,fiji,new zealand"
samsung,QA50Q8F5AW,125.727,50,led,277,available,5.0,"australia,fiji,new zealand"
samsung,QA50Q8F*A*,125.727,50,led,277,available,5.0,"australia,fiji,new zealand"
samsung,QA43Q8FAAW,107.987,43,led,251,available,4.0,"australia,fiji,new zealand"
samsung,QA43Q8FAAS,107.987,43,led,251,available,4.0,"australia,fiji,new zealand"
samsung,QA43Q8F5AW,107.987,43,led,251,available,4.0,"australia,fiji,new zealand"
samsung,QA43Q8F*A*,107.987,43,led,251,available,4.0,"australia,fiji,new zealand"
sony,K-98XR50,247.691,98,led,1306,available,3.5,"australia,new zealand"
samsung,QA55QN80FAW,138.783,55,led,394,available,4.0,"australia,fiji,new zealand"
samsung,QA55QN80FAS,138.783,55,led,394,available,4.0,"australia,fiji,new zealand"
samsung,QA55QN80FA*,138.783,55,led,394,available,4.0,"australia,fiji,new zealand"
samsung,QA50QN80FAW,127.225,51,led,368,available,4.0,"australia,fiji,new zealand"
samsung,QA50QN80FAS,127.225,51,led,368,available,4.0,"australia,fiji,new zealand"
samsung,QA50QN80FA*,127.225,51,led,368,available,4.0,"australia,fiji,new zealand"
samsung,QA75QN80FAW,189.338,75,led,748,available,4.0,"australia,fiji,new zealand"
samsung,QA75QN80FAS,189.338,75,led,748,available,4.0,"australia,fiji,new zealand"
samsung,QA75QN80FA*,189.338,75,led,748,available,4.0,"australia,fiji,new zealand"
samsung,QA85QN80FAW,214.783,85,led,908,available,4.0,"australia,fiji,new zealand"
samsung,QA85QN80FAS,214.783,85,led,908,available,4.0,"australia,fiji,new zealand"
samsung,QA85QN80FA*,214.783,85,led,908,available,4.0,"australia,fiji,new zealand"
lg,100QNED86A6,252.784,100,led,952,available,5.5,"australia,new zealand"
lg,100QNED86AS,252.784,100,led,952,available,5.5,"australia,new zealand"
samsung,QA55QN85FAW,138.783,55,led,408,available,4.0,"australia,fiji,new zealand"
samsung,QA55QN85FAS,138.783,55,led,408,available,4.0,"australia,fiji,new zealand"
samsung,QA55QN85FA*,138.783,55,led,408,available,4.0,"australia,fiji,new zealand"
skyworth,24LP60G,60.469,24,led,76,available,5.5,"australia,fiji,new zealand"
samsung,QA65QN85FAW,163.897,65,led,514,available,4.5,"australia,fiji,new zealand"
samsung,QA65QN85FAS,163.897,65,led,514,available,4.5,"australia,fiji,new zealand"
samsung,QA65QN85FA*,163.897,65,led,514,available,4.5,"australia,fiji,new zealand"
samsung,QA75QN85FAW,189.338,75,led,609,available,5.0,"australia,fiji,new zealand"
samsung,QA75QN85FAS,189.338,75,led,609,available,5.0,"australia,fiji,new zealand"
samsung,QA75QN85FA*,189.338,75,led,609,available,5.0,"australia,fiji,new zealand"
samsung,QA85QN85FAW,214.783,85,led,773,available,5.0,"australia,fiji,new zealand"
samsung,QA85QN85FAS,214.783,85,led,773,available,5.0,"australia,fiji,new zealand"
samsung,QA85QN85FA*,214.783,85,led,773,available,5.0,"australia,fiji,new zealand"
samsung,QA50LS03FAW,125.727,50,led,339,available,4.0,"australia,fiji,new zealand"
samsung,QA50LS03FAS,125.727,50,led,339,available,4.0,"australia,fiji,new zealand"
samsung,QA50LS03FA*,125.727,50,led,339,available,4.0,"australia,fiji,new zealand"
samsung,QA65LS03FAW,163.897,65,led,562,available,4.0,"australia,fiji,new zealand"
samsung,QA75LS03FWW,189.338,75,led,693,available,4.0,"australia,fiji,new zealand"
samsung,QA75LS03FWS,189.338,75,led,693,available,4.0,"australia,fiji,new zealand"
samsung,QA75LS03FW*,189.338,75,led,693,available,4.0,"australia,fiji,new zealand"
samsung,QA85LS03FWW,214.783,85,led,806,available,4.5,"australia,fiji,new zealand"
samsung,QA85LS03FWS,214.783,85,led,806,available,4.5,"australia,fiji,new zealand"
samsung,QA85LS03FW*,214.783,85,led,806,available,4.5,"australia,fiji,new zealand"
samsung,QA50QN90FAW,125.727,50,led,284,available,5.0,"australia,fiji,new zealand"
samsung,QA50QN90FAS,125.727,50,led,284,available,5.0,"australia,fiji,new zealand"
samsung,QA50QN90FA*,125.727,50,led,284,available,5.0,"australia,fiji,new zealand"
monster,MT24HDNFB,59.827,24,led,59,available,6.0,australia
monster,MT32HDNFB,80.043,32,led,60,available,8.0,australia
samsung,QA55Q7FAAW,138.783,55,led,310,available,5.0,"australia,fiji,new zealand"
samsung,QA55Q7FAAS,138.783,55,led,310,available,5.0,"australia,fiji,new zealand"
samsung,QA55Q7F5AW,138.783,55,led,310,available,5.0,"australia,fiji,new zealand"
samsung,QA55Q7F5AS,138.783,55,led,310,available,5.0,"australia,fiji,new zealand"
samsung,QA55QEF1AW,138.783,55,led,310,available,5.0,"australia,fiji,new zealand"
samsung,QA55QEF1AS,138.783,55,led,310,available,5.0,"australia,fiji,new zealand"
samsung,55Q7F,138.783,55,led,310,available,5.0,"australia,fiji,new zealand"
samsung,QA65Q7FAAW,163.897,65,led,430,available,5.0,"australia,fiji,new zealand"
samsung,QA65Q7FAAS,163.897,65,led,430,available,5.0,"australia,fiji,new zealand"
samsung,QA65Q7F5AW,163.897,65,led,430,available,5.0,"australia,fiji,new zealand"
samsung,QA65Q7F5AS,163.897,65,led,430,available,5.0,"australia,fiji,new zealand"
samsung,QA65QEF1AW,163.897,65,led,430,available,5.0,"australia,fiji,new zealand"
samsung,QA65QEF1AS,163.897,65,led,430,available,5.0,"australia,fiji,new zealand"
samsung,QA65QN990FW,163.897,65,led,948,available,1.5,"australia,fiji,new zealand"
samsung,QA65QN990FS,163.897,65,led,948,available,1.5,"australia,fiji,new zealand"
samsung,QA65QN990F*,163.897,65,led,948,available,1.5,"australia,fiji,new zealand"
samsung,QA85QN990FW,214.783,85,led,1208,available,3.0,"australia,fiji,new zealand"
samsung,QA85QN990FS,214.783,85,led,1208,available,3.0,"australia,fiji,new zealand"
samsung,QA85QN990F*,214.783,85,led,1208,available,3.0,"australia,fiji,new zealand"
samsung,QA75Q7FAAW,189.338,75,led,525,available,5.5,"australia,fiji,new zealand"
samsung,QA75Q7FAAS,189.338,75,led,525,available,5.5,"australia,fiji,new zealand"
samsung,QA75Q7F5AW,189.338,75,led,525,available,5.5,"australia,fiji,new zealand"
samsung,QA75Q7F5AS,189.338,75,led,525,available,5.5,"australia,fiji,new zealand"
samsung,QA75QEF1AW,189.338,75,led,525,available,5.5,"australia,fiji,new zealand"
samsung,QA75QEF1AS,189.338,75,led,525,available,5.5,"australia,fiji,new zealand"
samsung,QA85Q7FAAW,214.783,85,led,686,available,5.5,"australia,fiji,new zealand"
samsung,QA85Q7FAAS,214.783,85,led,686,available,5.5,"australia,fiji,new zealand"
samsung,QA85Q7F5AW,214.783,85,led,686,available,5.5,"australia,fiji,new zealand"
samsung,QA85Q7F5AS,214.783,85,led,686,available,5.5,"australia,fiji,new zealand"
samsung,QA85QEF1AW,214.783,85,led,686,available,5.5,"australia,fiji,new zealand"
samsung,QA85QEF1AS,214.783,85,led,686,available,5.5,"australia,fiji,new zealand"
samsung,85Q7F,214.783,85,led,686,available,5.5,"australia,fiji,new zealand"
samsung,QA100QN80FW,252.784,100,led,1032,available,5.0,"australia,fiji,new zealand"
samsung,QA100QN80FS,252.784,100,led,1032,available,5.0,"australia,fiji,new zealand"
samsung,QA100QN80F*,252.784,100,led,1032,available,5.0,"australia,fiji,new zealand"
aiwa,AWS550G,138.783,55,led,258,available,6.0,australia
lg,55UA7350PSB,138.783,55,led,334,available,5.0,"australia,fiji,new zealand"
lg,50UA7350PSB,125.727,50,led,297,available,4.5,"australia,fiji,new zealand"
lg,86UA8450PSA,217.425,86,led,568,available,6.0,"australia,fiji,new zealand"
lg,43UA7350PSB,107.987,43,led,242,available,4.5,"australia,fiji,new zealand"
lg,75UA8450PSA,189.275,75,led,502,available,5.5,"australia,fiji,new zealand"
lg,65UA7350PSB,163.897,65,led,422,available,5.0,"australia,fiji,new zealand"
lg,50QNED80ASA,125.727,50,led,251,available,5.5,"australia,new zealand"
lg,75QNED86A6A,189.275,75,led,389,available,7.0,"australia,new zealand"
emete,EME-5501TE,138.798,55,led,391,available,4.0,"australia,fiji,new zealand"
emete,EME-5502TE,138.798,55,led,391,available,4.0,"australia,fiji,new zealand"
emete,EME-5503TE,138.798,55,led,391,available,4.0,"australia,fiji,new zealand"
emete,EME-5504TE,138.798,55,led,391,available,4.0,"australia,fiji,new zealand"
emete,EME-5505TE,138.798,55,led,391,available,4.0,"australia,fiji,new zealand"
emete,EME-5506TE,138.798,55,led,391,available,4.0,"australia,fiji,new zealand"
emete,EME-5507TE,138.798,55,led,391,available,4.0,"australia,fiji,new zealand"
emete,EME-5508TE,138.798,55,led,391,available,4.0,"australia,fiji,new zealand"
emete,EME-5509TE,138.798,55,led,391,available,4.0,"australia,fiji,new zealand"
emete,EME-6501TE,163.878,65,led,415,available,5.5,"australia,new zealand"
emete,EME-6502TE,163.878,65,led,415,available,5.5,"australia,new zealand"
emete,EME-6503TE,163.878,65,led,415,available,5.5,"australia,new zealand"
emete,EME-6504TE,163.878,65,led,415,available,5.5,"australia,new zealand"
emete,EME-6505TE,163.878,65,led,415,available,5.5,"australia,new zealand"
emete,EME-6506TE,163.878,65,led,415,available,5.5,"australia,new zealand"
emete,EME-6507TE,163.878,65,led,415,available,5.5,"australia,new zealand"
emete,EME-6508TE,163.878,65,led,415,available,5.5,"australia,new zealand"
emete,EME-6509TE,163.878,65,led,415,available,5.5,"australia,new zealand"
emete,EME-6510TE,163.878,65,led,415,available,5.5,"australia,new zealand"
emete,EME-7501TE,189.275,75,led,650,available,4.5,"australia,new zealand"
emete,EME-7502TE,189.275,75,led,650,available,4.5,"australia,new zealand"
emete,EME-7503TE,189.275,75,led,650,available,4.5,"australia,new zealand"
emete,EME-7504TE,189.275,75,led,650,available,4.5,"australia,new zealand"
emete,EME-7505TE,189.275,75,led,650,available,4.5,"australia,new zealand"
emete,EME-7506TE,189.275,75,led,650,available,4.5,"australia,new zealand"
emete,EME-7507TE,189.275,75,led,650,available,4.5,"australia,new zealand"
emete,EME-7508TE,189.275,75,led,650,available,4.5,"australia,new zealand"
emete,EME-7509TE,189.275,75,led,650,available,4.5,"australia,new zealand"
emete,EME-7510TE,189.275,75,led,650,available,4.5,"australia,new zealand"
emete,EME-8501TE,214.783,85,led,740,available,5.0,"australia,new zealand"
emete,EME-8502TE,214.783,85,led,740,available,5.0,"australia,new zealand"
emete,EME-8503TE,214.783,85,led,740,available,5.0,"australia,new zealand"
emete,EME-8504TE,214.783,85,led,740,available,5.0,"australia,new zealand"
emete,EME-8505TE,214.783,85,led,740,available,5.0,"australia,new zealand"
emete,EME-8506TE,214.783,85,led,740,available,5.0,"australia,new zealand"
emete,EME-8507TE,214.783,85,led,740,available,5.0,"australia,new zealand"
emete,EME-8508TE,214.783,85,led,740,available,5.0,"australia,new zealand"
emete,EME-8509TE,214.783,85,led,740,available,5.0,"australia,new zealand"
emete,EME-8510TE,214.783,85,led,740,available,5.0,"australia,new zealand"
emete,EME-1001TE,252.784,100,led,1201,available,4.0,"australia,new zealand"
emete,EME-1002TE,252.784,100,led,1201,available,4.0,"australia,new zealand"
emete,EME-1003TE,252.784,100,led,1201,available,4.0,"australia,new zealand"
emete,EME-1004TE,252.784,100,led,1201,available,4.0,"australia,new zealand"
emete,EME-1005TE,252.784,100,led,1201,available,4.0,"australia,new zealand"
emete,EME-1006TE,252.784,100,led,1201,available,4.0,"australia,new zealand"
emete,EME-1007TE,252.784,100,led,1201,available,4.0,"australia,new zealand"
emete,EME-1008TE,252.784,100,led,1201,available,4.0,"australia,new zealand"
emete,EME-1009TE,252.784,100,led,1201,available,4.0,"australia,new zealand"
emete,EME-1010TE,252.784,100,led,1201,available,4.0,"australia,new zealand"
bauhn,ATV43FHDW-0325,109.465,44,lcd,172,available,6.0,australia
samsung,QA75QN990FW,189.338,75,led,1043,available,2.5,"australia,fiji,new zealand"
samsung,QA75QN990FS,189.338,75,led,1043,available,2.5,"australia,fiji,new zealand"
samsung,QA75QN990F*,189.338,75,led,1043,available,2.5,"australia,fiji,new zealand"
samsung,QA55QN1EFAW,138.783,55,led,412,available,4.0,"australia,fiji,new zealand"
samsung,QA55QN1EFAS,138.783,55,led,412,available,4.0,"australia,fiji,new zealand"
samsung,QA55QN1EFA*,138.783,55,led,412,available,4.0,"australia,fiji,new zealand"
samsung,QA65QN1EFAW,163.897,65,led,481,available,4.5,"australia,fiji,new zealand"
samsung,QA65QN1EFAS,163.897,65,led,481,available,4.5,"australia,fiji,new zealand"
samsung,QA65QN1EFA*,163.897,65,led,481,available,4.5,"australia,fiji,new zealand"
samsung,QA75QN1EFAW,189.338,75,led,653,available,4.5,"australia,fiji,new zealand"
samsung,QA75QN1EFAS,189.338,75,led,653,available,4.5,"australia,fiji,new zealand"
samsung,QA75QN1EFA*,189.338,75,led,653,available,4.5,"australia,fiji,new zealand"
samsung,QA85QN1EFAW,214.783,85,led,806,available,4.5,"australia,fiji,new zealand"
samsung,QA85QN1EFAS,214.783,85,led,806,available,4.5,"australia,fiji,new zealand"
samsung,QA85QN1EFA*,214.783,85,led,806,available,4.5,"australia,fiji,new zealand"
samsung,QA65Q*F SERIES,163.897,65,led,430,available,5.0,"australia,fiji,new zealand"
samsung,QA75Q*F SERIES,189.338,75,led,525,available,5.5,"australia,fiji,new zealand"
emete,EME-5510TE,138.798,55,led,391,available,4.0,"australia,fiji,new zealand"
emete,EME-55XXTE,138.798,55,led,391,available,4.0,"australia,fiji,new zealand"
emete,EME-65XXTE,163.878,65,led,415,available,5.5,"australia,new zealand"
emete,EME-75XXTE,189.275,75,led,650,available,4.5,"australia,new zealand"
emete,EME-85XXTE,214.783,85,led,740,available,5.0,"australia,new zealand"
emete,EME-10XXTE,252.784,100,led,1201,available,4.0,"australia,new zealand"
tcl,85P7K,214.783,85,led,826,available,4.5,"australia,fiji,new zealand"
tcl,65C8K,163.829,65,led,450,available,5.0,"australia,fiji,new zealand"
tcl,75C8K,189.306,75,led,547,available,5.5,"australia,fiji,new zealand"
tcl,98C8K,247.604,98,led,769,available,6.0,"australia,fiji,new zealand"
lg,OLED83B5PSA,209.585,83,oled,554,available,6.0,"australia,new zealand"
lg,OLED83B56LA,209.585,83,oled,554,available,6.0,"australia,new zealand"
tcl,75P7K,189.306,75,led,460,available,6.0,"australia,fiji,new zealand"
eko,K400FGT,100.791,40,lcd,186,available,5.0,"australia,fiji,new zealand"
eko,K400FGTQ,100.791,40,lcd,186,available,5.0,"australia,fiji,new zealand"
eko,K50USW3,125.731,50,led,284,available,5.0,"australia,fiji,new zealand"
kogan,KALED55U95TA,138.783,55,led,258,available,6.0,"australia,fiji,new zealand"
blaupunkt,BP400FTS,100.335,40,lcd,230,available,4.0,"australia,fiji,new zealand"
eko,K40FST,100.335,40,lcd,230,available,4.0,"australia,fiji,new zealand"
lg,65UA8450PSA,163.897,65,led,433,available,5.0,"australia,new zealand"
kogan,KAL24DH5400QA,59.816,24,led,85,available,5.0,"australia,fiji,new zealand"
kogan,KAL24DH5400QB,59.816,24,led,85,available,5.0,"australia,fiji,new zealand"
kogan,KAL24DH5400QC,59.816,24,led,85,available,5.0,"australia,fiji,new zealand"
kogan,KAL24DH5400QD,59.816,24,led,85,available,5.0,"australia,fiji,new zealand"
lg,65QNED93ASA,163.896,65,led,678,available,3.0,"australia,fiji,new zealand"
lg,65QNED93A6A,163.896,65,led,678,available,3.0,"australia,fiji,new zealand"
lg,65QNED92A6A,163.896,65,led,678,available,3.0,"australia,fiji,new zealand"
lg,65QNED92ASA,163.896,65,led,678,available,3.0,"australia,fiji,new zealand"
lg,65QNED92AUA,163.896,65,led,678,available,3.0,"australia,fiji,new zealand"
lg,65QNED93AKA,163.896,65,led,678,available,3.0,"australia,fiji,new zealand"
lg,"65QNED9#### (# can be A-Z, 0-9 or ""-"" or ""."" or blank)",163.896,65,led,678,available,3.0,"australia,fiji,new zealand"
lg,75QNED93ASA,189.34,75,led,806,available,3.5,"australia,fiji,new zealand"
lg,75QNED93A6A,189.34,75,led,806,available,3.5,"australia,fiji,new zealand"
lg,75QNED92A6A,189.34,75,led,806,available,3.5,"australia,fiji,new zealand"
lg,75QNED92ASA,189.34,75,led,806,available,3.5,"australia,fiji,new zealand"
lg,75QNED92AUA,189.34,75,led,806,available,3.5,"australia,fiji,new zealand"
lg,75QNED93AKA,189.34,75,led,806,available,3.5,"australia,fiji,new zealand"
lg,"75QNED9#### (# can be A-Z, 0-9 or ""-"" or “.” or blank)",189.34,75,led,806,available,3.5,"australia,fiji,new zealand"
hisense,40A4QAU,100.332,40,led,121,available,7.0,"australia,new zealand"
hisense,40A4QNZ,100.332,40,led,121,available,7.0,"australia,new zealand"
hisense,32A4QAU,80.039,32,led,89,available,6.0,"australia,new zealand"
hisense,32A4N,80.039,32,led,89,available,6.0,"australia,new zealand"
hisense,32A4QNZ,80.039,32,led,89,available,6.0,"australia,new zealand"
hisense,43Q6QAU,107.95,43,led,203,available,5.0,"australia,new zealand"
hisense,43Q6QNZ,107.95,43,led,203,available,5.0,"australia,new zealand"
hisense,50Q6QAU,125.731,50,led,239,available,5.5,"australia,new zealand"
hisense,50Q6QNZ,125.731,50,led,239,available,5.5,"australia,new zealand"
hisense,55Q6QAU,138.783,55,led,259,available,6.0,"australia,new zealand"
hisense,55Q6QNZ,138.783,55,led,259,available,6.0,"australia,new zealand"
hisense,65Q6QAU,163.896,65,led,399,available,5.5,"australia,new zealand"
hisense,65Q6QNZ,163.896,65,led,399,available,5.5,"australia,new zealand"
hisense,75Q6QAU,189.34,75,led,479,available,6.0,"australia,new zealand"
hisense,75Q6QNZ,189.34,75,led,479,available,6.0,"australia,new zealand"
hisense,75Q6N series,189.34,75,led,479,available,6.0,"australia,new zealand"
hisense,85Q6QAU,214.783,85,led,698,available,5.5,"australia,new zealand"
hisense,85Q6QNZ,214.783,85,led,698,available,5.5,"australia,new zealand"
hisense,65U7QAU,163.896,65,led,465,available,5.0,"australia,new zealand"
hisense,65U7QNZ,163.896,65,led,465,available,5.0,"australia,new zealand"
hisense,75U7QAU,189.34,75,led,579,available,5.0,"australia,new zealand"
hisense,75U7QNZ,189.34,75,led,579,available,5.0,"australia,new zealand"
hisense,85U7QAU,214.783,85,led,759,available,5.0,"australia,new zealand"
hisense,85U7QNZ,214.783,85,led,759,available,5.0,"australia,new zealand"
hisense,100U7QAU,252.784,100,led,888,available,5.5,"australia,new zealand"
hisense,100U7QNZ,252.784,100,led,888,available,5.5,"australia,new zealand"
lg,85QNED93ASA,214.783,85,led,952,available,4.0,"australia,fiji,new zealand"
lg,85QNED93A6A,214.783,85,led,952,available,4.0,"australia,fiji,new zealand"
lg,85QNED92A6A,214.783,85,led,952,available,4.0,"australia,fiji,new zealand"
lg,85QNED92ASA,214.783,85,led,952,available,4.0,"australia,fiji,new zealand"
lg,85QNED92AUA,214.783,85,led,952,available,4.0,"australia,fiji,new zealand"
lg,85QNED93AKA,214.783,85,led,952,available,4.0,"australia,fiji,new zealand"
lg,"85QNED9#### (# can be A-Z, 0-9 or ""-"" or ""."" or blank)",214.783,85,led,952,available,4.0,"australia,fiji,new zealand"
kogan,KAL24DH5400Q*,59.816,24,led,85,available,5.0,"australia,fiji,new zealand"
eko,K70USTW,176.538,70,led,690,available,3.5,"australia,fiji,new zealand"
coocaa,32E5500H,80.054,32,led,100,available,6.0,"australia,fiji,new zealand"
hisense,40A4Q,100.332,40,led,121,available,7.0,"australia,new zealand"
jvc,LT-40NQ5155A,100.305,40,led,151,available,6.0,"australia,fiji,new zealand"
linsar,LS70UHDNF23,176.537,70,led,397,available,6.0,australia
jvc,AV-AQ405165A,107.863,43,led,194,available,5.5,"australia,fiji,new zealand"
jvc,AV-JQ405155A,107.863,43,led,194,available,5.5,"australia,fiji,new zealand"
jvc,LT-43NQ7155A,107.863,43,led,194,available,5.5,"australia,fiji,new zealand"
jvc,AV-AQ405165A series,107.863,43,led,194,available,5.5,"australia,fiji,new zealand"
jvc,AV-A557155A,138.798,55,led,466,available,3.5,"australia,fiji,new zealand"
jvc,AV-J557155A,138.798,55,led,466,available,3.5,"australia,fiji,new zealand"
jvc,LT-55N7155A,138.798,55,led,466,available,3.5,"australia,fiji,new zealand"
jvc,LT-55N7165A,138.798,55,led,466,available,3.5,"australia,fiji,new zealand"
jvc,AV-A557155A series,138.798,55,led,466,available,3.5,"australia,fiji,new zealand"
jvc,AV-AE557155A,139.936,56,led,302,available,5.5,"australia,fiji,new zealand"
jvc,AV-JE557165A,139.936,56,led,302,available,5.5,"australia,fiji,new zealand"
jvc,LT-55NE7155A,139.936,56,led,302,available,5.5,"australia,fiji,new zealand"
jvc,AV-AE557155A series,139.936,56,led,302,available,5.5,"australia,fiji,new zealand"
jvc,AV-A657155A,163.829,65,led,640,available,3.5,"australia,fiji,new zealand"
jvc,AV-J657155A,163.829,65,led,640,available,3.5,"australia,fiji,new zealand"
jvc,LT-65N7165A,163.829,65,led,640,available,3.5,"australia,fiji,new zealand"
jvc,AV-A657155A series,163.829,65,led,640,available,3.5,"australia,fiji,new zealand"
jvc,AV-AE657155A,165.884,66,led,448,available,5.0,"australia,fiji,new zealand"
jvc,AV-JE657165A,165.884,66,led,448,available,5.0,"australia,fiji,new zealand"
jvc,LT-65NE7155A,165.884,66,led,448,available,5.0,"australia,fiji,new zealand"
jvc,AV-AE657155A series,165.884,66,led,448,available,5.0,"australia,fiji,new zealand"
eko,K320HGPB,80.054,32,led,127,available,5.0,"australia,fiji,new zealand"
linsar,LS60UHDNF25,152.678,61,lcd,320,available,6.0,"australia,fiji,new zealand"
aiwa,AWC400W,100.332,40,lcd,123,available,6.0,australia
philips,55PQT9020/79,138.783,55,led,532,available,3.0,"australia,fiji,new zealand"
samsung,QA43Q7FAAW,107.987,43,led,251,available,4.0,"australia,fiji,new zealand"
samsung,QA43Q7FAAS,107.987,43,led,251,available,4.0,"australia,fiji,new zealand"
samsung,QA43QEF1AW,107.987,43,led,251,available,4.0,"australia,fiji,new zealand"
samsung,QA43QEF1AS,107.987,43,led,251,available,4.0,"australia,fiji,new zealand"
samsung,QA43Q*F SERIES,107.987,43,led,251,available,4.0,"australia,fiji,new zealand"
samsung,QA50Q7FAAW,125.727,50,led,291,available,4.5,"australia,fiji,new zealand"
samsung,QA50Q7FAAS,125.727,50,led,291,available,4.5,"australia,fiji,new zealand"
samsung,QA50QEF1AW,125.727,50,led,291,available,4.5,"australia,fiji,new zealand"
samsung,QA50QEF1AS,125.727,50,led,291,available,4.5,"australia,fiji,new zealand"
samsung,QA50Q*F SERIES,125.727,50,led,291,available,4.5,"australia,fiji,new zealand"
tcl,98C7K,247.604,98,led,800,available,6.0,"australia,fiji,new zealand"
lg,55QNED70A6A,138.783,55,led,338,available,5.0,"australia,new zealand"
lg,55QNED70ASA,138.783,55,led,338,available,5.0,"australia,new zealand"
lg,65QNED70A6A,163.897,65,led,433,available,5.0,"australia,new zealand"
lg,65QNED70ASA,163.897,65,led,433,available,5.0,"australia,new zealand"
toshiba,55Z670RP,138.783,55,led,305,available,5.5,australia
toshiba,65Z670RP,163.896,65,led,416,available,5.5,australia
toshiba,75Z670RP,189.34,75,led,489,available,6.0,australia
toshiba,85Z670RP,214.783,85,led,688,available,5.5,australia
samsung,QA55QN3EFAW,138.783,55,led,416,available,4.0,"australia,fiji,new zealand"
samsung,QA55QN3EFAS,138.783,55,led,416,available,4.0,"australia,fiji,new zealand"
samsung,QA55QN3EFA*,138.783,55,led,416,available,4.0,"australia,fiji,new zealand"
philips,65OLED789/98,163.878,65,oled,493,available,4.5,"australia,fiji,new zealand"
samsung,QA65QN3EFAS,163.897,65,led,499,available,4.5,"australia,fiji,new zealand"
philips,55OLED789/98,138.798,55,oled,391,available,4.0,"australia,fiji,new zealand"
samsung,QA65LST7TAW,163.829,65,led,992,available,1.5,"australia,fiji,new zealand"
samsung,QA75LST7TAW,189.306,75,led,1244,available,1.5,"australia,fiji,new zealand"
bauhn,ATV75UHDT-0725,189.34,75,lcd,485,available,6.0,australia
samsung,UA75U8000FW,189.338,75,led,499,available,5.5,"australia,fiji,new zealand"
samsung,UA75U8000FS,189.338,75,led,499,available,5.5,"australia,fiji,new zealand"
samsung,UA75U8500FW,189.338,75,led,499,available,5.5,"australia,fiji,new zealand"
samsung,UA75U8500FS,189.338,75,led,499,available,5.5,"australia,fiji,new zealand"
samsung,UA75UE100FS,189.338,75,led,499,available,5.5,"australia,fiji,new zealand"
samsung,UA75U**00F*,189.338,75,led,499,available,5.5,"australia,fiji,new zealand"
samsung,UA65UE100FS,163.897,65,led,416,available,5.5,"australia,fiji,new zealand"
samsung,UA65U**00F*,163.897,65,led,416,available,5.5,"australia,fiji,new zealand"
samsung,UA65U8000FW,163.897,65,led,416,available,5.5,"australia,fiji,new zealand"
samsung,UA65U8000FS,163.897,65,led,416,available,5.5,"australia,fiji,new zealand"
samsung,UA65U8500FW,163.897,65,led,416,available,5.5,"australia,fiji,new zealand"
samsung,UA65U8500FS,163.897,65,led,416,available,5.5,"australia,fiji,new zealand"
samsung,UA55U8500FW,138.783,55,led,291,available,5.5,"australia,fiji,new zealand"
samsung,UA55U8500FS,138.783,55,led,291,available,5.5,"australia,fiji,new zealand"
samsung,UA55UE100FS,138.783,55,led,291,available,5.5,"australia,fiji,new zealand"
samsung,UA55U**00F*,138.783,55,led,291,available,5.5,"australia,fiji,new zealand"
samsung,UA55U8000FW,138.783,55,led,291,available,5.5,"australia,fiji,new zealand"
samsung,UA55U8000FS,138.783,55,led,291,available,5.5,"australia,fiji,new zealand"
samsung,UA43UE100FS,107.987,43,led,251,available,4.0,"australia,fiji,new zealand"
samsung,UA43U**00F*,107.987,43,led,251,available,4.0,"australia,fiji,new zealand"
samsung,UA43U8000FW,107.987,43,led,251,available,4.0,"australia,fiji,new zealand"
samsung,UA43U8000FS,107.987,43,led,251,available,4.0,"australia,fiji,new zealand"
samsung,UA43U8500FW,107.987,43,led,251,available,4.0,"australia,fiji,new zealand"
samsung,UA43U8500FS,107.987,43,led,251,available,4.0,"australia,fiji,new zealand"
samsung,UA50U8000FW,125.727,50,led,262,available,5.0,"australia,fiji,new zealand"
samsung,UA50U8000FS,125.727,50,led,262,available,5.0,"australia,fiji,new zealand"
samsung,UA50U8500FW,125.727,50,led,262,available,5.0,"australia,fiji,new zealand"
samsung,UA50U8500FS,125.727,50,led,262,available,5.0,"australia,fiji,new zealand"
samsung,UA50UE100FS,125.727,50,led,262,available,5.0,"australia,fiji,new zealand"
samsung,UA50U**00F*,125.727,50,led,262,available,5.0,"australia,fiji,new zealand"
samsung,UA85UE100FS,214.783,85,led,521,available,6.0,"australia,fiji,new zealand"
samsung,UA85U**00F*,214.783,85,led,521,available,6.0,"australia,fiji,new zealand"
samsung,UA85U8000FW,214.783,85,led,521,available,6.0,"australia,fiji,new zealand"
samsung,UA85U8000FS,214.783,85,led,521,available,6.0,"australia,fiji,new zealand"
samsung,UA85U8500FW,214.783,85,led,521,available,6.0,"australia,fiji,new zealand"
samsung,UA85U8500FS,214.783,85,led,521,available,6.0,"australia,fiji,new zealand"
ffalcon,FF43U65,107.95,43,led,175,available,5.5,"australia,fiji,new zealand"
ffalcon,FF50U65,125.638,50,led,205,available,6.0,"australia,fiji,new zealand"
ffalcon,FF55U65,138.711,55,led,261,available,6.0,"australia,fiji,new zealand"
ffalcon,FF65U65,163.829,65,led,320,available,6.0,"australia,fiji,new zealand"
ffalcon,FF75U65,189.306,75,led,400,available,6.0,"australia,fiji,new zealand"
hisense,55U7N series,138.783,55,led,379,available,4.5,"australia,new zealand"
hisense,55U7QAU,138.783,55,led,379,available,4.5,"australia,new zealand"
hisense,55U7QNZ,138.783,55,led,379,available,4.5,"australia,new zealand"
hisense,65U7Q series,163.896,65,led,465,available,5.0,"australia,new zealand"
coocaa,55G6500H,138.783,55,led,280,available,5.5,"australia,fiji,new zealand"
hisense,85U7Q series,214.783,85,led,759,available,5.0,"australia,new zealand"
hisense,100U7Q series,252.784,100,led,888,available,5.5,"australia,new zealand"
hisense,75U7Q series,189.34,75,led,579,available,5.0,"australia,new zealand"
samsung,QA98QN990FW,247.688,98,led,1310,available,3.5,"australia,fiji,new zealand"
samsung,QA98QN990FS,247.688,98,led,1310,available,3.5,"australia,fiji,new zealand"
samsung,QA98QN990F*,247.688,98,led,1310,available,3.5,"australia,fiji,new zealand"
kogan,KALED50U95VA,125.725,50,led,247,available,5.5,"australia,fiji,new zealand"
kogan,KALED50U95VB,125.725,50,led,247,available,5.5,"australia,fiji,new zealand"
kogan,KALED50U95VC,125.725,50,led,247,available,5.5,"australia,fiji,new zealand"
kogan,KALED50U95V series,125.725,50,led,247,available,5.5,"australia,fiji,new zealand"
hisense,43Q6Q series,107.95,43,led,203,available,5.0,"australia,new zealand"
hisense,50Q6Q series,125.731,50,led,239,available,5.5,"australia,new zealand"
hisense,55Q6Q series,138.783,55,led,259,available,6.0,"australia,new zealand"
hisense,65Q6Q series,163.896,65,led,399,available,5.5,"australia,new zealand"
hisense,85Q6Q series,214.783,85,led,698,available,5.5,"australia,new zealand"
tcl,85X11K,214.783,85,led,980,available,3.5,"australia,fiji,new zealand"
tcl,115C7K,290.719,115,led,1100,available,6.0,"australia,fiji,new zealand"
akai,AK4022S7WOS,100.336,40,lcd,150,available,6.0,"australia,fiji,new zealand"
tcl,32S5K,79.967,32,led,130,available,5.0,"australia,fiji,new zealand"
tcl,40S5K,100.305,40,led,140,available,6.0,"australia,fiji,new zealand"
skyworth,SW55G4F,138.783,55,led,260,available,6.0,"australia,fiji,new zealand"
lg,32LR655BPSA,80.043,32,led,112,available,5.5,"australia,new zealand"
hisense,65Q7QAU,163.896,65,led,416,available,5.5,"australia,new zealand"
hisense,65Q7QNZ,163.896,65,led,416,available,5.5,"australia,new zealand"
hisense,75Q7QAU,189.34,75,led,489,available,6.0,"australia,new zealand"
hisense,75Q7QNZ,189.34,75,led,489,available,6.0,"australia,new zealand"
hisense,85Q7QAU,214.783,85,led,698,available,5.5,"australia,new zealand"
hisense,85Q7QNZ,214.783,85,led,698,available,5.5,"australia,new zealand"
hisense,100Q7QAU,252.784,100,led,955,available,5.5,"australia,new zealand"
hisense,100Q7QNZ,252.784,100,led,955,available,5.5,"australia,new zealand"
hisense,65Q7Q series,163.896,65,led,416,available,5.5,"australia,new zealand"
hisense,75Q7Q series,189.34,75,led,489,available,6.0,"australia,new zealand"
hisense,85Q7Q series,214.783,85,led,698,available,5.5,"australia,new zealand"
hisense,100Q7Q series,252.784,100,led,955,available,5.5,"australia,new zealand"
kogan,KAQL85WQ98GSVA,214.783,85,led,863,available,4.5,"australia,fiji,new zealand"
kogan,KAQL85WQ98GSVB,214.783,85,led,863,available,4.5,"australia,fiji,new zealand"
kogan,KAQL85WQ98GSVC,214.783,85,led,863,available,4.5,"australia,fiji,new zealand"
kogan,KAQL85 series,214.783,85,led,863,available,4.5,"australia,fiji,new zealand"
svision,SV500FTS,125.731,50,led,224,available,6.0,"australia,fiji,new zealand"
zen tv,ZEN 3202,79.831,32,led,134,available,4.5,"australia,new zealand"
zen tv,ZEN 3201,79.831,32,led,134,available,4.5,"australia,new zealand"
zen tv,ZEN2401,60.934,24,lcd,81,available,5.0,"australia,new zealand"
hisense,65U8QAU,163.896,65,led,520,available,4.5,"australia,new zealand"
hisense,65U8QNZ,163.896,65,led,520,available,4.5,"australia,new zealand"
hisense,75U8QAU,189.34,75,led,679,available,4.5,"australia,new zealand"
hisense,85U8QAU,214.783,85,led,780,available,5.0,"australia,new zealand"
hisense,65U8Q Series,163.896,65,led,520,available,4.5,"australia,new zealand"
hisense,75U8QNZ,189.34,75,led,679,available,4.5,"australia,new zealand"
hisense,75U8Q Series,189.34,75,led,679,available,4.5,"australia,new zealand"
hisense,85U8QNZ,214.783,85,led,780,available,5.0,"australia,new zealand"
hisense,85U8Q,214.783,85,led,780,available,5.0,"australia,new zealand"
lg,75QNED70A6A,189.275,75,led,605,available,5.0,"australia,new zealand"
lg,75QNED70ASA,189.275,75,led,605,available,5.0,"australia,new zealand"
chiq,U75M10F,189.34,75,lcd,532,available,5.5,"australia,fiji,new zealand"
aiwa,AWS650WG,163.896,65,led,357,available,6.0,australia
zen tv,ZEN 2402,59.54,24,lcd,90,available,4.5,"australia,new zealand"
toshiba,65Z770RP,163.896,65,led,520,available,4.5,"australia,new zealand"
toshiba,75Z770RP,189.34,75,led,548,available,5.5,australia
toshiba,85Z770RP,214.783,85,led,666,available,5.5,"australia,new zealand"
rca,RT-24G01A,59.54,24,lcd,90,available,4.5,"australia,new zealand"
kogan,KAQL75WQ98GSVA,189.306,75,led,542,available,5.5,"australia,fiji,new zealand"
kogan,KAQL75WQ98GSVB,189.306,75,led,542,available,5.5,"australia,fiji,new zealand"
kogan,KAQL75WQ98GSVC,189.306,75,led,542,available,5.5,"australia,fiji,new zealand"
kogan,KAQL75WQ98 series,189.306,75,led,542,available,5.5,"australia,fiji,new zealand"
akai,AK40FHDZEN,100.337,40,led,137,available,6.0,"australia,fiji,new zealand"
kogan,KAQL75MQ8TA,189.34,75,led,531,available,5.5,"australia,new zealand"
kogan,KAQL75MQ8TB,189.34,75,led,531,available,5.5,"australia,new zealand"
kogan,KAQL75MQ8TC,189.34,75,led,531,available,5.5,"australia,new zealand"
kogan,KAQL75MQ8TD,189.34,75,led,531,available,5.5,"australia,new zealand"
kogan,LED (backlighting) TV,189.34,75,led,531,available,5.5,"australia,new zealand"
coocaa,40E5500H,100.34,40,led,135,available,6.0,"australia,fiji,new zealand"
kogan,KAQL65MQ8TA,163.896,65,led,436,available,5.0,"australia,new zealand"
kogan,KAQL65MQ8TB,163.896,65,led,436,available,5.0,"australia,new zealand"
kogan,KAQL65MQ8TC,163.896,65,led,436,available,5.0,"australia,new zealand"
kogan,KAQL65MQ8TD,163.896,65,led,436,available,5.0,"australia,new zealand"
kogan,KAQL65MQ8TE,163.896,65,led,436,available,5.0,"australia,new zealand"
kogan,LED (backlighting) TV,163.896,65,led,436,available,5.0,"australia,new zealand"
veon,VNG3F55,138.783,55,led,304,available,5.5,"australia,fiji,new zealand"
veon,VNG3F5525,138.783,55,led,304,available,5.5,"australia,fiji,new zealand"
veon,VNG3F55 Serise,138.783,55,led,304,available,5.5,"australia,fiji,new zealand"
kogan,KAQL75MQ8TE,189.34,75,led,531,available,5.5,"australia,new zealand"
skyworth,40E5500H,100.342,40,led,140,available,6.0,"australia,fiji,new zealand"
lg,32LR650BPSA,80.043,32,led,112,available,5.5,"australia,new zealand"
kogan,KAQL55MQ8TA,138.783,55,led,378,available,4.5,"australia,new zealand"
kogan,KAQL55MQ8TB,138.783,55,led,378,available,4.5,"australia,new zealand"
kogan,KAQL55MQ8TC,138.783,55,led,378,available,4.5,"australia,new zealand"
kogan,KAQL55MQ8TD,138.783,55,led,378,available,4.5,"australia,new zealand"
kogan,KAQL55MQ8TE,138.783,55,led,378,available,4.5,"australia,new zealand"
kogan,LED (backlighting) TV,138.783,55,led,378,available,4.5,"australia,new zealand"
linsar,LS24HDNFB,59.827,24,led,59,available,6.0,australia
linsar,LS32HDNFB,80.043,32,led,60,available,8.0,australia
chiq,L40M10,100.332,40,led,152,available,5.5,"australia,fiji,new zealand"
chiq,L32M10,80.039,32,led,112,available,5.5,"australia,fiji,new zealand"
chiq,U65QM10,163.896,65,led,520,available,4.5,"australia,fiji,new zealand"
chiq,U65M10F,163.896,65,led,371,available,6.0,"australia,fiji,new zealand"
chiq,L40G5AU,100.305,40,led,148,available,6.0,"australia,fiji,new zealand"
dgtec,DG70UHDW22041,176.535,70,lcd,397,available,6.0,"australia,new zealand"
aiwa,AWS400G2,100.332,40,led,152,available,5.5,australia
toshiba,55C350RP,138.783,55,led,259,available,6.0,"australia,new zealand"
toshiba,65C350RP,163.896,65,led,321,available,6.0,australia
toshiba,75C350RP,189.34,75,led,345,available,7.0,australia
toshiba,85C350RP,214.783,85,led,624,available,6.0,australia
kogan,KALED55U95TB,138.783,55,led,441,available,3.5,"australia,new zealand"
kogan,KALED55U95TC,138.783,55,led,441,available,3.5,"australia,new zealand"
kogan,KALED55U95TD,138.783,55,led,441,available,3.5,"australia,new zealand"
kogan,KALED55U95TE,138.783,55,led,441,available,3.5,"australia,new zealand"
kogan,KALED55U95TF,138.783,55,led,441,available,3.5,"australia,new zealand"
kogan,LED (backlighting) TV,138.783,55,led,441,available,3.5,"australia,new zealand"
kogan,KAQL32FQ9TA,80.039,32,led,116,available,5.5,"australia,new zealand"
kogan,KAQL32FQ9TB,80.039,32,led,116,available,5.5,"australia,new zealand"
kogan,KAQL32FQ9TC,80.039,32,led,116,available,5.5,"australia,new zealand"
kogan,KAQL32FQ9TD,80.039,32,led,116,available,5.5,"australia,new zealand"
kogan,KAQL32FQ9TE,80.039,32,led,116,available,5.5,"australia,new zealand"
kogan,LED (backlighting) TV,80.039,32,led,116,available,5.5,"australia,new zealand"
tcl,98X11K,247.604,98,led,1350,available,3.5,"australia,fiji,new zealand"
kogan,KAOD55X98JSVA,138.711,55,led,422,available,4.0,"australia,fiji,new zealand"
kogan,KAOD55X98JSVB,138.711,55,led,422,available,4.0,"australia,fiji,new zealand"
kogan,KAOD55X98JSVC,138.711,55,led,422,available,4.0,"australia,fiji,new zealand"
kogan,KAOD55X98JSV series,138.711,55,led,422,available,4.0,"australia,fiji,new zealand"
kogan,KAOD65X98JSVA,163.829,65,led,448,available,5.0,"australia,fiji,new zealand"
kogan,KAOD65X98JSVB,163.829,65,led,448,available,5.0,"australia,fiji,new zealand"
kogan,KAOD65X98JSVC,163.829,65,led,448,available,5.0,"australia,fiji,new zealand"
kogan,KAOD65X98JSV series,163.829,65,led,448,available,5.0,"australia,fiji,new zealand"
ffalcon,FF32S55,79.967,32,led,130,available,5.0,"australia,fiji,new zealand"
ffalcon,FF40S55,100.305,40,led,140,available,6.0,"australia,fiji,new zealand"
samsung,BE43FX-H,107.987,43,led,251,available,4.0,"australia,fiji,new zealand"
samsung,BE50FX-H,125.727,50,led,262,available,5.0,"australia,fiji,new zealand"
samsung,BE55FX-H,138.783,55,led,291,available,5.5,"australia,fiji,new zealand"
skyworth,SW43G3F,107.987,43,led,212,available,5.0,"australia,new zealand"
skyworth,SW55G3F,138.783,55,led,260,available,6.0,"australia,new zealand"
skyworth,85Q6600H,217.425,86,led,730,available,5.0,"australia,fiji,new zealand"
bauhn,ATV50UHDT-0825,125.725,50,led,220,available,6.0,australia
sylvox,OT55A6KOEC,138.783,55,lcd,300,available,5.5,"australia,fiji,new zealand"
hisense,50U6QAU PRO,125.731,50,led,285,available,5.0,"australia,new zealand"
hisense,50U6QNZ PRO,125.731,50,led,285,available,5.0,"australia,new zealand"
hisense,55U6QAU PRO,138.783,55,led,399,available,4.0,"australia,new zealand"
hisense,55U6QNZ PRO,138.783,55,led,399,available,4.0,"australia,new zealand"
hisense,65U6QAU PRO,163.896,65,led,439,available,5.0,"australia,new zealand"
hisense,65U6QNZ PRO,163.896,65,led,439,available,5.0,"australia,new zealand"
hisense,75U6QAU PRO,189.34,75,led,539,available,5.5,australia
hisense,75U6QNZ PRO,189.34,75,led,539,available,5.5,australia
hisense,85U6QAU PRO,214.783,85,led,618,available,6.0,"australia,new zealand"
hisense,85U6QNZ PRO,214.783,85,led,618,available,6.0,"australia,new zealand"
hisense,100U6QAU PRO,252.784,100,led,988,available,5.0,"australia,new zealand"
hisense,100U6QNZ PRO,252.784,100,led,988,available,5.0,"australia,new zealand"
hisense,75S7QAU,189.34,75,led,489,available,6.0,"australia,new zealand"
hisense,75S7QNZ,189.34,75,led,489,available,6.0,"australia,new zealand"
hisense,50U6Q PRO Series,125.731,50,led,285,available,5.0,"australia,new zealand"
hisense,75S7Q Series,189.34,75,led,489,available,6.0,"australia,new zealand"
samsung,BE65FX-H,163.897,65,led,416,available,5.5,"australia,fiji,new zealand"
samsung,BE75FX-H,189.338,75,led,499,available,5.5,"australia,fiji,new zealand"
samsung,BE85FX-H,214.783,85,led,521,available,6.0,"australia,fiji,new zealand"
hisense,55U6Q PRO series,138.783,55,led,399,available,4.0,"australia,new zealand"
hisense,65U6Q PRO series,163.896,65,led,439,available,5.0,"australia,new zealand"
hisense,75U6Q PRO series,189.34,75,led,539,available,5.5,australia
hisense,85U6Q PRO series,214.783,85,led,618,available,6.0,"australia,new zealand"
hisense,100U6Q PRO series,252.784,100,led,988,available,5.0,"australia,new zealand"
skyworth,75Q6600H,189.338,75,led,590,available,5.0,"australia,fiji,new zealand"
skyworth,SW65G4F,163.897,65,led,490,available,4.5,"australia,new zealand"
samsung,HG43U800FAW,107.986,43,led,244,available,4.0,"australia,fiji,new zealand"
samsung,HG50U800FAW,125.727,50,led,270,available,5.0,"australia,fiji,new zealand"
samsung,HG55U800FAW,138.783,55,led,299,available,5.5,"australia,fiji,new zealand"
samsung,HG65U800FAW,163.897,65,led,379,available,5.5,"australia,fiji,new zealand"
samsung,HG75U800FAW,189.338,75,led,514,available,5.5,"australia,fiji,new zealand"
samsung,HG85U800FAW,214.783,85,led,602,available,6.0,"australia,fiji,new zealand"
chiq,U43QM10,107.987,43,led,214,available,5.0,"australia,fiji,new zealand"
sylvox,OT55KOC,138.783,55,lcd,300,available,5.5,"australia,fiji,new zealand"
sylvox,"OT55A6KOEC, OT55KOC",138.783,55,lcd,300,available,5.5,"australia,fiji,new zealand"
sylvox,OT65A6KOEC,163.896,65,lcd,390,available,5.5,"australia,fiji,new zealand"
sylvox,OT65KOC,163.896,65,lcd,390,available,5.5,"australia,fiji,new zealand"
sylvox,OT75A6KOEC,189.34,75,lcd,495,available,5.5,"australia,fiji,new zealand"
sylvox,OT75KOC,189.34,75,lcd,495,available,5.5,"australia,fiji,new zealand"
sylvox,"OT65A6KOEC, OT65KOC",163.896,65,lcd,390,available,5.5,"australia,fiji,new zealand"
sylvox,"OT75A6KOEC, OT75KOC",189.34,75,lcd,495,available,5.5,"australia,fiji,new zealand"
chiq,U50QM10,125.731,50,led,265,available,5.0,"australia,fiji,new zealand"
chiq,U55M10F,138.783,55,led,295,available,5.5,"australia,fiji,new zealand"
chiq,U75QM10,189.34,75,led,543,available,5.5,"australia,fiji,new zealand"
lg,43UK660H0LA,107.987,43,led,170,available,6.0,"australia,new zealand"
lg,50UK660H0LA,125.727,50,led,196,available,6.0,"australia,new zealand"
lg,55UK660H0LA,138.783,55,led,200,available,7.0,"australia,new zealand"
lg,65UK660H0LA,163.897,65,led,247,available,7.0,"australia,new zealand"
linsar,LS85UHDZEN25S,214.783,85,led,615,available,6.0,australia
skyworth,65X8700G,163.897,65,led,450,available,5.0,"australia,fiji,new zealand"
akai,AK40FHDZEN,100.337,40,led,137,available,6.0,"australia,fiji,new zealand"
akai,AK50UHDZEN,125.731,50,led,221,available,6.0,"australia,fiji,new zealand"
kogan,KALED43U95VA,107.95,43,led,269,available,4.0,"australia,fiji,new zealand"
kogan,KALED43U95VB,107.95,43,led,269,available,4.0,"australia,fiji,new zealand"
kogan,KALED43U95VC,107.95,43,led,269,available,4.0,"australia,fiji,new zealand"
kogan,KAQL65XQ98GSVA,163.829,65,led,634,available,3.5,"australia,fiji,new zealand"
kogan,KAQL65XQ98GSVB,163.829,65,led,634,available,3.5,"australia,fiji,new zealand"
kogan,KAQL65XQ98GSVC,163.829,65,led,634,available,3.5,"australia,fiji,new zealand"
kogan,KAQL65XQ98****,163.829,65,led,634,available,3.5,"australia,fiji,new zealand"
skyworth,55Q7700G,138.783,55,led,304,available,5.5,"australia,fiji,new zealand"
skyworth,43E5500H,107.956,43,led,173,available,6.0,"australia,fiji,new zealand"
skyworth,65Q7700G,163.897,65,led,465,available,5.0,"australia,fiji,new zealand"
eko,K75USTW,189.34,75,led,682,available,4.5,"australia,fiji,new zealand"
kogan,KALED43U95****,107.95,43,led,269,available,4.0,"australia,fiji,new zealand"
kogan,KALD24DH67NA,59.824,24,lcd,83,available,5.0,"australia,fiji,new zealand"
kogan,*24*,59.824,24,lcd,83,available,5.0,"australia,fiji,new zealand"
samsung,QA115QN90FW,290.784,115,led,1565,available,4.5,"australia,fiji,new zealand"
samsung,QA115QN90FS,290.784,115,led,1565,available,4.5,"australia,fiji,new zealand"
samsung,QA115QN90F*,290.784,115,led,1565,available,4.5,"australia,fiji,new zealand"
kogan,KALD24D97SNA,59.824,24,lcd,83,available,5.0,"australia,fiji,new zealand"
jvc,LT-42NQ5155AJ,105.415,42,led,200,available,5.0,australia
kogan,KALD32D97SNA,80.039,32,lcd,131,available,5.0,"australia,fiji,new zealand"
aoa,LTG43UHD,107.987,43,led,185,available,5.5,"australia,fiji,new zealand"
samsung,UA32F6000FW,80.008,32,led,134,available,4.5,"australia,fiji,new zealand"
samsung,UA32F6000FS,80.008,32,led,134,available,4.5,"australia,fiji,new zealand"
samsung,S32F6000FW,80.008,32,led,134,available,4.5,"australia,fiji,new zealand"
samsung,S32F6000FS,80.008,32,led,134,available,4.5,"australia,fiji,new zealand"
samsung,**32F6000F*,80.008,32,led,134,available,4.5,"australia,fiji,new zealand"
lg,OLED48G5PSA,120.721,48,oled,229,available,5.5,"australia,new zealand"
lg,OLED48G56LS,120.721,48,oled,229,available,5.5,"australia,new zealand"
skyworth,32LP70G,80.054,32,led,127,available,5.0,"australia,fiji,new zealand"
englaon,LED65M10,163.896,65,led,740,available,2.5,"australia,new zealand"
englaon,LED55M10,138.783,55,led,530,available,3.0,"australia,new zealand"
toshiba,50C350RP,125.731,50,led,228,available,6.0,australia
kogan,KALD24DH67NB,59.824,24,lcd,83,available,5.0,"australia,fiji,new zealand"
kogan,KALD24DH67NC,59.824,24,lcd,83,available,5.0,"australia,fiji,new zealand"
kogan,KALD24DH67ND,59.824,24,lcd,83,available,5.0,"australia,fiji,new zealand"
kogan,KALD24D97SNB,59.824,24,lcd,83,available,5.0,"australia,fiji,new zealand"
kogan,KALD24D97SNC,59.824,24,lcd,83,available,5.0,"australia,fiji,new zealand"
kogan,KALD24D97SND,59.824,24,lcd,83,available,5.0,"australia,fiji,new zealand"
kogan,*24*,59.824,24,lcd,83,available,5.0,"australia,fiji,new zealand"
kogan,KALD32D97SNB,80.039,32,lcd,131,available,5.0,"australia,fiji,new zealand"
kogan,KALD32D97SNC,80.039,32,lcd,131,available,5.0,"australia,fiji,new zealand"
kogan,KALD32D97SND,80.039,32,lcd,131,available,5.0,"australia,fiji,new zealand"
kogan,*32*,80.039,32,lcd,131,available,5.0,"australia,fiji,new zealand"
blaupunkt,BP24WOSDVD,60.47,24,led,88,available,4.5,"australia,fiji,new zealand"
skyworth,SW32LP70G,80.054,32,led,127,available,5.0,"australia,fiji,new zealand"
kogan,KAQL55T97QA,138.783,55,lcd,427,available,4.0,"australia,fiji,new zealand"
kogan,KAQL55T97QB,138.783,55,lcd,427,available,4.0,"australia,fiji,new zealand"
kogan,KAQL55T97QC,138.783,55,lcd,427,available,4.0,"australia,fiji,new zealand"
kogan,KAQL55T97QD,138.783,55,lcd,427,available,4.0,"australia,fiji,new zealand"
kogan,KAQL55T97Q*,138.783,55,lcd,427,available,4.0,"australia,fiji,new zealand"
kogan,KAQL65T97QA,163.896,65,lcd,651,available,3.5,"australia,fiji,new zealand"
kogan,KAQL65T97QB,163.896,65,lcd,651,available,3.5,"australia,fiji,new zealand"
kogan,KAQL65T97QC,163.896,65,lcd,651,available,3.5,"australia,fiji,new zealand"
kogan,KAQL65T97QD,163.896,65,lcd,651,available,3.5,"australia,fiji,new zealand"
kogan,KAQL65T97Q*,163.896,65,lcd,651,available,3.5,"australia,fiji,new zealand"
coocaa,50G6500H,125.727,50,led,230,available,5.5,"australia,fiji,new zealand"
eko,K43FST,108.593,43,led,184,available,5.5,"australia,fiji,new zealand"
toshiba,43C350RP,107.986,43,led,194,available,5.5,australia
hisense,100U8QAU,252.784,100,led,1028,available,5.0,"australia,new zealand"
hisense,100U8QNZ,252.784,100,led,1028,available,5.0,"australia,new zealand"
hisense,100UXAU,252.784,100,led,1058,available,5.0,"australia,new zealand"
hisense,100UXNZ,252.784,100,led,1058,available,5.0,"australia,new zealand"
hisense,100U8Q series,252.784,100,led,1028,available,5.0,"australia,new zealand"
hisense,100UX series,252.784,100,led,1058,available,5.0,"australia,new zealand"
hisense,116UXAU,293.372,116,led,1148,available,6.0,"australia,new zealand"
hisense,116UXNZ,293.372,116,led,1148,available,6.0,"australia,new zealand"
hisense,116UX series,293.372,116,led,1148,available,6.0,"australia,new zealand"
lg,65UK760H0SD,163.897,65,led,462,available,5.0,"australia,new zealand"
hyundai,H75UHDQLDZEN,189.34,75,led,451,available,6.0,"australia,fiji,new zealand"
coocaa,60G6500H,152.663,61,led,300,available,6.0,"australia,fiji,new zealand"
lg,55UK767H0SA,138.783,55,led,295,available,5.5,"australia,new zealand"
samsung,HG43U700FAW,107.987,43,led,215,available,5.0,"australia,fiji,new zealand"
samsung,HG50U700FAW,125.727,50,led,244,available,5.5,"australia,fiji,new zealand"
kogan,KAL40F98TA,100.332,40,led,167,available,5.5,"australia,fiji,new zealand"
kogan,KAL40F98TB,100.332,40,led,167,available,5.5,"australia,fiji,new zealand"
kogan,KAL40F98TC,100.332,40,led,167,available,5.5,"australia,fiji,new zealand"
kogan,KAL40F98TD,100.332,40,led,167,available,5.5,"australia,fiji,new zealand"
kogan,KAL40F98TE,100.332,40,led,167,available,5.5,"australia,fiji,new zealand"
kogan,KAL40F98T*,100.332,40,led,167,available,5.5,"australia,fiji,new zealand"
samsung,HG55U700FAW,138.783,55,led,251,available,6.0,"australia,fiji,new zealand"
samsung,HG65U700FAW,163.897,65,led,350,available,6.0,"australia,fiji,new zealand"
samsung,HG75U700FAW,189.338,75,led,434,available,6.0,"australia,fiji,new zealand"
dgtec,DG55UHDW-23352,138.401,55,lcd,270,available,6.0,"australia,fiji,new zealand"
aiwa,AWCD24DW,60.47,24,led,88,available,4.5,australia
kogan,KAQL50Q97TA,125.731,50,led,422,available,3.0,"australia,fiji,new zealand"
kogan,KAQL50Q97TB,125.731,50,led,422,available,3.0,"australia,fiji,new zealand"
kogan,KAQL50Q97TC,125.731,50,led,422,available,3.0,"australia,fiji,new zealand"
kogan,KAQL50Q97TD,125.731,50,led,422,available,3.0,"australia,fiji,new zealand"
kogan,KAQL50Q97TE,125.731,50,led,422,available,3.0,"australia,fiji,new zealand"
kogan,KAQL50Q97T*,125.731,50,led,422,available,3.0,"australia,fiji,new zealand"
eko,K430FGT,108.135,43,lcd,196,available,5.0,"australia,fiji,new zealand"
bauhn,ATV70UHDW-0625,176.537,70,led,397,available,6.0,australia
bauhn,ATV70UHDW-0325,176.537,70,led,397,available,6.0,australia
bauhn,ATV70UHDW-1025,176.537,70,led,397,available,6.0,australia
bauhn,ATV70UHDW-****,176.537,70,led,397,available,6.0,australia
kogan,KAQL55Q97TA,138.783,55,led,513,available,3.0,"australia,fiji,new zealand"
kogan,KAQL55Q97TB,138.783,55,led,513,available,3.0,"australia,fiji,new zealand"
kogan,KAQL55Q97TC,138.783,55,led,513,available,3.0,"australia,fiji,new zealand"
kogan,KAQL55Q97TD,138.783,55,led,513,available,3.0,"australia,fiji,new zealand"
kogan,KAQL55Q97TE,138.783,55,led,513,available,3.0,"australia,fiji,new zealand"
kogan,KAQL55Q97T*,138.783,55,led,513,available,3.0,"australia,fiji,new zealand"
kogan,KAQL65Q97TA,163.896,65,led,696,available,3.0,"australia,fiji,new zealand"
kogan,KAQL65Q97TB,163.896,65,led,696,available,3.0,"australia,fiji,new zealand"
kogan,KAQL65Q97TC,163.896,65,led,696,available,3.0,"australia,fiji,new zealand"
kogan,KAQL65Q97TD,163.896,65,led,696,available,3.0,"australia,fiji,new zealand"
kogan,KAQL65Q97TE,163.896,65,led,696,available,3.0,"australia,fiji,new zealand"
kogan,KAQL65Q97T*,163.896,65,led,696,available,3.0,"australia,fiji,new zealand"
kogan,KALED75U95TB,189.34,75,led,685,available,4.5,"australia,fiji,new zealand"
kogan,KALED75U95TC,189.34,75,led,685,available,4.5,"australia,fiji,new zealand"
kogan,KALED75U95TD,189.34,75,led,685,available,4.5,"australia,fiji,new zealand"
kogan,KALED75U95TE,189.34,75,led,685,available,4.5,"australia,fiji,new zealand"
kogan,KALED75U95TF,189.34,75,led,685,available,4.5,"australia,fiji,new zealand"
kogan,KALED75U95T*,189.34,75,led,685,available,4.5,"australia,fiji,new zealand"
kogan,KAL32R98TA,80.039,32,led,116,available,5.5,"australia,fiji,new zealand"
kogan,KAL32R98TB,80.039,32,led,116,available,5.5,"australia,fiji,new zealand"
kogan,KAL32R98TC,80.039,32,led,116,available,5.5,"australia,fiji,new zealand"
kogan,KAL32R98TD,80.039,32,led,116,available,5.5,"australia,fiji,new zealand"
kogan,KAL32R98TE,80.039,32,led,116,available,5.5,"australia,fiji,new zealand"
kogan,KAL32R98T*,80.039,32,led,116,available,5.5,"australia,fiji,new zealand"
lg,65UK762H0LB,163.897,65,led,389,available,5.5,"australia,new zealand"
lg,43UK762H0LB,107.987,43,led,240,available,4.5,"australia,new zealand"
lg,50UK762H0LB,125.727,50,led,251,available,5.5,"australia,new zealand"
lg,55UK762H0LB,138.783,55,led,349,available,4.5,"australia,new zealand"
tenet,T-185J201,47.013,19,led,58,available,5.0,australia
skyworth,60Q6600H,152.663,61,led,280,available,6.0,"australia,fiji,new zealand"
jvc,LT-43NQ5165A,107.95,43,led,163,available,6.0,"australia,fiji,new zealand"
dgtec,DG70UHDW-22795,176.537,70,led,397,available,6.0,"australia,fiji,new zealand"
dgtec,DG70UHDW-*****,176.537,70,led,397,available,6.0,"australia,fiji,new zealand"
dgtec,DG70UHDW-22658,176.537,70,led,397,available,6.0,"australia,fiji,new zealand"
lg,43UA841C0SA,107.987,43,led,258,available,4.0,"australia,new zealand"
lg,50UA841C0SA,125.727,50,led,305,available,4.5,"australia,new zealand"
lg,55UA841C0SA,138.783,55,led,338,available,5.0,"australia,new zealand"
lg,65UA841C0SA,163.897,65,led,433,available,5.0,"australia,new zealand"
lg,43UK767H0LB,107.987,43,led,229,available,4.5,"australia,new zealand"
bauhn,ATV75UHDW-0925,189.34,75,lcd,485,available,6.0,australia
lg,50UK767H0LB,125.727,50,led,200,available,6.0,"australia,new zealand"
lg,55UK767H0LB,138.783,55,led,203,available,7.0,"australia,new zealand"
lg,65UK767H0LB,163.897,65,led,254,available,7.0,"australia,new zealand"
blaupunkt,BP550USG60100,138.798,55,lcd,530,available,3.0,"australia,fiji,new zealand"
blaupunkt,BP650USG60100,163.965,65,lcd,640,available,3.5,"australia,fiji,new zealand"
kogan,KALED43U95TA,107.987,43,led,258,available,4.0,"australia,fiji,new zealand"
kogan,KALED43U95TB,107.987,43,led,258,available,4.0,"australia,fiji,new zealand"
kogan,KALED43U95TC,107.987,43,led,258,available,4.0,"australia,fiji,new zealand"
kogan,KALED43U95TD,107.987,43,led,258,available,4.0,"australia,fiji,new zealand"
kogan,KALED43U95TE,107.987,43,led,258,available,4.0,"australia,fiji,new zealand"
kogan,KALED43U95T*,107.987,43,led,258,available,4.0,"australia,fiji,new zealand"
jvc,LT-32NQ3165A,80.054,32,led,110,available,5.5,"australia,fiji,new zealand"
kogan,KAL24DH5400VA,59.827,24,led,94,available,4.5,"australia,fiji,new zealand"
kogan,KAL24DH5400VB,59.827,24,led,94,available,4.5,"australia,fiji,new zealand"
kogan,KAL24DH5400VC,59.827,24,led,94,available,4.5,"australia,fiji,new zealand"
kogan,"KAL24DH5400VA,KAL24DH5400VB,KAL24DH5400VC",59.827,24,led,94,available,4.5,"australia,fiji,new zealand"
dgtec,DG55UHDW-22858,138.401,55,lcd,270,available,6.0,australia
linsar,LS70UHDNF23,176.537,70,led,397,available,6.0,australia
aiwa,AWCD32DW,80.039,32,led,125,available,5.0,australia
kogan,KALED50U95TA,125.731,50,led,349,available,4.0,"australia,fiji,new zealand"
kogan,KALED50U95TB,125.731,50,led,349,available,4.0,"australia,fiji,new zealand"
kogan,KALED50U95TC,125.731,50,led,349,available,4.0,"australia,fiji,new zealand"
kogan,KALED50U95TD,125.731,50,led,349,available,4.0,"australia,fiji,new zealand"
kogan,KALED50U95TE,125.731,50,led,349,available,4.0,"australia,fiji,new zealand"
kogan,KALED50U95T*,125.731,50,led,349,available,4.0,"australia,fiji,new zealand"
kogan,KAQL70T97QA,176.538,70,lcd,538,available,5.0,"australia,fiji,new zealand"
kogan,KAQL70T97QB,176.538,70,lcd,538,available,5.0,"australia,fiji,new zealand"
kogan,KAQL70T97QC,176.538,70,lcd,538,available,5.0,"australia,fiji,new zealand"
kogan,KAQL70T97QD,176.538,70,lcd,538,available,5.0,"australia,fiji,new zealand"
kogan,KAQL70T97Q*,176.538,70,lcd,538,available,5.0,"australia,fiji,new zealand"
digitech,GH5200,60.444,24,lcd,81,available,5.0,"australia,new zealand"
digitech,GH5226,60.444,24,lcd,81,available,5.0,"australia,new zealand"
akai,AK65UHDZEN,163.896,65,led,347,available,6.0,"australia,fiji,new zealand"
digitech,GH5202,79.578,32,lcd,130,available,4.5,"australia,new zealand"
digitech,GH5228,79.578,32,lcd,130,available,4.5,"australia,new zealand"
digitech,GH5204,47.257,19,lcd,56,available,5.5,"australia,new zealand"
digitech,GH5220,47.257,19,lcd,81,available,3.5,"australia,new zealand"
digitech,GH5222,60.406,24,lcd,94,available,4.5,"australia,new zealand"
digitech,GH5230,60.406,24,lcd,94,available,4.5,"australia,new zealand"
digitech,GH5224,79.578,32,lcd,92,available,6.0,"australia,new zealand"
samsung,UA32T5300A,79.967,32,led,116,available,5.5,"australia,fiji,new zealand"
samsung,UA32T5300AW,79.967,32,led,116,available,5.5,"australia,fiji,new zealand"
samsung,UA32T5300AS,79.967,32,led,116,available,5.5,"australia,fiji,new zealand"
lg,75UK767H0LB,189.275,75,led,539,available,5.5,"australia,new zealand"
qbell,QTU70T,176.538,70,led,430,available,6.0,"australia,fiji,new zealand"
telefunken,TL400TQ,100.337,40,led,167,available,5.5,"australia,fiji,new zealand"
eko,K40FST,100.332,40,led,167,available,5.5,"australia,fiji,new zealand"
lg,43PK640S0SB,107.987,43,led,242,available,4.5,"australia,fiji,new zealand"
lg,50PK640S0SB,125.727,50,led,297,available,4.5,"australia,fiji,new zealand"
lg,55PK640S0SB,138.783,55,led,334,available,5.0,"australia,fiji,new zealand"
lg,65PK640S0SB,163.897,65,led,422,available,5.0,"australia,fiji,new zealand"
lg,75PK640S0SA,189.275,75,led,501,available,5.5,"australia,fiji,new zealand"
lg,86PK640S0SA,217.425,86,led,567,available,6.0,"australia,fiji,new zealand"
lg,75UA841C0SA,189.275,75,led,502,available,5.5,"australia,fiji,new zealand"
lg,86UA841C0SA,217.425,86,led,568,available,6.0,"australia,fiji,new zealand"
kogan,KAQL75MQ8ZTA,189.34,75,led,751,available,4.0,"australia,fiji,new zealand"
kogan,KAQL75MQ8ZTB,189.34,75,led,751,available,4.0,"australia,fiji,new zealand"
kogan,KAQL75MQ8ZTC,189.34,75,led,751,available,4.0,"australia,fiji,new zealand"
kogan,KAQL75MQ8ZTD,189.34,75,led,751,available,4.0,"australia,fiji,new zealand"
kogan,KAQL75MQ8ZTE,189.34,75,led,751,available,4.0,"australia,fiji,new zealand"
kogan,KAQL75MQ8ZT*,189.34,75,led,751,available,4.0,"australia,fiji,new zealand"
kogan,KAL24R98TA,59.824,24,led,83,available,5.0,"australia,fiji,new zealand"
kogan,KAL24R98TB,59.824,24,led,83,available,5.0,"australia,fiji,new zealand"
kogan,KAL24R98TC,59.824,24,led,83,available,5.0,"australia,fiji,new zealand"
kogan,KAL24R98TD,59.824,24,led,83,available,5.0,"australia,fiji,new zealand"
kogan,KAL24R98TE,59.824,24,led,83,available,5.0,"australia,fiji,new zealand"
loewe,Stellar 55 DR+ OLED,138.711,55,oled,258,available,6.0,australia
loewe,Stella 65 DR+,163.965,65,oled,313,available,6.0,australia
loewe,Inspire 48 OLED,120.664,48,oled,225,available,5.5,australia
loewe,We SEE 48 OLED,120.664,48,oled,225,available,5.5,australia
loewe,Inspire 55 OLED,138.711,55,oled,281,available,5.5,australia
loewe,We SEE 55 OLED,138.711,55,oled,281,available,5.5,australia
loewe,LOEWE 55 OLED,138.711,55,oled,281,available,5.5,australia
loewe,Inspire 65 OLED,163.965,65,oled,360,available,6.0,australia
loewe,We SEE 65 OLED,163.965,65,oled,360,available,6.0,australia
loewe,LOEWE 65 OLED,163.965,65,oled,360,available,6.0,australia
loewe,Stellar 42 DR+ OLED,105.531,42,oled,192,available,5.0,australia
loewe,Stellar 48 DR+ OLED,120.713,48,oled,214,available,5.5,australia
samsung,QA98Q7FAAW,247.688,98,led,1073,available,4.5,"australia,fiji,new zealand"
samsung,QA98Q7FAAS,247.688,98,led,1073,available,4.5,"australia,fiji,new zealand"
samsung,QA98Q7FAA*,247.688,98,led,1073,available,4.5,"australia,fiji,new zealand"
bauhn,ATV40FHDW-1125,100.607,40,lcd,150,available,6.0,"australia,fiji,new zealand"
telefunken,TL320TQ,80.131,32,led,145,available,4.5,"australia,fiji,new zealand"
loewe,LOEWE,120.664,48,oled,225,available,5.5,australia
jvc,LT-55NQ7165A,140.494,56,led,247,available,6.0,"australia,fiji,new zealand"
kogan,KAQL55MQ8ZTA,138.651,55,led,513,available,3.0,"australia,fiji,new zealand"
kogan,KAQL55MQ8ZTB,138.651,55,led,513,available,3.0,"australia,fiji,new zealand"
kogan,KAQL55MQ8ZTC,138.651,55,led,513,available,3.0,"australia,fiji,new zealand"
kogan,KAQL55MQ8ZTD,138.651,55,led,513,available,3.0,"australia,fiji,new zealand"
kogan,KAQL55MQ8ZTE,138.651,55,led,513,available,3.0,"australia,fiji,new zealand"
kogan,KAQL55MQ8ZT*,138.651,55,led,513,available,3.0,"australia,fiji,new zealand"
kogan,KAQL65MQ8ZTA,163.896,65,led,462,available,5.0,"australia,fiji,new zealand"
kogan,KAQL65MQ8ZTB,163.896,65,led,462,available,5.0,"australia,fiji,new zealand"
kogan,KAQL65MQ8ZTC,163.896,65,led,462,available,5.0,"australia,fiji,new zealand"
kogan,KAQL65MQ8ZTD,163.896,65,led,462,available,5.0,"australia,fiji,new zealand"
kogan,KAQL65MQ8ZTE,163.896,65,led,462,available,5.0,"australia,fiji,new zealand"
kogan,KAQL65MQ8ZT*,163.896,65,led,462,available,5.0,"australia,fiji,new zealand"
coocaa,85G6500H,214.734,85,led,555,available,6.0,"australia,fiji,new zealand"
coocaa,65G6500H,163.897,65,led,330,available,6.0,"australia,fiji,new zealand"
kogan,KAL24R98T*,59.824,24,led,83,available,5.0,"australia,fiji,new zealand"
lg,86UA841CPSA,217.425,86,led,568,available,6.0,"australia,fiji,new zealand"
lg,75UA841CPSA,189.275,75,led,502,available,5.5,"australia,fiji,new zealand"
qbell,QTU55T,138.783,55,lcd,302,available,5.5,"australia,fiji,new zealand"
eko,K55USTW,138.783,55,lcd,302,available,5.5,"australia,fiji,new zealand"
bauhn,ATV65UHDW-1125,163.896,65,lcd,357,available,6.0,australia
bauhn,ATV70UHDT-0126,176.563,70,lcd,405,available,6.0,"australia,fiji,new zealand"
sylvox,OQ65A3KOHJ,163.896,65,lcd,400,available,5.5,"australia,fiji,new zealand"
sylvox,OQ75A3KOHJ,189.34,75,lcd,510,available,5.5,"australia,fiji,new zealand"
samsung,HG24F800FAW,60.446,24,led,80,available,5.0,"australia,fiji,new zealand"
kogan,KAQL65MQXTA,163.896,65,led,810,available,2.5,"australia,fiji,new zealand"
kogan,KAQL75MQXTA,189.34,75,led,950,available,3.0,"australia,fiji,new zealand"
kogan,KAQL85MQXTA,214.783,85,led,1350,available,2.5,"australia,fiji,new zealand"
jvc,AV-AE557155A,139.936,56,oled,302,available,5.5,"australia,fiji,new zealand"
jvc,LT-55NE7155A,139.936,56,oled,302,available,5.5,"australia,fiji,new zealand"
jvc,AV-JE557165A,139.936,56,oled,302,available,5.5,"australia,fiji,new zealand"
jvc,AV-AE557155A series,139.936,56,oled,302,available,5.5,"australia,fiji,new zealand"
linsar,LS65UHDZEN25S,163.896,65,led,347,available,6.0,"australia,fiji,new zealand"
dgtec,DG75UHDW-23351,189.34,75,lcd,485,available,6.0,australia
jvc,LT-65NQ7165A,163.508,65,led,298,available,6.0,"australia,fiji,new zealand"
lg,55UA731C0SB,138.783,55,led,334,available,5.0,"australia,fiji,new zealand"
lg,65UA731C0SB,163.897,65,led,422,available,5.0,"australia,fiji,new zealand"
lg,43UA731C0SB,107.987,43,led,242,available,4.5,"australia,fiji,new zealand"
samsung,MRA115MR95F,290.784,115,led,1697,available,4.0,"australia,fiji,new zealand"
lg,50UA731C0SB,125.727,50,led,297,available,4.5,"australia,fiji,new zealand"
blaupunkt,BP750USG60100,189.306,75,lcd,950,available,3.0,"australia,fiji,new zealand"
kogan,KALED60U95TA,152.661,61,led,404,available,5.0,"australia,fiji,new zealand"
kogan,KALED60U95TB,152.661,61,led,404,available,5.0,"australia,fiji,new zealand"
kogan,KALED60U95TC,152.661,61,led,404,available,5.0,"australia,fiji,new zealand"
kogan,KALED60U95TD,152.661,61,led,404,available,5.0,"australia,fiji,new zealand"
kogan,KALED60U95TE,152.661,61,led,404,available,5.0,"australia,fiji,new zealand"
kogan,KALED60U95T*,152.661,61,led,404,available,5.0,"australia,fiji,new zealand"
blaupunkt,BP400FTS,100.337,40,lcd,167,available,5.5,"australia,fiji,new zealand"
samsung,QA65Q6FAAW,163.897,65,led,405,available,5.5,"australia,fiji,new zealand"
samsung,QA65Q6FAAS,163.897,65,led,405,available,5.5,"australia,fiji,new zealand"
samsung,QA65Q6FAA*,163.897,65,led,405,available,5.5,"australia,fiji,new zealand"
samsung,QA85Q6FAAW,214.783,85,led,536,available,6.0,"australia,fiji,new zealand"
samsung,QA85Q6FAAS,214.783,85,led,536,available,6.0,"australia,fiji,new zealand"
samsung,QA85Q6FAA*,214.783,85,led,536,available,6.0,"australia,fiji,new zealand"
samsung,QA75Q6FAAS,189.338,75,led,492,available,5.5,"australia,fiji,new zealand"
samsung,QA75Q6FAA*,189.338,75,led,492,available,5.5,"australia,fiji,new zealand"
samsung,QA75Q6FAAW,189.338,75,led,492,available,5.5,"australia,fiji,new zealand"
aiwa,AWS430QWE,107.95,43,led,163,available,6.0,"australia,fiji,new zealand"
fpd,OG32-P1,80.039,32,led,130,available,5.0,australia
fpd,OG32-P2,80.039,32,led,130,available,5.0,australia
fpd,****32**********,80.039,32,led,130,available,5.0,australia
jvc,LT-40NQ5155A,100.305,40,led,151,available,6.0,"australia,fiji,new zealand"
jvc,LT-40NQ5165A,100.305,40,led,151,available,6.0,"australia,fiji,new zealand"
jvc,LT-40*******,100.305,40,led,151,available,6.0,"australia,fiji,new zealand"
teco,LED24JFRDHU,60.47,24,led,70,available,5.5,"australia,fiji,new zealand"
teco,LED19JHRHU,47.013,19,led,75,available,4.0,"australia,fiji,new zealand"
qbell,QTU50T,125.731,50,led,255,available,5.5,"australia,fiji,new zealand"
bauhn,ATV49FHDT-0126,125.774,50,lcd,195,available,6.0,australia
eko,K65USTW,163.896,65,lcd,372,available,6.0,"australia,fiji,new zealand"
blaupunkt,BP24TIZDVD,60.47,24,led,96,available,4.5,"australia,fiji,new zealand"
blaupunkt,BP32TIZDVD,80.039,32,led,129,available,5.0,"australia,fiji,new zealand"
blaupunkt,BP40TIZDVD,100.332,40,led,132,available,6.0,"australia,fiji,new zealand"
jvc,AV-BQ557165A,138.798,55,led,247,available,6.0,"australia,fiji,new zealand"
eko,K70USTW,177.828,71,led,430,available,6.0,"australia,fiji,new zealand"
dgtec,DG70UHDW-23353,176.537,70,led,397,available,6.0,australia
eko,K320HGT12V,80.054,32,led,130,available,5.0,"australia,fiji,new zealand"
eko,K650UGT2,163.829,65,lcd,580,available,4.0,"australia,fiji,new zealand"
eko,K650UGT**,163.829,65,lcd,580,available,4.0,"australia,fiji,new zealand"
eko,K650UGT2Q,163.829,65,lcd,580,available,4.0,"australia,fiji,new zealand"
blaupunkt,COBP550UTS,138.783,55,lcd,302,available,5.5,"australia,fiji,new zealand"
altius,AT24HDNFB,59.827,24,led,59,available,6.0,australia
eko,K75USTW,189.34,75,led,392,available,7.0,"australia,fiji,new zealand"
akai,AK50UHDZEN,125.725,50,led,220,available,6.0,australia
eko,K750UATW,189.306,75,lcd,758,available,4.0,"australia,fiji,new zealand"
aiwa,AWS500WN,125.731,50,led,218,available,6.0,australia
aiwa,AWS55DW,138.783,55,led,332,available,5.0,australia
aiwa,AWS650QWG,163.896,65,led,340,available,6.0,australia
blaupunkt,BP320HSG98,80.054,32,lcd,160,available,4.0,"australia,fiji,new zealand"
blaupunkt,BP320FSG98,80.054,32,lcd,160,available,4.0,"australia,fiji,new zealand"
blaupunkt,BP320FSG9800,80.054,32,lcd,160,available,4.0,"australia,fiji,new zealand"
aiwa,AWS550QWE,138.015,55,led,247,available,6.0,"australia,fiji,new zealand"
aiwa,AWS550QW,138.015,55,led,247,available,6.0,"australia,fiji,new zealand"
aiwa,AWS550QWE，AWS550QW,138.015,55,led,247,available,6.0,"australia,fiji,new zealand"
jvc,AV-BQ557165AE,138.015,55,led,247,available,6.0,"australia,fiji,new zealand"
jvc,AV-BQ557165A,138.015,55,led,247,available,6.0,"australia,fiji,new zealand"
eko,K320HGT,79.831,32,lcd,130,available,5.0,"australia,fiji,new zealand"
eko,K320FGTQ,79.831,32,lcd,130,available,5.0,"australia,fiji,new zealand"
eko,K320****,79.831,32,lcd,130,available,5.0,"australia,fiji,new zealand"
eko,K320HGTLB,79.831,32,lcd,130,available,5.0,"australia,fiji,new zealand"
eko,K320HGTLW,79.831,32,lcd,130,available,5.0,"australia,fiji,new zealand"
jvc,"AV-BQ557165AE, AV-BQ557165A",138.015,55,led,247,available,6.0,"australia,fiji,new zealand"
spark electronics,55SPA-Outdoor-TV,138.783,55,led,421,available,4.0,"australia,fiji,new zealand"
spark electronics,65SPA-Outdoor-TV,138.783,55,led,421,available,4.0,"australia,fiji,new zealand"
spark electronics,75SPA-Outdoor-TV,138.783,55,led,421,available,4.0,"australia,fiji,new zealand"
spark electronics,55ALF-Outdoor-TV,138.783,55,led,421,available,4.0,"australia,fiji,new zealand"
spark electronics,65ALF-Outdoor-TV,138.783,55,led,421,available,4.0,"australia,fiji,new zealand"
spark electronics,75ALFOutdoor-TV,138.783,55,led,421,available,4.0,"australia,fiji,new zealand"
spark electronics,Outdoor TV,138.783,55,led,421,available,4.0,"australia,fiji,new zealand"
spark electronics,"65"" Patio Pro",164.129,65,lcd,582,available,4.0,"australia,fiji,new zealand"
spark electronics,"65"" Patio",164.129,65,lcd,582,available,4.0,"australia,fiji,new zealand"
spark electronics,"65"" Pavilion 2 Pro",164.129,65,lcd,582,available,4.0,"australia,fiji,new zealand"
spark electronics,"65"" Pavilion 2",164.129,65,lcd,582,available,4.0,"australia,fiji,new zealand"
spark electronics,Outdoor TV,164.129,65,lcd,582,available,4.0,"australia,fiji,new zealand"
spark electronics,"55"" Patio Pro",139.022,55,lcd,471,available,3.5,"australia,fiji,new zealand"
spark electronics,"55"" Patio",139.022,55,lcd,471,available,3.5,"australia,fiji,new zealand"
spark electronics,"55"" Pavilion 2",139.022,55,lcd,471,available,3.5,"australia,fiji,new zealand"
spark electronics,"55"" Pavilion 2 Pro",139.022,55,lcd,471,available,3.5,"australia,fiji,new zealand"
spark electronics,Outdoor TV,139.022,55,lcd,471,available,3.5,"australia,fiji,new zealand"
aiwa,AWC240WZ,59.774,24,led,105,available,4.0,"australia,fiji,new zealand"
aiwa,AWC24DW,59.774,24,led,105,available,4.0,"australia,fiji,new zealand"
aiwa,AWC240WZ，AWC24DW,59.774,24,led,105,available,4.0,"australia,fiji,new zealand"
spark electronics,"75"" Patio",189.17,75,lcd,930,available,3.0,"australia,fiji,new zealand"
spark electronics,"75"" Patio Pro",189.17,75,lcd,930,available,3.0,"australia,fiji,new zealand"
spark electronics,"75"" Pavilion 2",189.17,75,lcd,930,available,3.0,"australia,fiji,new zealand"
spark electronics,"75"" Pavilion 2 Pro",189.17,75,lcd,930,available,3.0,"australia,fiji,new zealand"
spark electronics,Outdoor TV,189.17,75,lcd,930,available,3.0,"australia,fiji,new zealand"
spark electronics,"86"" Patio",217.474,86,lcd,1771,available,1.0,"australia,fiji,new zealand"
spark electronics,"86"" Patio Pro",217.474,86,lcd,1771,available,1.0,"australia,fiji,new zealand"
spark electronics,"86"" Pavilion 2",217.474,86,lcd,1771,available,1.0,"australia,fiji,new zealand"
spark electronics,"86"" Pavilion 2 Pro",217.474,86,lcd,1771,available,1.0,"australia,fiji,new zealand"
spark electronics,Outdoor TV,217.474,86,lcd,1771,available,1.0,"australia,fiji,new zealand"
spark electronics,"65"" Lumin",163.644,65,lcd,890,available,2.0,"australia,fiji,new zealand"
spark electronics,"75"" Lumin",189.132,75,lcd,1255,available,1.5,"australia,fiji,new zealand"
kogan,KAQL100MQXTA,252.784,100,led,1050,available,5.0,"australia,fiji,new zealand"
kogan,KAQL100MQXTB,252.784,100,led,1050,available,5.0,"australia,fiji,new zealand"
kogan,KAQL100MQXTC,252.784,100,led,1050,available,5.0,"australia,fiji,new zealand"
kogan,KAQL100MQXTD,252.784,100,led,1050,available,5.0,"australia,fiji,new zealand"
kogan,KAQL100MQXT*,252.784,100,led,1050,available,5.0,"australia,fiji,new zealand"
lg,55QNED86BSA,138.783,55,led,302,available,5.5,"australia,new zealand"
lg,55QNED87B6A,138.783,55,led,302,available,5.5,"australia,new zealand"
lg,65QNED86BSA,163.897,65,led,368,available,6.0,"australia,new zealand"
lg,65QNED87B6A,163.897,65,led,368,available,6.0,"australia,new zealand"
lg,75QNED86BSA,189.275,75,led,386,available,7.0,"australia,new zealand"
lg,75QNED87B6A,189.275,75,led,386,available,7.0,"australia,new zealand"
lg,86QNED86BSA,217.443,86,led,543,available,6.0,"australia,new zealand"
lg,86QNED87B6A,217.443,86,led,543,available,6.0,"australia,new zealand"
philips,55HFL4025/97,138.783,55,led,270,available,6.0,"australia,fiji,new zealand"
philips,55HFL7025/97,138.783,55,led,297,available,5.5,"australia,fiji,new zealand"
philips,50HFL4025/97,125.736,50,led,210,available,6.0,"australia,fiji,new zealand"
philips,50HFL7025/97,125.727,50,led,230,available,5.5,"australia,fiji,new zealand"
philips,65HFL7025/97,163.897,65,led,337,available,6.0,"australia,fiji,new zealand"
aiwa,AWS500QW,125.725,50,led,210,available,6.0,"australia,fiji,new zealand"
aiwa,AWS500QWE,125.725,50,led,210,available,6.0,"australia,fiji,new zealand"
aiwa,AWS500QW，AWS500QWE,125.725,50,led,210,available,6.0,"australia,fiji,new zealand"
philips,32HFL4025/97,80.133,32,led,117,available,5.5,"australia,fiji,new zealand"
philips,24HFL4025/97,59.827,24,led,90,available,4.5,"australia,fiji,new zealand"
philips,43HFL4025/97,107.956,43,led,192,available,5.5,"australia,fiji,new zealand"
philips,43HFL7025/97,107.987,43,led,183,available,5.5,"australia,fiji,new zealand"
lg,OLED65B6PSA,163.896,65,oled,389,available,5.5,"australia,new zealand"
lg,OLED65B66LA,163.896,65,oled,389,available,5.5,"australia,new zealand"
chiq,L24D6CG,59.824,24,led,82,available,5.0,"australia,fiji,new zealand"
lg,43NU850B6LA,107.987,43,led,229,available,4.5,"australia,new zealand"
lg,43NU855BPSA,107.987,43,led,229,available,4.5,"australia,new zealand"
lg,55NU850B6LA,138.783,55,led,295,available,5.5,"australia,new zealand"
lg,55NU855BPSA,138.783,55,led,295,available,5.5,"australia,new zealand"
lg,65MRGB86B6A,163.897,65,led,386,available,5.5,"australia,new zealand"
lg,65MRGB86BSA,163.897,65,led,386,available,5.5,"australia,new zealand"
lg,43QNED80B6B,107.987,43,led,232,available,4.5,"australia,new zealand"
lg,43QNED80BSA,107.987,43,led,232,available,4.5,"australia,new zealand"
lg,50NU850B6LA,125.727,50,led,280,available,5.0,"australia,new zealand"
lg,50NU855BPSA,125.727,50,led,280,available,5.0,"australia,new zealand"
lg,65NU850B6LA,163.897,65,led,368,available,6.0,"australia,new zealand"
lg,65NU855BPSA,163.897,65,led,368,available,6.0,"australia,new zealand"
lg,65QNED80B6B,163.897,65,led,514,available,4.5,"australia,new zealand"
lg,65QNED80BSA,163.897,65,led,514,available,4.5,"australia,new zealand"
lg,75MRGB86B6A,189.275,75,led,389,available,7.0,"australia,new zealand"
lg,75MRGB86BSA,189.275,75,led,389,available,7.0,"australia,new zealand"
lg,75QNED70B6A,189.275,75,led,484,available,6.0,"australia,new zealand"
lg,75QNED70BSA,189.275,75,led,484,available,6.0,"australia,new zealand"
sylvox,OT43A7K5GD,107.987,43,lcd,200,available,5.0,"australia,fiji,new zealand"
sylvox,OT43A7K5GF,107.987,43,lcd,205,available,5.0,"australia,fiji,new zealand"
sylvox,OQ43A7K5GF,107.987,43,lcd,205,available,5.0,"australia,fiji,new zealand"
sylvox,OT43A2KEGE,107.987,43,lcd,205,available,5.0,"australia,fiji,new zealand"
sylvox,OQ43A2KEGE,107.987,43,lcd,205,available,5.0,"australia,fiji,new zealand"
sylvox,OQ43A2KOGF,107.987,43,lcd,205,available,5.0,"australia,fiji,new zealand"
sylvox,OT43A2KOGF,107.987,43,lcd,205,available,5.0,"australia,fiji,new zealand"
sylvox,OT43B2K5GF,107.987,43,lcd,205,available,5.0,"australia,fiji,new zealand"
sylvox,OT43A2K3GF,107.987,43,lcd,205,available,5.0,"australia,fiji,new zealand"
sylvox,OQ43A2K3GF,107.987,43,lcd,205,available,5.0,"australia,fiji,new zealand"
sylvox,O*43****GF,107.987,43,lcd,205,available,5.0,"australia,fiji,new zealand"
lg,85QNED80B6A,214.783,85,led,776,available,5.0,"australia,new zealand"
lg,85QNED80BSA,214.783,85,led,776,available,5.0,"australia,new zealand"
lg,OLED65C6PSA,163.896,65,oled,400,available,5.5,"australia,new zealand"
lg,OLED65C66LA,163.896,65,oled,400,available,5.5,"australia,new zealand"
sylvox,OQ43A7K5GD,107.987,43,lcd,200,available,5.0,"australia,fiji,new zealand"
sylvox,OQ43A2KEGC,107.987,43,lcd,200,available,5.0,"australia,fiji,new zealand"
sylvox,OT43A2KOGD,107.987,43,lcd,200,available,5.0,"australia,fiji,new zealand"
sylvox,OQ43A2KOGD,107.987,43,lcd,200,available,5.0,"australia,fiji,new zealand"
sylvox,OT43B3K5GD,107.987,43,lcd,200,available,5.0,"australia,fiji,new zealand"
sylvox,OQ43B3K5GD,107.987,43,lcd,200,available,5.0,"australia,fiji,new zealand"
sylvox,OT43BЗKЗGD,107.987,43,lcd,200,available,5.0,"australia,fiji,new zealand"
sylvox,OQ43BЗKЗGD,107.987,43,lcd,200,available,5.0,"australia,fiji,new zealand"
sylvox,OT43A2K3GD,107.987,43,lcd,200,available,5.0,"australia,fiji,new zealand"
sylvox,O*43**K***,107.987,43,lcd,200,available,5.0,"australia,fiji,new zealand"
sylvox,OQ55A3K8HG,138.783,55,lcd,245,available,6.0,"australia,fiji,new zealand"
sylvox,OT55A7K5GF,138.783,55,lcd,265,available,6.0,"australia,fiji,new zealand"
sylvox,OQ55A7K5GF,138.783,55,lcd,265,available,6.0,"australia,fiji,new zealand"
sylvox,OT55A2KEGE,138.783,55,lcd,265,available,6.0,"australia,fiji,new zealand"
sylvox,OQ55A2KEGE,138.783,55,lcd,265,available,6.0,"australia,fiji,new zealand"
sylvox,OQ55A2KOGF,138.783,55,lcd,265,available,6.0,"australia,fiji,new zealand"
sylvox,OT55A2KOGF,138.783,55,lcd,265,available,6.0,"australia,fiji,new zealand"
sylvox,OT55B2K5GF,138.783,55,lcd,265,available,6.0,"australia,fiji,new zealand"
sylvox,OT55A2K3GF,138.783,55,lcd,265,available,6.0,"australia,fiji,new zealand"
sylvox,OQ55A2K3GF,138.783,55,lcd,265,available,6.0,"australia,fiji,new zealand"
sylvox,O*55**K*G*,138.783,55,lcd,265,available,6.0,"australia,fiji,new zealand"
sylvox,OT55A7K5GD,138.783,55,lcd,255,available,6.0,"australia,fiji,new zealand"
sylvox,O*55**K*G*,138.783,55,lcd,255,available,6.0,"australia,fiji,new zealand"
sylvox,OQ55A7K5GD,138.783,55,lcd,255,available,6.0,"australia,fiji,new zealand"
sylvox,OQ55A2KEGC,138.783,55,lcd,255,available,6.0,"australia,fiji,new zealand"
sylvox,OT55A2KOGD,138.783,55,lcd,255,available,6.0,"australia,fiji,new zealand"
sylvox,OQ55A2KOGD,138.783,55,lcd,255,available,6.0,"australia,fiji,new zealand"
sylvox,OT55B3K5GD,138.783,55,lcd,255,available,6.0,"australia,fiji,new zealand"
sylvox,OQ55B3K5GD,138.783,55,lcd,255,available,6.0,"australia,fiji,new zealand"
sylvox,OT55BЗKЗGD,138.783,55,lcd,255,available,6.0,"australia,fiji,new zealand"
sylvox,OQ55BЗKЗGD,138.783,55,lcd,255,available,6.0,"australia,fiji,new zealand"
sylvox,OT55A2K3GD,138.783,55,lcd,255,available,6.0,"australia,fiji,new zealand"
sylvox,OQ65A3K8HG,163.896,65,lcd,350,available,6.0,"australia,fiji,new zealand"
sylvox,OT65A7K5GF,163.896,65,lcd,340,available,6.0,"australia,fiji,new zealand"
sylvox,OQ65A7K5GF,163.896,65,lcd,340,available,6.0,"australia,fiji,new zealand"
sylvox,OT65A2KEGE,163.896,65,lcd,340,available,6.0,"australia,fiji,new zealand"
sylvox,OQ65A2KEGE,163.896,65,lcd,340,available,6.0,"australia,fiji,new zealand"
sylvox,OQ65A2KOGF,163.896,65,lcd,340,available,6.0,"australia,fiji,new zealand"
sylvox,OT65A2KOGF,163.896,65,lcd,340,available,6.0,"australia,fiji,new zealand"
sylvox,OT65B2K5GF,163.896,65,lcd,340,available,6.0,"australia,fiji,new zealand"
sylvox,OT65A2K3GF,163.896,65,lcd,340,available,6.0,"australia,fiji,new zealand"
sylvox,OQ65A2K3GF,163.896,65,lcd,340,available,6.0,"australia,fiji,new zealand"
sylvox,O*65**K*G*,163.896,65,lcd,340,available,6.0,"australia,fiji,new zealand"
sylvox,OT65A7K5GD,163.896,65,lcd,340,available,6.0,"australia,fiji,new zealand"
sylvox,OQ65A7K5GD,163.896,65,lcd,340,available,6.0,"australia,fiji,new zealand"
sylvox,O*65**K*G*,163.896,65,lcd,340,available,6.0,"australia,fiji,new zealand"
sylvox,OQ65A2KEGC,163.896,65,lcd,340,available,6.0,"australia,fiji,new zealand"
sylvox,OT65A2KOGD,163.896,65,lcd,340,available,6.0,"australia,fiji,new zealand"
sylvox,OQ65A2KOGD,163.896,65,lcd,340,available,6.0,"australia,fiji,new zealand"
sylvox,OT65B3K5GD,163.896,65,lcd,340,available,6.0,"australia,fiji,new zealand"
sylvox,OQ65B3K5GD,163.896,65,lcd,340,available,6.0,"australia,fiji,new zealand"
sylvox,OT65BЗKЗGD,163.896,65,lcd,340,available,6.0,"australia,fiji,new zealand"
sylvox,OQ65BЗKЗGD,163.896,65,lcd,340,available,6.0,"australia,fiji,new zealand"
sylvox,OT65A2K3GD,163.896,65,lcd,340,available,6.0,"australia,fiji,new zealand"
sylvox,OQ75A3K8HG,189.34,75,lcd,385,available,7.0,"australia,fiji,new zealand"
sylvox,OT75A7K5GF,189.34,75,lcd,460,available,6.0,"australia,fiji,new zealand"
sylvox,OQ75A7K5GF,189.34,75,lcd,460,available,6.0,"australia,fiji,new zealand"
sylvox,OT75A2KEGE,189.34,75,lcd,460,available,6.0,"australia,fiji,new zealand"
sylvox,OQ75A2KEGE,189.34,75,lcd,460,available,6.0,"australia,fiji,new zealand"
sylvox,OQ75A2KOGF,189.34,75,lcd,460,available,6.0,"australia,fiji,new zealand"
sylvox,OT75A2KOGF,189.34,75,lcd,460,available,6.0,"australia,fiji,new zealand"
sylvox,OT75B2K5GF,189.34,75,lcd,460,available,6.0,"australia,fiji,new zealand"
sylvox,OT75A2K3GF,189.34,75,lcd,460,available,6.0,"australia,fiji,new zealand"
sylvox,OQ75A2K3GF,189.34,75,lcd,460,available,6.0,"australia,fiji,new zealand"
sylvox,O75**K*G*,189.34,75,lcd,460,available,6.0,"australia,fiji,new zealand"
sylvox,OT75A7K5GD,189.34,75,lcd,450,available,6.0,"australia,fiji,new zealand"
sylvox,OQ75A7K5GD,189.34,75,lcd,450,available,6.0,"australia,fiji,new zealand"
sylvox,OQ75A2KEGC,189.34,75,lcd,450,available,6.0,"australia,fiji,new zealand"
sylvox,OT75A2KOGD,189.34,75,lcd,450,available,6.0,"australia,fiji,new zealand"
sylvox,OQ75A2KOGD,189.34,75,lcd,450,available,6.0,"australia,fiji,new zealand"
sylvox,OT75B3K5GD,189.34,75,lcd,450,available,6.0,"australia,fiji,new zealand"
sylvox,OQ75B3K5GD,189.34,75,lcd,450,available,6.0,"australia,fiji,new zealand"
sylvox,OT75BЗKЗGD,189.34,75,lcd,450,available,6.0,"australia,fiji,new zealand"
sylvox,OQ75BЗKЗGD,189.34,75,lcd,450,available,6.0,"australia,fiji,new zealand"
sylvox,OT75A2K3GD,189.34,75,lcd,450,available,6.0,"australia,fiji,new zealand"
sylvox,O*75**K*G*,189.34,75,lcd,450,available,6.0,"australia,fiji,new zealand"
hisense,32Q6QAU,80.131,32,led,99,available,6.0,"australia,new zealand"
hisense,32Q6QNZ,80.131,32,led,99,available,6.0,"australia,new zealand"
hisense,32Q6Q,80.131,32,led,99,available,6.0,"australia,new zealand"
aiwa,AV-BO507165A,125.725,50,led,210,available,6.0,"australia,fiji,new zealand"
aiwa,AV-BQ507165AE,125.725,50,led,210,available,6.0,"australia,fiji,new zealand"
aiwa,AV-JQ507165A,125.725,50,led,210,available,6.0,"australia,fiji,new zealand"
aiwa,AWS700WS,176.528,70,led,548,available,4.5,australia
jvc,LT-70NQ7165A,176.539,70,led,550,available,4.5,australia
aiwa,AWS60DG,152.661,61,led,404,available,5.0,australia
eko,K50FST,125.731,50,led,228,available,6.0,"australia,fiji,new zealand"
telefunken,TL500TQZ,125.731,50,led,228,available,6.0,"australia,fiji,new zealand"
telefunken,TL500TQZ1,125.731,50,led,228,available,6.0,"australia,fiji,new zealand"
telefunken,TL500TQZ2,125.731,50,led,228,available,6.0,"australia,fiji,new zealand"
telefunken,TL500TQZ3,125.731,50,led,228,available,6.0,"australia,fiji,new zealand"
teco,LED32BHSRC,80.912,32,led,116,available,5.5,"australia,fiji,new zealand"
lg,50QNED70B6C,125.727,50,led,280,available,5.0,"australia,new zealand"
lg,50QNED70BSA,125.727,50,led,280,available,5.0,"australia,new zealand"
lg,50QNED80B6B,125.727,50,led,295,available,4.5,"australia,new zealand"
lg,50QNED80BSA,125.727,50,led,295,available,4.5,"australia,new zealand"
lg,55MRGB86B6A,138.783,55,led,287,available,5.5,"australia,new zealand"
lg,55MRGB86BSA,138.783,55,led,287,available,5.5,"australia,new zealand"
lg,55QNED70B6C,138.783,55,led,302,available,5.5,"australia,new zealand"
lg,55QNED70BSA,138.783,55,led,302,available,5.5,"australia,new zealand"
lg,55QNED80B6B,138.783,55,led,324,available,5.0,"australia,new zealand"
lg,55QNED80BSA,138.783,55,led,324,available,5.0,"australia,new zealand"
lg,75QNED80B6A,189.275,75,led,608,available,5.0,"australia,new zealand"
lg,75QNED80BSA,189.275,75,led,608,available,5.0,"australia,new zealand"
lg,85QNED70B6A,214.783,85,led,579,available,6.0,"australia,new zealand"
lg,85QNED70BSA,214.783,85,led,579,available,6.0,"australia,new zealand"
philips,24HFL4025/97,59.827,24,led,90,available,4.5,"australia,fiji,new zealand"
lg,43QNED70B6C,107.987,43,led,232,available,4.5,"australia,new zealand"
lg,43QNED70BSA,107.987,43,led,232,available,4.5,"australia,new zealand"
lg,65QNED70B6C,163.897,65,led,368,available,6.0,"australia,new zealand"
lg,65QNED70BSA,163.897,65,led,368,available,6.0,"australia,new zealand"
lg,75NU850B6LA,189.275,75,led,477,available,6.0,"australia,new zealand"
lg,75NU855BPSA,189.275,75,led,477,available,6.0,"australia,new zealand"
lg,85NU850B6LA,214.783,85,led,568,available,6.0,"australia,new zealand"
lg,85NU855BPSA,214.783,85,led,568,available,6.0,"australia,new zealand"
lg,OLED48B6PSA,120.721,48,oled,287,available,4.5,"australia,new zealand"
lg,OLED48C6PSA,120.721,48,oled,222,available,5.5,"australia,new zealand"
lg,OLED48C66LA,120.721,48,oled,222,available,5.5,"australia,new zealand"
lg,OLED55B6PSA,138.783,55,oled,331,available,5.0,"australia,new zealand"
lg,OLED55B66LA,138.783,55,oled,331,available,5.0,"australia,new zealand"
lg,OLED55C6PSA,138.783,55,oled,353,available,4.5,"australia,new zealand"
lg,OLED55C66LA,138.783,55,oled,353,available,4.5,"australia,new zealand"
lg,OLED55G6PSB,138.783,55,oled,338,available,5.0,"australia,new zealand"
lg,OLED65G6PSB,163.897,65,oled,411,available,5.5,"australia,new zealand"
lg,OLED77B6PSA,194.738,77,oled,506,available,6.0,"australia,new zealand"
lg,OLED77B66LA,194.738,77,oled,506,available,6.0,"australia,new zealand"
lg,OLED77G6PSB,194.738,77,oled,514,available,6.0,"australia,new zealand"
blaupunkt,BP24TIZDVD,59.824,24,led,102,available,4.0,"australia,fiji,new zealand"
bauhn,ATV24HDTB-0226,59.809,24,lcd,68,available,6.0,australia
lg,86MRGB86B6A,217.443,86,led,535,available,6.0,"australia,new zealand"
lg,86MRGB86BSA,217.443,86,led,535,available,6.0,"australia,new zealand"
samsung,UA43M70HAW,107.987,43,led,259,available,4.0,"australia,fiji,new zealand"
samsung,UA43M70HAS,107.987,43,led,259,available,4.0,"australia,fiji,new zealand"
samsung,UA43M70HA*,107.987,43,led,259,available,4.0,"australia,fiji,new zealand"
samsung,UA50M70HAW,125.727,50,led,270,available,5.0,"australia,fiji,new zealand"
samsung,UA50M70HAS,125.727,50,led,270,available,5.0,"australia,fiji,new zealand"
samsung,UA50M70HA*,125.727,50,led,270,available,5.0,"australia,fiji,new zealand"
samsung,UA55M70HAW,138.783,55,led,310,available,5.0,"australia,fiji,new zealand"
samsung,UA55M70HAS,138.783,55,led,310,available,5.0,"australia,fiji,new zealand"
samsung,UA55M70HA*,138.783,55,led,310,available,5.0,"australia,fiji,new zealand"
samsung,UA65M70HAW,163.897,65,led,408,available,5.5,"australia,fiji,new zealand"
samsung,UA65M70HAS,163.897,65,led,408,available,5.5,"australia,fiji,new zealand"
samsung,UA65M70HA*,163.897,65,led,408,available,5.5,"australia,fiji,new zealand"
samsung,UA75M70HAW,189.338,75,led,521,available,5.5,"australia,fiji,new zealand"
samsung,UA75M70HAS,189.338,75,led,521,available,5.5,"australia,fiji,new zealand"
samsung,UA75M70HA*,189.338,75,led,521,available,5.5,"australia,fiji,new zealand"
samsung,UA85M70HAW,214.783,85,led,554,available,6.0,"australia,fiji,new zealand"
samsung,UA85M70HAS,214.783,85,led,554,available,6.0,"australia,fiji,new zealand"
samsung,UA85M70HA*,214.783,85,led,554,available,6.0,"australia,fiji,new zealand"
samsung,UA43U8000HW,107.987,43,led,248,available,4.0,"australia,fiji,new zealand"
samsung,UA43U8000HS,107.987,43,led,248,available,4.0,"australia,fiji,new zealand"
samsung,UA43U8500HW,107.987,43,led,248,available,4.0,"australia,fiji,new zealand"
samsung,UA43U8500HS,107.987,43,led,248,available,4.0,"australia,fiji,new zealand"
samsung,UA43U8*00H*,107.987,43,led,248,available,4.0,"australia,fiji,new zealand"
samsung,UA50U8000HW,125.727,50,led,262,available,5.0,"australia,fiji,new zealand"
samsung,UA50U8000HS,125.727,50,led,262,available,5.0,"australia,fiji,new zealand"
samsung,UA50U8500HW,125.727,50,led,262,available,5.0,"australia,fiji,new zealand"
samsung,UA50U8500HS,125.727,50,led,262,available,5.0,"australia,fiji,new zealand"
samsung,UA50U8*00H*,125.727,50,led,262,available,5.0,"australia,fiji,new zealand"
lg,OLED77C6PSA,194.738,77,oled,462,available,6.0,"australia,new zealand"
lg,OLED77C66LA,194.738,77,oled,462,available,6.0,"australia,new zealand"
lg,OLED83G6PSB,209.585,83,oled,568,available,6.0,"australia,new zealand"
lg,55UA8055PSA,138.783,55,led,338,available,5.0,"australia,new zealand"
lg,65UA8055PSA,163.897,65,led,433,available,5.0,"australia,new zealand"
lg,OLED42C6PSA,105.52,42,oled,203,available,5.0,"australia,new zealand"
lg,OLED42C67LA,105.52,42,oled,203,available,5.0,"australia,new zealand"
lg,OLED83B6PSA,209.585,83,oled,554,available,6.0,"australia,new zealand"
lg,OLED83C6PSA,209.585,83,oled,488,available,6.0,"australia,new zealand"
lg,OLED83C66LA,209.585,83,oled,488,available,6.0,"australia,new zealand"
lg,65MRGB86B6A,163.897,65,led,364,available,6.0,"australia,new zealand"
lg,65MRGB86BSA,163.897,65,led,364,available,6.0,"australia,new zealand"
kogan,KAQL75Q97TA,189.34,75,led,685,available,4.5,"australia,fiji,new zealand"
kogan,KAQL75Q97TB,189.34,75,led,685,available,4.5,"australia,fiji,new zealand"
kogan,KAQL75Q97TC,189.34,75,led,685,available,4.5,"australia,fiji,new zealand"
kogan,KAQL75Q97TD,189.34,75,led,685,available,4.5,"australia,fiji,new zealand"
kogan,KAQL75Q97TE,189.34,75,led,685,available,4.5,"australia,fiji,new zealand"
kogan,KAQL75Q97T*,189.34,75,led,685,available,4.5,"australia,fiji,new zealand"
kogan,KAQL85MQXTB,214.783,85,led,1080,available,3.5,"australia,fiji,new zealand"
kogan,KAQL85MQXTC,214.783,85,led,1080,available,3.5,"australia,fiji,new zealand"
kogan,KAQL85MQXTD,214.783,85,led,1080,available,3.5,"australia,fiji,new zealand"
kogan,KAQL85MQXT*,214.783,85,led,1080,available,3.5,"australia,fiji,new zealand"
kogan,KAQL75MQXTB,189.34,75,led,850,available,3.5,"australia,fiji,new zealand"
kogan,KAQL75MQXTC,189.34,75,led,850,available,3.5,"australia,fiji,new zealand"
kogan,KAQL75MQXTD,189.34,75,led,850,available,3.5,"australia,fiji,new zealand"
kogan,KAQL75MQXT*,189.34,75,led,850,available,3.5,"australia,fiji,new zealand"
kogan,KAQL65MQXTB,163.896,65,led,810,available,2.5,"australia,fiji,new zealand"
kogan,KAQL65MQXTC,163.896,65,led,810,available,2.5,"australia,fiji,new zealand"
kogan,KAQL65MQXTD,163.896,65,led,810,available,2.5,"australia,fiji,new zealand"
kogan,KAQL65MQXT*,163.896,65,led,810,available,2.5,"australia,fiji,new zealand"
kogan,KAQL65MQ9ZTA,163.896,65,led,579,available,4.0,"australia,fiji,new zealand"
kogan,KAQL65MQ9ZTB,163.896,65,led,579,available,4.0,"australia,fiji,new zealand"
kogan,KAQL65MQ9ZTC,163.896,65,led,579,available,4.0,"australia,fiji,new zealand"
kogan,KAQL65MQ9ZTD,163.896,65,led,579,available,4.0,"australia,fiji,new zealand"
kogan,KAQL65MQ9ZTE,163.896,65,led,579,available,4.0,"australia,fiji,new zealand"
kogan,KAQL65MQ9ZT*,163.896,65,led,579,available,4.0,"australia,fiji,new zealand"
kogan,KAQL75MQ9ZTA,189.34,75,led,853,available,3.5,"australia,fiji,new zealand"
kogan,KAQL75MQ9ZTB,189.34,75,led,853,available,3.5,"australia,fiji,new zealand"
kogan,KAQL75MQ9ZTC,189.34,75,led,853,available,3.5,"australia,fiji,new zealand"
kogan,KAQL75MQ9ZTD,189.34,75,led,853,available,3.5,"australia,fiji,new zealand"
kogan,KAQL75MQ9ZTE,189.34,75,led,853,available,3.5,"australia,fiji,new zealand"
kogan,KAQL75MQ9ZT*,189.34,75,led,853,available,3.5,"australia,fiji,new zealand"
kogan,KAQL100MQ9ZTA,252.784,100,led,955,available,5.5,"australia,fiji,new zealand"
kogan,KAQL100MQ9ZTB,252.784,100,led,955,available,5.5,"australia,fiji,new zealand"
kogan,KAQL100MQ9ZTC,252.784,100,led,955,available,5.5,"australia,fiji,new zealand"
kogan,KAQL100MQ9ZTD,252.784,100,led,955,available,5.5,"australia,fiji,new zealand"
kogan,KAQL100MQ9ZTE,252.784,100,led,955,available,5.5,"australia,fiji,new zealand"
kogan,KAQL100MQ9ZT*,252.784,100,led,955,available,5.5,"australia,fiji,new zealand"
telefunken,TL430TQZ,107.953,43,led,215,available,5.0,"australia,fiji,new zealand"
telefunken,TL430TQZ1,107.953,43,led,215,available,5.0,"australia,fiji,new zealand"
telefunken,TL430TQZ2,107.953,43,led,215,available,5.0,"australia,fiji,new zealand"
telefunken,TL430TQZ3,107.953,43,led,215,available,5.0,"australia,fiji,new zealand"
qbell,QTF50T,125.731,50,led,228,available,6.0,"australia,fiji,new zealand"
samsung,UA65U8000HW,163.897,65,led,412,available,5.5,"australia,fiji,new zealand"
samsung,UA65U8000HS,163.897,65,led,412,available,5.5,"australia,fiji,new zealand"
samsung,UA65U8500HW,163.897,65,led,412,available,5.5,"australia,fiji,new zealand"
samsung,UA65U8500HS,163.897,65,led,412,available,5.5,"australia,fiji,new zealand"
samsung,UA65U8*00H*,163.897,65,led,412,available,5.5,"australia,fiji,new zealand"
samsung,UA55U8000HW,138.783,55,led,291,available,5.5,"australia,fiji,new zealand"
samsung,UA55U8000HS,138.783,55,led,291,available,5.5,"australia,fiji,new zealand"
samsung,UA55U8500HW,138.783,55,led,291,available,5.5,"australia,fiji,new zealand"
samsung,UA55U8500HS,138.783,55,led,291,available,5.5,"australia,fiji,new zealand"
samsung,UA55U8*00H*,138.783,55,led,291,available,5.5,"australia,fiji,new zealand"
kogan,KAL50U96VA,125.725,50,led,247,available,5.5,"australia,fiji,new zealand"
kogan,KAL50U96VB,125.725,50,led,247,available,5.5,"australia,fiji,new zealand"
kogan,KAL50U96VC,125.725,50,led,247,available,5.5,"australia,fiji,new zealand"
kogan,"KAL50U96VA, KAL50U96V,KAL50U96VC",125.725,50,led,247,available,5.5,"australia,fiji,new zealand"
kogan,KAL55U96VA,140.494,56,led,335,available,5.0,"australia,fiji,new zealand"
kogan,KAL55U96VB,140.494,56,led,335,available,5.0,"australia,fiji,new zealand"
kogan,KAL55U96VC,140.494,56,led,335,available,5.0,"australia,fiji,new zealand"
kogan,"KAL55U96VA,KAL55U96VB,KAL55U96VC",140.494,56,led,335,available,5.0,"australia,fiji,new zealand"
samsung,QA85QN80HAW,214.783,85,led,817,available,4.5,"australia,fiji,new zealand"
samsung,QA85QN80HAS,214.783,85,led,817,available,4.5,"australia,fiji,new zealand"
samsung,QA85QN80HA*,214.783,85,led,817,available,4.5,"australia,fiji,new zealand"
samsung,QA65S85HAE,163.897,65,led,470,available,4.5,"australia,fiji,new zealand"
samsung,QA55S85HAE,138.783,55,led,368,available,4.5,"australia,fiji,new zealand"
samsung,QA75QN80HAW,189.338,75,led,693,available,4.0,"australia,fiji,new zealand"
samsung,QA75QN80HAS,189.338,75,led,693,available,4.0,"australia,fiji,new zealand"
samsung,QA75QN80HA*,189.338,75,led,693,available,4.0,"australia,fiji,new zealand"
samsung,QA55S90HAW,138.783,55,led,397,available,4.0,"australia,fiji,new zealand"
samsung,QA55S90HAS,138.783,55,led,397,available,4.0,"australia,fiji,new zealand"
samsung,QA55S90HA*,138.783,55,led,397,available,4.0,"australia,fiji,new zealand"
samsung,UA55M80HAW,138.783,55,led,277,available,5.5,"australia,fiji,new zealand"
samsung,UA55M80HAS,138.783,55,led,277,available,5.5,"australia,fiji,new zealand"
samsung,UA55M80HA*,138.783,55,led,277,available,5.5,"australia,fiji,new zealand"
lg,86QNED86BSA,217.443,86,led,503,available,7.0,"australia,new zealand"
lg,86QNED87B6A,217.443,86,led,503,available,7.0,"australia,new zealand"
belgique,CCA-BFHD24TV,60.22,24,lcd,67,available,6.0,"australia,new zealand"
belgique,VK-2401D,60.22,24,lcd,67,available,6.0,"australia,new zealand"
belgique,CCA-BFHD32TV,80.376,32,lcd,131,available,5.0,"australia,new zealand"
belgique,VK-3201D,80.376,32,lcd,131,available,5.0,"australia,new zealand"
belgique,CCA-BFHD40TV,100.286,40,lcd,256,available,3.5,"australia,new zealand"
belgique,VK-4001D,100.286,40,lcd,256,available,3.5,"australia,new zealand"
samsung,UA58U8000HS,146.068,58,led,353,available,5.0,"australia,fiji,new zealand"
samsung,UA70U8000HS,176.537,70,led,470,available,5.5,"australia,fiji,new zealand"
kogan,KAQL55MQ9ZTA,138.783,55,led,426,available,4.0,"australia,fiji,new zealand"
kogan,KAQL55MQ9ZTB,138.783,55,led,426,available,4.0,"australia,fiji,new zealand"
kogan,KAQL55MQ9ZTC,138.783,55,led,426,available,4.0,"australia,fiji,new zealand"
kogan,KAQL55MQ9ZTD,138.783,55,led,426,available,4.0,"australia,fiji,new zealand"
kogan,KAQL55MQ9ZTE,138.783,55,led,426,available,4.0,"australia,fiji,new zealand"
kogan,KAQL55MQ9ZT*,138.783,55,led,426,available,4.0,"australia,fiji,new zealand"
telefunken,TL320TQ1,80.039,32,led,131,available,5.0,"australia,fiji,new zealand"
telefunken,TL320QT,80.039,32,led,131,available,5.0,"australia,fiji,new zealand"
telefunken,TL320QT2,80.039,32,led,131,available,5.0,"australia,fiji,new zealand"
telefunken,TL320QT3,80.039,32,led,131,available,5.0,"australia,fiji,new zealand"
samsung,QA55QN80HAW,138.783,55,led,375,available,4.5,"australia,fiji,new zealand"
samsung,QA55QN80HAS,138.783,55,led,375,available,4.5,"australia,fiji,new zealand"
samsung,QA55QN80HA*,138.783,55,led,375,available,4.5,"australia,fiji,new zealand"
samsung,QA65QN80HAW,163.897,65,led,562,available,4.0,"australia,fiji,new zealand"
samsung,QA65QN80HAS,163.897,65,led,562,available,4.0,"australia,fiji,new zealand"
samsung,QA65QN80HA*,163.897,65,led,562,available,4.0,"australia,fiji,new zealand"
samsung,MRA75R95HAW,189.338,75,led,744,available,4.0,"australia,fiji,new zealand"
samsung,MRA75R95HAS,189.338,75,led,744,available,4.0,"australia,fiji,new zealand"
samsung,MRA75R95HA*,189.338,75,led,744,available,4.0,"australia,fiji,new zealand"
samsung,MRA85R95HAW,214.783,85,led,952,available,4.0,"australia,fiji,new zealand"
samsung,MRA85R95HAS,214.783,85,led,952,available,4.0,"australia,fiji,new zealand"
samsung,MRA85R95HA*,214.783,85,led,952,available,4.0,"australia,fiji,new zealand"
samsung,MRA65R95HAW,163.897,65,led,562,available,4.0,"australia,fiji,new zealand"
samsung,MRA65R95HAS,163.897,65,led,562,available,4.0,"australia,fiji,new zealand"
samsung,MRA65R95HA*,163.897,65,led,562,available,4.0,"australia,fiji,new zealand"
lg,OLED55G66LW,138.783,55,oled,338,available,5.0,"australia,new zealand"
lg,OLED65G66LW,163.897,65,oled,411,available,5.5,"australia,new zealand"
lg,OLED77G66LW,194.738,77,oled,514,available,6.0,"australia,new zealand"
lg,OLED83G66LW,209.585,83,oled,568,available,6.0,"australia,new zealand"
belgique,CCA-BFHD**TV,60.22,24,lcd,67,available,6.0,"australia,new zealand"
chiq,U50QM10,125.731,50,led,276,available,5.0,"australia,fiji,new zealand"
lg,55LX7BPSA,138.783,55,led,313,available,5.0,"australia,fiji,new zealand"
lg,55LX7B6LA,138.783,55,led,313,available,5.0,"australia,fiji,new zealand"
lg,55LX7BPUA,138.783,55,led,313,available,5.0,"australia,fiji,new zealand"
lg,55LX7BKNA,138.783,55,led,313,available,5.0,"australia,fiji,new zealand"
lg,55LX7B###,138.783,55,led,313,available,5.0,"australia,fiji,new zealand"
lg,65LX7BPSA,163.896,65,led,368,available,6.0,"australia,fiji,new zealand"
lg,65LX7B6LA,163.896,65,led,368,available,6.0,"australia,fiji,new zealand"
lg,65LX7BPUA,163.896,65,led,368,available,6.0,"australia,fiji,new zealand"
lg,65LX7BKNA,163.896,65,led,368,available,6.0,"australia,fiji,new zealand"
lg,65LX7B###,163.896,65,led,368,available,6.0,"australia,fiji,new zealand"
belgique,CCA-BFHD**TV,80.376,32,lcd,131,available,5.0,"australia,new zealand"
belgique,CCA-BFHD**TV,100.286,40,lcd,256,available,3.5,"australia,new zealand"
sony,K-55XR70M2,138.798,55,led,392,available,4.0,"australia,new zealand"
skyworth,43Q5600H,107.956,43,led,165,available,6.0,"australia,fiji,new zealand"
kogan,KAL65U96VA,163.851,65,led,506,available,4.5,"australia,fiji,new zealand"
kogan,KAL65U96VB,163.851,65,led,506,available,4.5,"australia,fiji,new zealand"
kogan,KAL65U96VC,163.851,65,led,506,available,4.5,"australia,fiji,new zealand"
kogan,"KAL65U96VA, KAL65U96VB, KAL65U96VC",163.851,65,led,506,available,4.5,"australia,fiji,new zealand"
lg,OLED97G6PSA,245.145,97,oled,835,available,5.5,"australia,new zealand"
lg,OLED97G66LW,245.145,97,oled,835,available,5.5,"australia,new zealand"
kogan,KAL32R98VA,79.967,32,led,152,available,4.0,"australia,fiji,new zealand"
kogan,KAL32R98VB,79.967,32,led,152,available,4.0,"australia,fiji,new zealand"
kogan,KAL32R98VC,79.967,32,led,152,available,4.0,"australia,fiji,new zealand"
kogan,"KAL32R98VA, KAL32R98VB,KAL32R98VC",79.967,32,led,152,available,4.0,"australia,fiji,new zealand"
myvi,UR-LED2406DVD,60.357,24,lcd,84,available,5.0,"australia,new zealand"
myvi,UR-LED3206DVD,80.524,32,lcd,160,available,4.0,"australia,new zealand"
coocaa,65X66CH,163.897,65,led,310,available,6.0,"australia,fiji,new zealand"
samsung,QA42S90HAE,105.52,42,led,244,available,4.0,"australia,fiji,new zealand"
samsung,QA48S85HAE,120.712,48,led,317,available,4.0,"australia,fiji,new zealand"
samsung,QA55S95HAW,138.783,55,led,386,available,4.0,"australia,fiji,new zealand"
samsung,QA55S95HAS,138.783,55,led,386,available,4.0,"australia,fiji,new zealand"
samsung,QA55S95HA*,138.783,55,led,386,available,4.0,"australia,fiji,new zealand"
lg,50NU805BPSC,125.727,50,led,276,available,5.0,"australia,fiji,new zealand"
lg,43NU805BPSC,107.987,43,led,213,available,5.0,"australia,fiji,new zealand"
kogan,KAQL85MQ9TA,214.783,85,led,871,available,4.5,"australia,fiji,new zealand"
kogan,KAQL85MQ9TB,214.783,85,led,871,available,4.5,"australia,fiji,new zealand"
kogan,KAQL85MQ9TC,214.783,85,led,871,available,4.5,"australia,fiji,new zealand"
kogan,KAQL85MQ9TD,214.783,85,led,871,available,4.5,"australia,fiji,new zealand"
kogan,KAQL85MQ9TE,214.783,85,led,871,available,4.5,"australia,fiji,new zealand"
kogan,KAQL85MQ9T*,214.783,85,led,871,available,4.5,"australia,fiji,new zealand"
coocaa,43Q56CH,107.956,43,led,160,available,6.0,"australia,fiji,new zealand"
